timestamp_camera,people_count,timestamp_radar,total_energy,mean_energy,max_energy,active_cells,var_range,var_doppler,var_range_norm,var_doppler_norm,entropy,top1,top2,top3,top4,top5,peak_ratio_12,number_of_range_peaks,distance_between_top2_range_peaks,std_range_sum,std_doppler_sum,width_range,width_doppler,doppler_width_rel,energy_top5_ratio,doppler_pos_frac,time_diff_ms
2025-12-17 12:28:29.115,0,2025-12-17 12:28:29,5611.13675213675,17.534802350427345,1585.3345543345542,129.0,602566.8902378173,230989.963795372,0.0191383088083182,0.0073365419347772,3.0316225287303027,1585.3345543345542,773.990231990232,507.013431013431,380.5409035409035,210.7643467643468,2.048261707716892,0.0,0.0,776.2518214070852,480.614152720633,15.0,19.0,1.0,0.6162108714114234,0.598388517863265,115.0
2025-12-17 12:28:33.897,0,2025-12-17 12:28:34,5587.822954822955,17.461946733821733,804.4358974358975,133.0,576176.7102320569,129978.2845786018,0.0184531462916832,0.0041627998103306,3.304305453718487,804.4358974358975,748.1062271062272,507.8852258852259,498.18070818070817,361.3699633699633,1.0752963526937689,0.0,0.0,759.0630476001693,360.525012417449,15.0,19.0,1.0,0.5225609411009008,0.6904093520992325,103.0
2025-12-17 12:28:35.125,0,2025-12-17 12:28:35,8503.38827838828,26.573088369963376,4966.0,127.0,1990559.1189250385,1816700.576878184,0.0275290395852102,0.0251246102765146,2.0616628362251204,4966.0,993.4029304029308,303.0854700854701,292.18070818070817,197.1965811965812,4.998978609798099,0.0,0.0,1410.87175849722,1347.850354037192,15.0,19.0,1.0,0.7940206266983065,0.842817953053162,125.0
2025-12-17 12:28:36.044,0,2025-12-17 12:28:36,18186.249084249084,56.83202838827839,8665.853479853478,142.0,10155444.006367,6552393.883982206,0.0307052505790494,0.019811334292638,2.121131601506046,8665.853479853478,2827.8192918192926,1854.7008547008545,863.0,608.4029304029309,3.064500445597848,0.0,0.0,3186.76073880155,2559.7644196258,15.0,19.0,1.0,0.8148891224420208,0.8205211198896756,44.0
2025-12-17 12:28:38.033,0,2025-12-17 12:28:38,3000.191697191697,9.375599053724054,625.5409035409035,115.0,95894.21779007702,54857.70154544986,0.0106535515403385,0.0060945212784189,3.3364068131211075,625.5409035409035,522.2222222222222,219.1184371184372,145.96581196581195,116.25885225885236,1.1978442833739047,1.0,0.0,309.66791533847515,234.2172101820228,15.0,19.0,1.0,0.5430007117980477,0.410524439423148,33.0
2025-12-17 12:28:40.862,0,2025-12-17 12:28:41,94204.32600732602,294.3885187728938,26718.603174603173,126.0,103789447.48416544,99187467.22140352,0.0116953037717761,0.0111767389424091,2.808299013268491,26718.603174603173,11883.225885225886,8912.853479853478,8710.0,6294.442002442002,2.248430134431719,2.0,3.0,10187.710610542756,9959.29049789208,15.0,19.0,1.0,0.6636544964746305,0.9580813108772124,138.0
2025-12-17 12:28:41.972,0,2025-12-17 12:28:42,38709.28815628816,120.96652548840048,5999.106227106227,110.0,9826386.564499078,11667314.302398212,0.0065578801468223,0.0077864684366133,3.484007266014856,5999.106227106227,3383.4420024420024,2764.8534798534783,2546.924297924298,2187.7960927960926,1.773077896052184,1.0,0.0,3134.706774883271,3415.745058167868,15.0,19.0,1.0,0.4361258732519273,0.9264545677151702,28.0
2025-12-17 12:28:43.073,0,2025-12-17 12:28:43,20726.105006105005,64.76907814407814,3018.106227106227,158.0,2592986.8257986084,3167861.512829608,0.0060362180825201,0.0073744697645242,3.286411244660059,3018.106227106227,2627.6898656898657,1704.076923076923,1511.924297924298,1246.4420024420024,1.148577793183639,1.0,0.0,1610.2753881863214,1779.8487331314443,15.0,19.0,1.0,0.4877056887080994,0.8790761887705266,73.0
2025-12-17 12:28:45.869,0,2025-12-17 12:28:46,73386.89865689866,229.3340583028083,22216.07692307692,155.0,70797185.13912182,96077749.03066584,0.0131455548389663,0.0178396261970752,2.637340958837937,22216.07692307692,12663.689865689868,4800.948717948718,4193.700854700855,3871.8534798534783,1.754313091894795,1.0,0.0,8414.106318505954,9801.925781736252,15.0,19.0,1.0,0.6506102685234655,0.770888629966745,131.0
2025-12-17 12:28:46.993,0,2025-12-17 12:28:47,19132.986568986573,59.79058302808304,3687.372405372405,156.0,3318672.823136612,5395690.088095106,0.0090656491123395,0.014739456302103,3.1800811906781083,3687.372405372405,2086.0,2053.3833943833943,1896.8534798534783,1363.857142857143,1.7676761291326164,2.0,5.0,1821.7224879592973,2322.862477223976,15.0,19.0,1.0,0.5794948103103758,0.852387785614122,7.0
2025-12-17 12:28:48.112,1,2025-12-17 12:28:48,27903.57509157509,87.19867216117217,7228.853479853478,136.0,15558840.81021528,7450834.174122142,0.0199828550158203,0.009569410784809,3.007855318956421,7228.853479853478,2770.0,2602.7008547008545,1940.8192918192929,1726.076923076923,2.6096943970580755,1.0,0.0,3944.469648788704,2729.62161738988,15.0,19.0,1.0,0.5830238776235482,0.7391484839557976,112.0
2025-12-17 12:28:50.894,1,2025-12-17 12:28:51,26292.730158730155,82.16478174603174,3682.0,131.0,5896219.873497206,4897883.090390185,0.0085290822328248,0.0070849541809781,3.528506261812105,3682.0,1854.7008547008545,1766.924297924298,1653.3833943833945,1476.2466422466423,1.9852258064505428,1.0,0.0,2428.2133088954943,2213.1161493220784,15.0,18.0,0.9473684210526316,0.3968114047597513,0.6226071859489515,106.0
2025-12-17 12:28:52.029,1,2025-12-17 12:28:52,13970.442002442003,43.65763125763127,5879.0,126.0,3749542.851215634,4000243.0838132217,0.0192113563520665,0.0204958573424784,2.5641344859782427,5879.0,1363.857142857143,906.7008547008544,869.4029304029309,553.0769230769231,4.310568765053925,1.0,0.0,1936.373634197604,2000.0607700300563,15.0,19.0,1.0,0.6851635652876261,0.7678676556958358,29.0
2025-12-17 12:28:53.149,1,2025-12-17 12:28:53,5976.41514041514,18.67629731379732,1129.3345543345542,124.0,349457.68261636776,194510.00437109487,0.0097839241690011,0.0054457842180795,3.2465072657623404,1129.3345543345542,783.8571428571429,560.3724053724054,403.013431013431,279.18070818070817,1.4407402734338972,2.0,4.0,591.1494587804067,441.0328835484888,15.0,19.0,1.0,0.5280353134134027,0.708847803044981,149.0
2025-12-17 12:28:55.893,1,2025-12-17 12:28:56,170323.66300366298,532.2614468864468,29967.1684981685,102.0,497027335.8123989,265117999.6637868,0.017132877035998,0.0091388013515294,2.826680663002501,29967.1684981685,27367.582417582416,22163.28205128205,17362.162393162394,16948.196581196582,1.094987786678405,2.0,4.0,22294.10989056076,16282.444523590026,15.0,19.0,1.0,0.6681889640838907,0.0962686640991203,107.0
2025-12-17 12:28:56.952,1,2025-12-17 12:28:57,70538.26251526253,220.43207036019533,17942.431013431014,110.0,68130995.03739199,53677283.24687381,0.0136928930400161,0.0107880018158359,2.980995145318788,17942.431013431014,10064.196581196582,6964.1623931623935,4872.136752136752,4536.598290598291,1.7827981467444634,1.0,0.0,8254.15017051374,7326.478229468358,15.0,18.0,0.9473684210526316,0.6291553470135716,0.3506286917740124,48.0
2025-12-17 12:28:58.049,1,2025-12-17 12:28:58,803942.5372405371,2512.3204288766783,319895.7643467644,104.0,17745943452.85471,12366363552.357666,0.0274567466906851,0.0191333930734116,1.9732697824912413,319895.7643467644,173816.25885225885,77307.99023199023,62803.19658119658,43043.43101343101,1.8404248627780504,1.0,0.0,133213.9011246751,111204.15258594288,15.0,18.0,0.9473684210526316,0.8419341055754136,0.0512940729831651,49.0
2025-12-17 12:28:59.125,1,2025-12-17 12:28:59,12253.748473748474,38.29296398046398,3536.8534798534783,147.0,3878539.015956782,1567226.5920606598,0.0258303470604227,0.0104374370423251,2.752544944953108,3536.8534798534783,2674.7008547008545,1180.8192918192926,811.990231990232,560.2588522588524,1.3223360936368067,0.0,0.0,1969.400674305963,1251.889209179734,15.0,19.0,1.0,0.7152605367572766,0.5505470405008808,125.0
2025-12-17 12:29:01.899,1,2025-12-17 12:29:02,5202.228327228327,16.25696352258852,573.4358974358975,147.0,224173.48107438209,66504.60883397739,0.008283338641194,0.0024573834225699,3.7500703436495737,573.4358974358975,396.67643467643467,379.22222222222223,376.1245421245421,223.46764346764343,1.4456011179544817,1.0,0.0,473.46962001207856,257.88487515551856,15.0,19.0,1.0,0.3746330643977569,0.4737901129528207,101.0
2025-12-17 12:29:03.089,1,2025-12-17 12:29:03,13812.645909645911,43.16451846764348,2303.0,116.0,3332706.313932464,797033.1754246706,0.0174680041667705,0.0041775594720629,3.3899947703688014,2303.0,1651.3577533577534,1518.2222222222222,661.869352869353,566.6764346764347,1.3946099779504768,1.0,0.0,1825.570133939659,892.7671451306161,15.0,19.0,1.0,0.4851442516488184,0.4800360342935383,89.0
2025-12-17 12:29:05.896,0,2025-12-17 12:29:06,30468.28937728938,95.21340430402932,7987.015873015873,136.0,10413920.942350546,9272485.27571631,0.0112180696719557,0.0099884939045534,3.08282105416311,7987.015873015873,3529.5982905982905,2707.013431013431,1790.4420024420024,1514.2344322344322,2.262868240357108,2.0,6.0,3227.0607280233426,3045.0755779974183,15.0,19.0,1.0,0.5752966243772385,0.8766706304346483,104.0
2025-12-17 12:29:06.942,0,2025-12-17 12:29:07,177685.4896214896,555.267155067155,56481.19658119658,155.0,796109489.8434132,467447138.7617616,0.0252155748946334,0.0148056875179916,2.2280634185324573,56481.19658119658,51424.43101343101,10823.764346764348,10077.168498168498,6145.258852258852,1.0983339138248072,1.0,0.0,28215.41227491481,21620.52586691086,15.0,19.0,1.0,0.7594982549182634,0.1251785542296895,58.0
2025-12-17 12:29:08.086,0,2025-12-17 12:29:08,69542.3785103785,217.3199328449328,16469.40293040293,130.0,65578559.145204455,80784304.63414234,0.0135600967880471,0.0167042857310804,2.5595177002819502,16469.40293040293,11929.258852258852,11032.431013431013,7972.598290598291,3725.700854700856,1.3805889480957154,1.0,0.0,8098.058973927299,8988.008936029288,15.0,19.0,1.0,0.7352263905348111,0.461149803895012,86.0
2025-12-17 12:29:11.965,1,2025-12-17 12:29:12,27093.41147741148,84.66691086691088,4174.076923076923,158.0,4439568.135489019,7488665.024736026,0.0060480216894429,0.010201805020746,3.172022899647653,4174.076923076923,3889.383394383394,3171.6898656898657,1687.0,1405.948717948718,1.0731975996770022,2.0,4.0,2107.0282711651066,2736.542531139618,15.0,19.0,1.0,0.5288407077508162,0.7989681067228608,35.0
2025-12-17 12:29:13.117,1,2025-12-17 12:29:13,47813.32722832723,149.4166475885226,9493.383394383394,143.0,20567494.47273856,35018297.27593209,0.0089967045072156,0.0153178246069292,2.7941565759358933,9493.383394383394,7307.689865689866,4638.076923076923,3891.372405372405,2767.4847374847377,1.2990950038745102,2.0,3.0,4535.139961758463,5917.625983106071,15.0,19.0,1.0,0.5876605740451366,0.9032522823868534,117.0
2025-12-17 12:29:15.979,1,2025-12-17 12:29:16,36453.18925518925,113.91621642246642,7016.853479853478,141.0,13528624.180255126,16293209.822440911,0.0101808156093607,0.0122612737760129,2.676774488315462,7016.853479853478,5490.857142857143,4782.700854700855,3138.4041514041514,3107.3724053724054,1.277915869470429,1.0,0.0,3678.127809124518,4036.484834907833,15.0,19.0,1.0,0.6456551131760555,0.6278040963234259,21.0
2025-12-17 12:29:17.109,1,2025-12-17 12:29:17,24679.28327228327,77.12276022588523,3326.6898656898657,132.0,3880691.37973403,7230956.150488812,0.0063715342224232,0.011872184635522,3.2056877111936224,3326.6898656898657,3126.076923076923,1827.404151404152,1800.722832722833,1513.948717948718,1.0641740262790529,1.0,0.0,1969.947049982316,2689.04372416828,15.0,19.0,1.0,0.469820876194728,0.7375936760986174,109.0
2025-12-17 12:29:19.883,1,2025-12-17 12:29:20,356984.5555555556,1115.5767361111111,114533.8192918193,114.0,3104073112.7095785,2249755909.693461,0.0243575210900342,0.0176537327015321,2.091133967198948,114533.8192918193,94746.01343101345,32251.85347985348,27602.01587301588,25780.234432234432,1.2088510655407425,1.0,0.0,55714.209253202,47431.59189499611,15.0,19.0,1.0,0.8261251976264834,0.9761144111360294,117.0
2025-12-17 12:29:21.000,1,2025-12-17 12:29:21,77581.28571428571,242.44151785714288,24621.01587301588,91.0,65844592.59138248,68980597.6546596,0.0109397190697098,0.0114607491656258,2.7529102375197008,24621.01587301588,8565.136752136752,6066.013431013431,5175.819291819293,4149.2344322344325,2.874561911328593,2.0,5.0,8114.468102801469,8305.455896858377,15.0,18.0,0.9473684210526316,0.6261461038312518,0.8551280564008117,0.0
2025-12-17 12:29:22.076,1,2025-12-17 12:29:22,79891.45177045176,249.66078678266177,18417.01587301588,159.0,93072350.94005424,83735172.95024835,0.0145820995151496,0.013119198263996,2.817514880365263,18417.01587301588,14609.234432234432,10660.641025641024,5565.442002442002,3481.3833943833943,1.2606420930845308,1.0,0.0,9647.401253190115,9150.692484738429,15.0,19.0,1.0,0.660067072998414,0.8927383292155808,76.0
2025-12-17 12:29:23.139,1,2025-12-17 12:29:23,149626.4981684982,467.5828067765568,41974.43101343101,146.0,317546521.9004084,324858927.70583105,0.0141837261121518,0.0145103464780254,2.744881155019732,41974.43101343101,21909.162393162394,14583.196581196582,7825.258852258852,7690.598290598291,1.9158391480328272,1.0,0.0,17819.835069394117,18023.8433111762,15.0,19.0,1.0,0.6281149948775134,0.3215622976289772,139.0
2025-12-17 12:29:24.891,1,2025-12-17 12:29:25,69651.8717948718,217.6620993589744,10678.015873015873,123.0,42373313.08150206,38004526.415451735,0.0087342745245459,0.0078337506026362,3.314381060657269,10678.015873015873,9570.598290598293,6916.853479853478,3662.6898656898657,3554.4041514041514,1.115710381816395,2.0,5.0,6509.478710426977,6164.781132810129,15.0,19.0,1.0,0.4936344246687226,0.7374602731676982,109.0
2025-12-17 12:29:26.053,1,2025-12-17 12:29:26,63928.73137973138,199.77728556166056,7686.015873015873,116.0,26641348.12814688,37061109.1062312,0.0065187454867208,0.0090683075254689,3.3485297847007782,7686.015873015873,7569.234432234432,4382.383394383394,3770.924297924298,3543.3724053724054,1.0154284349131926,1.0,0.0,5161.525755834885,6087.783595548646,15.0,19.0,1.0,0.4215933872179904,0.8517920148067681,53.0
2025-12-17 12:29:29.952,2,2025-12-17 12:29:30,20283.50305250305,63.38594703907204,6212.404151404151,144.0,4856839.013319428,5503516.829649379,0.0118050487508136,0.0133768659609185,2.802366811604063,6212.404151404151,3225.948717948718,1827.857142857143,1153.3345543345542,561.6703296703297,1.9257603559651448,1.0,0.0,2203.82372555507,2345.957550692121,15.0,19.0,1.0,0.6399888058099673,0.3662322286364368,48.0
2025-12-17 12:29:31.053,2,2025-12-17 12:29:31,87214.20024420024,272.54437576312574,18841.1684981685,136.0,108563754.13531607,100482282.95440784,0.0142728416487581,0.0132103732459951,2.487164577520261,18841.1684981685,17292.404151404153,12336.246642246642,10879.540903540905,5399.0,1.0895632749039983,1.0,0.0,10419.393175003815,10024.08514301469,15.0,19.0,1.0,0.7424061679642041,0.2082274382903254,53.0
2025-12-17 12:29:33.952,3,2025-12-17 12:29:34,395998.2356532357,1237.4944864163615,124639.1684981685,148.0,3353816953.628444,2781464949.653692,0.0213871469694543,0.0177372827709844,2.1887821540894308,124639.1684981685,79961.19658119658,63385.16239316239,26207.43101343101,21522.582417582416,1.5587456644874256,1.0,0.0,57912.148584113536,52739.59565311145,15.0,19.0,1.0,0.7972650190795373,0.042790909192239,48.0
2025-12-17 12:29:35.048,2,2025-12-17 12:29:35,1045362.868131868,3266.758962912088,285167.431013431,121.0,22199289014.69629,20203202179.2127,0.0203144433322074,0.0184878356026197,2.2166355438081955,285167.431013431,208473.1965811966,184424.25885225885,133193.76434676434,37498.59829059829,1.3678853478047093,2.0,3.0,148994.2583279513,142137.96881626212,15.0,19.0,1.0,0.8119259588787892,0.0916723825604794,48.0
2025-12-17 12:29:37.919,2,2025-12-17 12:29:38,13250.936507936509,41.40917658730159,2234.7008547008545,142.0,1180324.2596896875,1557530.1458946294,0.0067221498162053,0.0088704022627752,3.319828256325968,2234.7008547008545,1263.6898656898657,955.8534798534783,949.0769230769232,872.1367521367522,1.768393428936088,2.0,4.0,1086.4272914878784,1248.0104750740795,15.0,19.0,1.0,0.473585989314701,0.5552627100238171,81.0
2025-12-17 12:29:39.054,2,2025-12-17 12:29:39,30107.181929181927,94.08494352869351,6727.0,119.0,8349938.977590915,17063058.42937603,0.0092117700400505,0.0188242058838024,2.988760968761252,6727.0,5163.372405372405,2262.136752136752,1951.857142857143,1617.8534798534783,1.3028306834888304,2.0,5.0,2889.626096502957,4130.745505278197,15.0,19.0,1.0,0.5886376155000282,0.8736524234012323,54.0
2025-12-17 12:29:41.886,2,2025-12-17 12:29:42,22592.169719169724,70.60053037240539,5278.0,130.0,4366199.354627937,10430857.521734012,0.0085543630367783,0.0204363875257424,2.7723699110136257,5278.0,3399.8571428571427,2475.3724053724054,2377.3833943833943,1262.924297924298,1.5524181688301666,1.0,0.0,2089.5452506772704,3229.68381141777,15.0,19.0,1.0,0.6548081669191823,0.8841416253494245,114.0
2025-12-17 12:29:44.907,1,2025-12-17 12:29:45,47876.73504273505,149.614797008547,10199.168498168498,142.0,31420630.02216417,27207633.28691621,0.0137077393220115,0.0118697538656242,2.928970232373181,10199.168498168498,8724.196581196582,4224.1623931623935,3898.700854700856,3383.5824175824177,1.1690667906486405,1.0,0.0,5605.410780858453,5216.093680803309,15.0,19.0,1.0,0.635586589554369,0.108254112884413,93.0
2025-12-17 12:29:46.074,0,2025-12-17 12:29:46,448222.0915750916,1400.6940361721613,137012.1965811966,152.0,5131178976.860876,3496301682.262288,0.0255405736550186,0.0174029304061842,2.014442948638506,137012.1965811966,111616.431013431,55049.258852258856,53894.76434676435,19589.1684981685,1.2275271242520596,1.0,0.0,71632.24816282731,59129.533080029374,15.0,19.0,1.0,0.8414619144862738,0.0750467374296525,74.0
2025-12-17 12:29:48.876,1,2025-12-17 12:29:49,46295.02075702076,144.67193986568986,9690.402930402932,140.0,35472372.60851441,27352781.54115593,0.0165509021609365,0.0127624169974037,2.41704640872625,9690.402930402932,9193.853479853478,7828.598290598291,5141.819291819293,4756.258852258852,1.054008849677286,0.0,0.0,5955.8687534661485,5229.988675050448,15.0,19.0,1.0,0.7908179377882646,0.8007390462959925,124.0
2025-12-17 12:29:50.069,1,2025-12-17 12:29:50,17814.09645909646,55.66905143467644,4492.258852258852,111.0,5164753.126762824,6098395.395229428,0.0162750363813088,0.0192171057336044,2.204262323179408,4492.258852258852,4442.700854700855,3044.402930402931,1714.0,1557.5982905982903,1.011154925613447,0.0,0.0,2272.609321190693,2469.4929429397907,15.0,19.0,1.0,0.8561175675105561,0.453689423632807,69.0
2025-12-17 12:29:52.899,1,2025-12-17 12:29:53,36913.80830280831,115.35565094627596,14324.402930402932,130.0,31927949.72339291,27542442.43905377,0.0234311349750128,0.0202127193234132,1.9670414402580705,14324.402930402932,7216.598290598291,6749.819291819293,1565.015873015873,1539.4310134310135,1.9849245244899705,1.0,0.0,5650.482255824976,5248.089408447018,15.0,19.0,1.0,0.8505019894378678,0.9292975296807888,101.0
2025-12-17 12:29:54.009,0,2025-12-17 12:29:54,19907.989010989008,62.21246565934065,3121.258852258852,156.0,3210396.187268679,3769389.895748452,0.0081003511559103,0.0095107830990416,3.271373330985213,3121.258852258852,2413.7008547008545,2362.5982905982905,1588.8534798534783,1050.6898656898657,1.2931423735375844,1.0,0.0,1791.7578483904233,1941.4916676999808,15.0,19.0,1.0,0.5292900923988073,0.544262637335853,9.0
2025-12-17 12:29:57.923,1,2025-12-17 12:29:58,161544.7826617827,504.8274458180709,76980.40293040292,126.0,733859960.6554323,676117712.6974146,0.0281207772660504,0.0259081522684715,1.6158978782951667,76980.40293040292,31434.59829059829,22444.81929181929,8981.0,6751.258852258852,2.448906845214064,1.0,0.0,27089.849771739828,26002.26360718264,15.0,19.0,1.0,0.907439268230594,0.913144744139523,77.0
2025-12-17 12:29:58.994,1,2025-12-17 12:29:59,144278.7264957265,450.8710202991453,54037.40293040293,143.0,422380488.0086065,463889043.17440873,0.0202908035922105,0.0222848396904134,1.9776551941942928,54037.40293040293,24061.59829059829,21816.81929181929,14994.0,9996.853479853478,2.2457944097385667,1.0,0.0,20551.897430860405,21538.08355389144,15.0,19.0,1.0,0.865731747336797,0.9118443977785204,6.0
2025-12-17 12:30:00.150,1,2025-12-17 12:30:00,41842.34676434677,130.75733363858365,7658.402930402931,143.0,25401340.807430647,21057448.69789193,0.0145085687754006,0.0120274533924786,2.515041185338887,7658.402930402931,7569.598290598291,6887.4310134310135,4927.853479853478,4717.819291819293,1.0117317506681862,1.0,0.0,5039.974286385859,4588.839580753715,15.0,19.0,1.0,0.7590660529864784,0.725975682544864,150.0
2025-12-17 12:30:01.905,0,2025-12-17 12:30:02,267011.442002442,834.4107562576312,104649.40293040292,138.0,1680869428.3700488,1642013988.379543,0.0235762231742481,0.0230312287152567,1.8351566167478768,104649.40293040292,60805.59829059829,40600.819291819294,13398.015873015873,12514.431013431013,1.7210488157729715,1.0,0.0,40998.40763212699,40521.77178233379,15.0,19.0,1.0,0.8687577792907656,0.9160971690763278,95.0
2025-12-17 12:30:03.888,1,2025-12-17 12:30:04,49385.96214896214,154.3311317155067,13784.819291819293,140.0,56701173.831716806,23519327.30783964,0.0232479686524541,0.0096431263592926,2.526169945098142,13784.819291819293,7831.258852258852,6093.598290598291,5170.013431013431,3090.402930402931,1.760230322081798,1.0,0.0,7530.0181826949665,4849.672907304124,15.0,19.0,1.0,0.728346502344047,0.7168329459837809,112.0
2025-12-17 12:30:05.856,1,2025-12-17 12:30:06,33785.39072039072,105.579346001221,9473.402930402932,133.0,11642243.194763992,23604516.80082472,0.0101994974896512,0.0206793661519388,2.4966851314377294,9473.402930402932,4236.136752136752,4199.853479853478,4081.5982905982905,2812.8192918192926,2.2363307618957795,1.0,0.0,3412.073152024146,4858.447982722952,15.0,19.0,1.0,0.7341578775893809,0.913989165614215,144.0
2025-12-17 12:30:07.054,0,2025-12-17 12:30:07,554342.562881563,1732.3205090048843,224137.7643467644,106.0,7747464917.182854,5983393862.086105,0.0252117601922062,0.0194711293047437,2.011685509471123,224137.7643467644,109153.19658119658,66535.2148962149,30539.43101343101,27724.25885225885,2.053423732579662,1.0,0.0,88019.68482778642,77352.4004933661,15.0,19.0,1.0,0.8263660349453216,0.0834776023577225,54.0
2025-12-17 12:30:08.950,0,2025-12-17 12:30:09,5267.2442002442,16.460138125763127,1614.7008547008545,145.0,493763.9913157348,169563.8349542199,0.0177972338831903,0.0061117604399816,3.281695174200219,1614.7008547008545,382.7032967032967,313.8693528693529,231.0854700854701,216.2588522588524,4.219197662016707,1.0,0.0,702.6834218307237,411.7812950514143,15.0,19.0,1.0,0.5237307635156554,0.3284456913775003,50.0
2025-12-17 12:30:10.090,1,2025-12-17 12:30:10,4988.45054945055,15.58890796703297,823.2222222222222,139.0,311896.26312906505,102750.01858612456,0.0125336865276172,0.00412905403465,3.6195898355165,823.2222222222222,779.3577533577534,348.96581196581195,195.18070818070817,149.57509157509162,1.0562828414478826,0.0,0.0,558.4767346354413,320.546437487807,15.0,19.0,1.0,0.4603236144245334,0.5713302106133635,90.0
2025-12-17 12:30:12.861,1,2025-12-17 12:30:13,6922.35409035409,21.63235653235653,1219.3577533577534,143.0,593071.3555705753,202915.37491720595,0.0123765422266275,0.0042345506700093,3.4630154446723527,1219.3577533577534,691.5750915750916,672.8534798534783,453.4700854700855,365.2148962148962,1.7631603107319138,1.0,0.0,770.1112618125873,450.4612912528733,15.0,19.0,1.0,0.4915193967341204,0.3734709161873151,139.0
2025-12-17 12:30:13.942,0,2025-12-17 12:30:14,3249.345543345544,10.154204822954824,453.8693528693529,121.0,91769.82730284616,39403.37896793343,0.0086917678659939,0.0037320003010885,3.601193768696622,453.8693528693529,332.0854700854701,277.7032967032967,183.43345543345544,176.3821733821734,1.3667245144786735,2.0,4.0,302.93535168884824,198.5028437275734,15.0,19.0,1.0,0.4380801393648317,0.5801089277297973,58.0
2025-12-17 12:30:15.055,0,2025-12-17 12:30:15,21198.75213675214,66.24610042735044,8272.853479853478,122.0,14288247.27671441,6803019.693882157,0.0317949659127512,0.0151384403616296,2.111264779411928,8272.853479853478,4523.700854700855,2552.8192918192926,1571.990231990232,1025.2588522588524,1.828779962595188,0.0,0.0,3779.979798453215,2608.259897686992,15.0,19.0,1.0,0.8465886385599047,0.5869123542530909,55.0
2025-12-17 12:30:17.945,0,2025-12-17 12:30:18,7965.376068376068,24.89180021367521,2414.0,136.0,1647242.1485014248,655602.2784360264,0.0259624023664102,0.0103330346182413,2.6690997439593334,2414.0,1707.8534798534783,685.4029304029309,490.4358974358975,409.1062271062271,1.4134702001518833,0.0,0.0,1283.4493166858692,809.692706176872,15.0,19.0,1.0,0.7164506089618043,0.8061544753444264,55.0
2025-12-17 12:30:19.084,0,2025-12-17 12:30:19,2720.2490842490843,8.500778388278388,916.8534798534783,119.0,68376.78286649403,61816.20921156709,0.0092404116249663,0.0083538182737436,3.328476626006867,916.8534798534783,164.4029304029309,149.81929181929263,120.6153846153846,80.84126984126982,5.576868232219517,1.0,0.0,261.4895463809099,248.6286572613203,15.0,19.0,1.0,0.5266180824493414,0.6990381904979914,84.0
2025-12-17 12:30:22.914,0,2025-12-17 12:30:23,2792.051282051282,8.725160256410257,761.5750915750916,122.0,108787.46195978804,52273.715904099976,0.0139550714078541,0.0067055837598752,3.2543231582431047,761.5750915750916,320.3577533577534,255.42124542124543,136.7032967032967,135.18070818070817,2.3772644288781737,0.0,0.0,329.8294437429564,228.63445913531928,15.0,19.0,1.0,0.5763640895790545,0.6735526022326807,86.0
2025-12-17 12:30:24.067,0,2025-12-17 12:30:24,4141.897435897436,12.943429487179486,546.7008547008545,139.0,236607.2186186426,42341.866834550594,0.0137920654511159,0.0024681486985644,3.767124947070655,546.7008547008545,537.990231990232,241.84126984126985,201.6153846153846,185.33455433455424,1.016191042497895,1.0,0.0,486.42288044318246,205.7713945973798,15.0,19.0,1.0,0.413695008628483,0.3706184220688012,67.0
2025-12-17 12:30:27.920,0,2025-12-17 12:30:28,84176.02686202686,263.05008394383395,18157.0,150.0,72675231.36877143,78413766.74706939,0.010256745439742,0.0110666320470993,3.2102356581101845,18157.0,10941.700854700855,6989.076923076923,5150.689865689866,4290.402930402931,1.659431220165153,1.0,0.0,8524.976913093164,8855.154812145827,15.0,19.0,1.0,0.5408769250715114,0.7492170819547981,80.0
2025-12-17 12:30:28.973,0,2025-12-17 12:30:29,35022.529914529914,109.44540598290598,5513.168498168498,116.0,12382538.837272052,7035328.137137284,0.0100951939942293,0.0057357383078564,3.3407056893887104,5513.168498168498,3972.404151404152,3618.0,2549.7838827838827,1942.8315018315016,1.3878669662094516,1.0,0.0,3518.883180395742,2652.419298892481,15.0,19.0,1.0,0.5024248127456762,0.3389486383995805,27.0
2025-12-17 12:30:30.104,0,2025-12-17 12:30:30,27961.24175824176,87.3788804945055,8356.853479853478,149.0,13998512.570826173,7930638.878092831,0.0179047797321491,0.0101436735888211,2.8376594334964387,8356.853479853478,5318.0,2251.8192918192926,1497.402930402931,1240.605616605617,1.5714278826348076,1.0,0.0,3741.458615410061,2816.1390019125174,15.0,19.0,1.0,0.6675197575293348,0.7275799568537334,104.0
2025-12-17 12:30:33.993,1,2025-12-17 12:30:34,30368.168498168496,94.90052655677655,7772.076923076923,149.0,11808935.116436567,14587579.142084066,0.012804821699389,0.0158177979723271,2.8064081963634897,7772.076923076923,5498.689865689866,2159.8571428571427,2049.948717948718,2021.6703296703297,1.4134415857076936,1.0,0.0,3436.413117836179,3819.3689455306703,15.0,18.0,0.9473684210526316,0.6421935843914498,0.7427781885553238,7.0
2025-12-17 12:30:36.910,1,2025-12-17 12:30:37,175542.06715506714,548.5689598595848,60153.168498168496,159.0,633463849.2270503,526924151.6798404,0.0205569849990862,0.0170995896529152,2.2292985474463416,60153.168498168496,34051.5409035409,22162.162393162394,12314.582417582418,9717.246642246642,1.7665329351339756,2.0,4.0,25168.707738520272,22954.82850469244,15.0,19.0,1.0,0.7884076056393023,0.081385499134851,90.0
2025-12-17 12:30:38.072,1,2025-12-17 12:30:38,33438.27594627595,104.49461233211234,4249.1623931623935,159.0,10416503.03071968,6625960.567840616,0.0093161010305757,0.0059259924268797,3.4388627169000303,4249.1623931623935,3774.168498168498,2611.282051282052,2156.196581196581,1753.5824175824175,1.125853918611019,2.0,4.0,3227.460771368055,2574.09412567618,15.0,19.0,1.0,0.4349623755949454,0.2519872600356867,72.0
2025-12-17 12:30:41.949,1,2025-12-17 12:30:42,99675.72283272282,311.4866338522588,26838.01587301588,146.0,142110386.88095582,161800362.8318377,0.0143036552531782,0.0162854852525625,2.5594803010010523,26838.01587301588,17401.59829059829,7781.819291819293,7428.136752136752,7062.641025641025,1.542273038650383,2.0,5.0,11921.00611865273,12720.077155105537,15.0,19.0,1.0,0.6672859683679674,0.9355387323951764,51.0
2025-12-17 12:30:43.035,1,2025-12-17 12:30:43,296141.8888888889,925.4434027777776,92177.01587301587,131.0,2308431790.154107,1128291920.0095754,0.026321907719771,0.0128653555743454,2.302366647431053,92177.01587301587,53171.43101343101,39872.59829059829,24018.162393162394,22517.81929181929,1.733581626752351,1.0,0.0,48046.1423025211,33590.05686225576,15.0,19.0,1.0,0.7825877917222993,0.6851468383549266,35.0
2025-12-17 12:30:44.147,1,2025-12-17 12:30:44,215559.73870573868,673.6241834554334,41297.01587301587,134.0,952704739.7052896,380311972.2444834,0.0205032651876427,0.0081847364623967,2.8214039806966627,41297.01587301587,26517.234432234432,22517.81929181929,21451.22588522589,19090.43101343101,1.557365115828728,2.0,4.0,30865.91550084477,19501.58896717094,15.0,19.0,1.0,0.6071343715738219,0.845850980596691,147.0
2025-12-17 12:30:46.936,1,2025-12-17 12:30:47,77960.35653235654,243.6261141636142,12789.234432234432,152.0,53090356.9462097,88762230.00434722,0.0087351026332056,0.0146042941437698,2.917836496892543,12789.234432234432,12357.819291819293,11979.015873015873,6242.442002442002,5233.013431013431,1.0349102968919195,1.0,0.0,7286.312987115616,9421.370919582096,15.0,19.0,1.0,0.6234133243137864,0.9679464839303632,64.0
2025-12-17 12:30:48.109,2,2025-12-17 12:30:48,113315.14652014652,354.1098328754579,17543.641025641027,148.0,131602986.88228044,163411739.87401235,0.0102491964349555,0.0127264514387105,2.9588953851407487,17543.641025641027,15318.015873015873,12569.442002442003,8450.924297924297,7170.2344322344325,1.145294610677657,1.0,0.0,11471.83450378711,12783.260142624507,15.0,19.0,1.0,0.5387828503615136,0.8994463073987066,109.0
2025-12-17 12:30:50.997,2,2025-12-17 12:30:51,78988.48595848597,246.83901862026863,25546.59829059829,158.0,96612243.01521777,105403984.49531852,0.0154847638410697,0.0168938817367142,2.408062953339688,25546.59829059829,12652.136752136752,8632.853479853478,8062.431013431013,3906.162393162393,2.019152874417188,1.0,0.0,9829.152710952138,10266.64426652246,15.0,19.0,1.0,0.7444145968323134,0.8035408013748829,3.0
2025-12-17 12:30:52.146,2,2025-12-17 12:30:52,60043.540903540896,187.6360653235653,13822.076923076924,157.0,28641465.407236256,60214113.74274057,0.0079444281767763,0.0167018933932264,3.045509437574844,13822.076923076924,5588.689865689866,5065.598290598291,4731.857142857143,3106.670329670329,2.4732231086808136,2.0,4.0,5351.772174451773,7759.77536677065,15.0,19.0,1.0,0.5381909871672199,0.7011569341417976,146.0
2025-12-17 12:30:54.936,2,2025-12-17 12:30:55,56899.79487179488,177.81185897435898,15208.136752136752,143.0,47885107.125979565,62875562.68922976,0.0147903707937965,0.0194205034061157,2.4632615231916675,15208.136752136752,14744.598290598293,3743.641025641026,3402.015873015873,3023.431013431013,1.031437849468778,1.0,0.0,6919.906583616542,7929.411244804356,15.0,19.0,1.0,0.7051312407228126,0.8644848991432038,64.0
2025-12-17 12:30:56.051,2,2025-12-17 12:30:56,60232.893772893774,188.22779304029305,10519.0,154.0,33252029.127849083,61718218.79263301,0.0091653846336111,0.017011629935753,2.9948931186942147,10519.0,7481.598290598291,7225.136752136752,6361.853479853478,3741.402930402931,1.405982998742025,1.0,0.0,5766.457242349854,7856.09437269137,15.0,19.0,1.0,0.586539832972291,0.7562976148340645,51.0
2025-12-17 12:30:58.876,2,2025-12-17 12:30:59,85084.91575091577,265.8903617216118,13615.442002442003,147.0,63909008.576734446,91429943.39717574,0.0088278904278203,0.0126294170431853,2.9486973946056154,13615.442002442003,11754.106227106227,9189.924297924295,8684.383394383394,7661.67032967033,1.158356215212874,1.0,0.0,7994.31101326027,9561.900616361569,15.0,19.0,1.0,0.5982908462946648,0.8767532330625973,124.0
2025-12-17 12:30:59.977,2,2025-12-17 12:31:00,31267.421245421247,97.7106913919414,4255.0,138.0,7037672.499851451,10430307.876713302,0.0071985483113395,0.0106687367384957,3.3094095647251303,4255.0,3778.404151404152,3311.6898656898657,2021.948717948718,1854.7008547008545,1.1261368105414575,1.0,0.0,2652.861191214394,3229.598717598411,15.0,19.0,1.0,0.4868244000765542,0.5742989558973103,23.0
2025-12-17 12:31:01.106,2,2025-12-17 12:31:01,79555.35897435897,248.61049679487172,21719.40415140416,132.0,73703236.09515004,86072590.59762022,0.0116452194596024,0.0135995956225286,2.6049598159048646,21719.40415140416,10746.246642246642,8011.853479853478,6505.076923076923,5921.168498168498,2.0211153600380616,1.0,0.0,8585.058887110212,9277.53149267736,15.0,19.0,1.0,0.6649929103053903,0.3784532802961788,106.0
2025-12-17 12:31:02.892,2,2025-12-17 12:31:03,82031.41636141637,256.3481761294262,24326.540903540903,157.0,99597321.44691868,103220123.0539458,0.0148008698043917,0.0153392438704185,2.550644769451731,24326.540903540903,15601.168498168498,7391.035409035409,6167.404151404151,4458.246642246642,1.5592768520124094,2.0,5.0,9979.84576268184,10159.730461677898,15.0,19.0,1.0,0.7063683424543324,0.1014273247406762,108.0
2025-12-17 12:31:04.016,2,2025-12-17 12:31:04,85032.21001221001,265.7256562881563,22759.540903540903,152.0,82550495.39308295,75741097.41478917,0.0114170197023685,0.0104752563548652,2.7826485029098253,22759.540903540903,11788.853479853478,8706.246642246642,5188.168498168498,4477.076923076923,1.9305983353202083,1.0,0.0,9085.730316990646,8702.936137579614,15.0,19.0,1.0,0.6223510648410396,0.338577681832263,16.0
2025-12-17 12:31:07.941,2,2025-12-17 12:31:08,65171.09523809524,203.65967261904763,19546.162393162394,139.0,60964750.72722253,72719342.72812124,0.0143538618873498,0.0171214249153358,2.524742109417653,19546.162393162394,12325.246642246642,5523.372405372405,5206.857142857143,4652.136752136752,1.58586379327805,1.0,0.0,7807.992746360778,8527.56370413738,15.0,19.0,1.0,0.7250725979537137,0.3278098429629915,59.0
2025-12-17 12:31:09.071,2,2025-12-17 12:31:09,312343.68131868134,976.0740041208792,107705.1623931624,147.0,2082738175.4801333,1724856569.4514992,0.0213485915506224,0.0176802148335995,2.191387923160004,107705.1623931624,54002.43101343101,48479.168498168496,17634.59829059829,17497.136752136754,1.9944502566259084,1.0,0.0,45637.02636544294,41531.392577801904,15.0,19.0,1.0,0.785412068884467,0.1725828138304879,71.0
2025-12-17 12:31:11.911,2,2025-12-17 12:31:12,72844.58974358975,227.639342948718,17674.234432234432,141.0,58711432.7173328,48589788.584104106,0.011064405274316,0.0091569407899859,3.0874779545631674,17674.234432234432,9961.442002442003,4731.641025641025,4655.372405372405,4501.225885225886,1.7742646524368555,1.0,0.0,7662.338593232017,6970.637602407983,15.0,19.0,1.0,0.5700343141073047,0.8609005684388035,89.0
2025-12-17 12:31:13.028,2,2025-12-17 12:31:13,187285.905982906,585.2684561965812,52065.19658119658,146.0,598145564.6374298,551170203.9974358,0.0170528390985616,0.0157135944164143,2.451251133225824,52065.19658119658,34307.431013431014,26858.1684981685,12084.162393162393,11126.764346764348,1.5176069744427108,1.0,0.0,24457.014630519192,23477.01437571302,15.0,19.0,1.0,0.7285210390854262,0.0894266721430916,28.0
2025-12-17 12:31:15.945,2,2025-12-17 12:31:16,201629.2442002442,630.0913881257632,39308.19658119658,144.0,618401714.976525,428957492.9846272,0.0152112057572688,0.0105513301934472,2.674669560972762,39308.19658119658,37150.168498168496,32720.43101343101,24297.162393162394,12190.442002442003,1.0580893215365474,1.0,0.0,24867.684149846464,20711.289022767927,15.0,19.0,1.0,0.722446791219105,0.2609948610873809,55.0
2025-12-17 12:31:17.113,2,2025-12-17 12:31:17,60638.02075702076,189.49381486568987,10410.598290598293,141.0,23699404.765173573,34088360.626772344,0.006445363327024,0.0092707758544651,2.9806931468891453,10410.598290598293,6808.136752136752,5930.106227106227,5716.853479853478,5235.442002442002,1.5291405959684,2.0,6.0,4868.203443281061,5838.523839702322,15.0,19.0,1.0,0.5623721936568635,0.8742353064147462,113.0
2025-12-17 12:31:18.896,2,2025-12-17 12:31:19,46129.60073260073,144.15500228937728,12834.598290598293,157.0,27291596.566075776,31728581.26781973,0.0128253596193824,0.0149104675495026,2.7691734046100045,12834.598290598293,8172.136752136752,3595.431013431013,2857.015873015873,2229.162393162393,1.5705315121214636,1.0,0.0,5224.13596359013,5632.812909002014,15.0,19.0,1.0,0.6435855470425159,0.6937804602804027,104.0
2025-12-17 12:31:20.023,2,2025-12-17 12:31:20,42584.080586080585,133.07525183150182,8829.598290598291,142.0,15920440.326689923,36857426.2164628,0.0087793128473506,0.0203249953432506,2.845802579344695,8829.598290598291,8374.0,4488.136752136752,2385.402930402931,2106.015873015873,1.0544062921658988,1.0,0.0,3990.04264722696,6071.031725865283,15.0,19.0,1.0,0.6148577939407641,0.8555993598185299,23.0
2025-12-17 12:31:22.895,2,2025-12-17 12:31:23,37353.141636141634,116.7285676129426,7025.246642246642,143.0,16549638.300919864,23076716.7263033,0.0118613531745036,0.0165393999688467,2.7282969421881447,7025.246642246642,6524.404151404151,6299.372405372405,4459.857142857143,1626.5982905982903,1.0767644798235905,1.0,0.0,4068.124666344416,4803.823136451144,15.0,19.0,1.0,0.6943319222012547,0.5239062555212013,105.0
2025-12-17 12:31:24.086,2,2025-12-17 12:31:24,100747.77777777778,314.83680555555554,22465.59829059829,114.0,76216676.11416861,141201702.70810175,0.0075089472545783,0.0139113405615268,2.8643858310227253,22465.59829059829,13341.136752136752,7396.853479853478,5637.076923076923,5553.015873015873,1.683934338428729,1.0,0.0,8730.216269610313,11882.832267944446,15.0,19.0,1.0,0.5398995642232273,0.8642249779820965,86.0
2025-12-17 12:31:27.957,2,2025-12-17 12:31:28,41190.81684981685,128.72130265567768,7141.598290598291,147.0,11836032.441590684,30112083.04055237,0.0069759817843034,0.0177476146516961,3.030800104222512,7141.598290598291,6904.136752136752,3198.3724053724054,2806.0,2422.8571428571427,1.0343940954511095,1.0,0.0,3440.353534390133,5487.447771100184,15.0,19.0,1.0,0.5455819114464578,0.8106037599392415,43.0
2025-12-17 12:31:29.086,2,2025-12-17 12:31:29,45784.80097680098,143.07750305250306,8903.924297924297,138.0,21512482.49644657,32450448.340299208,0.0102623747244913,0.0154802524953085,2.740006254987401,8903.924297924297,6970.67032967033,6315.689865689866,6201.076923076923,2834.8571428571427,1.2773411848246337,1.0,0.0,4638.1550746440735,5696.529499642674,15.0,19.0,1.0,0.6820214982487334,0.925571111569548,86.0
2025-12-17 12:31:31.896,2,2025-12-17 12:31:32,73762.42612942614,230.5075816544567,17025.59829059829,139.0,55440259.19277084,107107419.57612576,0.010189546758648,0.0196856233332939,2.700794756461043,17025.59829059829,16377.136752136752,4227.015873015873,3898.700854700856,3723.641025641026,1.0395955378693342,1.0,0.0,7445.821592864741,10349.271451465836,15.0,19.0,1.0,0.6134843330219544,0.8306295595367961,104.0
2025-12-17 12:31:34.126,2,2025-12-17 12:31:34,36080.608058608064,112.7519001831502,5848.136752136752,136.0,7166638.032637718,15933560.798804034,0.0055051324716181,0.0122395414059601,3.1100622033558736,5848.136752136752,4746.700854700855,4178.598290598291,2724.6898656898657,1774.076923076923,1.232042408222095,2.0,5.0,2677.0577193324984,3991.686460483092,15.0,19.0,1.0,0.5341429572056288,0.694324044066553,126.0
2025-12-17 12:31:34.918,2,2025-12-17 12:31:35,51570.83882783883,161.15887133699636,12913.136752136752,138.0,32189231.72688367,40419640.91657599,0.0121032560288934,0.0151979167058118,2.5948954841467566,12913.136752136752,11008.598290598293,4578.700854700855,2944.162393162393,2891.8534798534783,1.173004628860318,2.0,4.0,5673.555474910215,6357.644289874669,15.0,19.0,1.0,0.6658113878092613,0.7560601173624091,82.0
2025-12-17 12:31:35.945,2,2025-12-17 12:31:36,55815.03907203907,174.4219971001221,10446.136752136752,158.0,21895457.23352053,43565410.0326382,0.0070283204188509,0.0139842551640915,3.092384920289394,10446.136752136752,8994.598290598291,3444.162393162393,3199.431013431013,3039.4041514041514,1.161378909278754,2.0,3.0,4679.258192654103,6600.409838232638,15.0,19.0,1.0,0.5217900602585409,0.6614667925636091,55.0
2025-12-17 12:31:40.098,2,2025-12-17 12:31:40,43233.06105006106,135.1033157814408,5070.136752136752,132.0,16700948.468644893,16695957.953005657,0.0089353005197445,0.0089326305062978,3.151426310711453,5070.136752136752,4941.1623931623935,4460.853479853478,4039.168498168498,3217.5982905982905,1.026102027966498,2.0,4.0,4086.67939391444,4086.0687650852938,15.0,19.0,1.0,0.5025996051669402,0.5595027343774253,98.0
2025-12-17 12:31:42.865,2,2025-12-17 12:31:43,28046.47863247864,87.64524572649573,8561.853479853478,138.0,13434574.963872164,7701033.584653115,0.01707918915358,0.0097902173774803,3.096922107818352,8561.853479853478,2030.990231990232,1569.7008547008545,1186.0,1159.8192918192926,4.215605444571356,1.0,0.0,3665.3205813232985,2775.073617879914,15.0,19.0,1.0,0.5172971640568893,0.6991901982344947,135.0
2025-12-17 12:31:48.997,2,2025-12-17 12:31:49,46454.26251526251,145.16957036019534,4927.853479853478,153.0,11407051.427004358,25081816.46383129,0.0052859403730587,0.0116227218860389,3.3285000872080133,4927.853479853478,4898.0,3924.5982905982905,3100.8571428571427,2736.431013431013,1.006095034677924,2.0,3.0,3377.432668019358,5008.174963380503,15.0,19.0,1.0,0.4216564609179614,0.6993679841747379,3.0
2025-12-17 12:31:51.024,2,2025-12-17 12:31:51,98376.15384615386,307.42548076923083,27076.59829059829,139.0,109760874.38215844,158677531.03121918,0.011341431646101,0.0163959186922729,2.5698301641421493,27076.59829059829,17477.136752136754,8161.67032967033,7494.015873015873,6967.924297924298,1.549258249483363,2.0,4.0,10476.682412966353,12596.726996772582,15.0,19.0,1.0,0.6828620851390526,0.8767723920309277,24.0
2025-12-17 12:31:52.879,2,2025-12-17 12:31:53,73291.83516483517,229.0369848901099,18304.59829059829,148.0,99434369.535415,91050386.60531816,0.0185108061183817,0.0169500350968129,2.3998932419428414,18304.59829059829,18190.43101343101,11265.162393162393,7117.136752136752,2832.402930402931,1.006276227159322,2.0,4.0,9971.678371037397,9542.0326244107,15.0,19.0,1.0,0.7873964575991304,0.5398187449164676,121.0
2025-12-17 12:32:31.938,0,2025-12-17 12:32:32,9851.058608058607,30.78455815018315,2561.7008547008545,110.0,3507287.881547313,763758.7761551839,0.0361414530265268,0.0078702840668535,2.4273813893090432,2561.7008547008545,2441.8534798534783,1307.990231990232,860.3345543345542,412.2588522588524,1.0490804939096994,0.0,0.0,1872.7754487784468,873.932935730874,15.0,19.0,1.0,0.7698805047137813,0.454445373627699,62.0
2025-12-17 12:32:38.140,0,2025-12-17 12:32:38,5620.42612942613,17.563831654456656,2088.334554334554,133.0,574074.3818099832,353403.80790363107,0.0181731277078374,0.0111874919644028,2.8973005294064347,2088.334554334554,682.013431013431,519.885225885226,228.43589743589743,145.5409035409035,3.0620138246080466,0.0,0.0,757.6769640222561,594.4777606467975,15.0,19.0,1.0,0.6519452311676395,0.7218485512787949,140.0
2025-12-17 12:32:39.956,0,2025-12-17 12:32:40,10418.566544566544,32.558020451770446,4519.0,127.0,2930799.513250411,1695986.983658129,0.0270003983036044,0.0156245160644619,2.330480840748862,4519.0,1252.402930402931,1067.8192918192926,923.8534798534783,288.1965811965812,3.608263674808323,0.0,0.0,1711.957801246985,1302.3006502563564,15.0,19.0,1.0,0.7727811929627098,0.8849863690794421,44.0
2025-12-17 12:32:41.066,0,2025-12-17 12:32:41,3672.210012210012,11.475656288156287,846.3577533577534,131.0,150531.2276305383,73221.84594587339,0.0111627598776674,0.0054298227481373,3.602988696076745,846.3577533577534,254.7032967032967,225.2148962148962,157.8693528693529,129.0622710622711,3.3229163670400026,1.0,0.0,387.9835404118818,270.59535462729843,15.0,19.0,1.0,0.4393015554239146,0.2821781256441374,66.0
2025-12-17 12:32:44.904,0,2025-12-17 12:32:45,3208.52503052503,10.02664072039072,617.7008547008545,132.0,186075.0380215298,35846.21892401316,0.018074956178034,0.0034820298471457,3.465689463804222,617.7008547008545,385.8693528693529,295.0,290.990231990232,122.43345543345544,1.6008030959338562,0.0,0.0,431.36415940772105,189.3309771907734,15.0,19.0,1.0,0.5335766056695583,0.4514012197357429,96.0
2025-12-17 12:32:46.039,0,2025-12-17 12:32:46,5533.879120879121,17.293372252747254,2390.7008547008545,140.0,679892.2795595168,430316.4210042435,0.0222014210244833,0.0140516907217325,2.8145170457230524,2390.7008547008545,548.2588522588524,302.8412698412698,181.1062271062271,161.99023199023202,4.360533067266846,0.0,0.0,824.5558074257417,655.9850768151997,15.0,19.0,1.0,0.6478091330855245,0.2195606285358719,39.0
2025-12-17 12:32:47.117,0,2025-12-17 12:32:47,19118.39072039072,59.744971001221,6200.853479853478,124.0,11832496.515771804,4509757.8566423645,0.0323723121391086,0.0123381645464614,2.289114442945113,6200.853479853478,4899.700854700855,1863.8192918192929,1220.2588522588524,993.990231990232,1.2655575643772232,0.0,0.0,3439.8396061112794,2123.6190469673143,15.0,19.0,1.0,0.7939278432275764,0.5655164446049579,117.0
2025-12-17 12:32:50.910,0,2025-12-17 12:32:51,6133.69597069597,19.167799908424904,2079.0,133.0,908636.2666611066,309335.70929396246,0.0241515815773072,0.0082221532332626,2.915839800008218,2079.0,656.8534798534783,424.61538461538464,380.18070818070817,370.4029304029309,3.1650894206430773,0.0,0.0,953.2241429281504,556.1795656925581,15.0,19.0,1.0,0.6376339032350328,0.7584338161243809,90.0
2025-12-17 12:32:52.048,0,2025-12-17 12:32:52,2852.3772893772893,8.91367902930403,311.33455433455424,129.0,76729.66478437714,17359.21088946361,0.0094308179404308,0.0021336149186645,3.725687060668641,311.33455433455424,289.8693528693529,184.5409035409035,177.6153846153846,153.81562881562883,1.0740512967364366,1.0,0.0,277.00119996920074,131.75435814220194,15.0,19.0,1.0,0.3916648152879264,0.5737719795023624,48.0
2025-12-17 12:32:53.085,0,2025-12-17 12:32:53,6275.725274725275,19.61164148351649,2813.7008547008545,107.0,1206668.0840600673,507586.10779733385,0.0306379694312248,0.012887891757345,2.4618789051560483,2813.7008547008545,661.869352869353,351.2588522588524,346.5750915750916,277.7032967032967,4.251142378021547,0.0,0.0,1098.4844487110718,712.4507757012648,15.0,19.0,1.0,0.7092578551889508,0.2461065263192728,85.0
2025-12-17 12:32:56.850,0,2025-12-17 12:32:57,2967.09768009768,9.272180250305247,449.5750915750916,125.0,108734.4237246424,22811.829139332043,0.0123510354751992,0.0025911730738332,3.644411673229283,449.5750915750916,246.8852258852259,211.18070818070817,165.8693528693529,149.46520146520146,1.820988234355801,0.0,0.0,329.7490314233575,151.03585382064765,15.0,19.0,1.0,0.4121790759294808,0.7617360609004725,150.0
2025-12-17 12:32:58.006,0,2025-12-17 12:32:58,3478.924297924298,10.871638431013432,420.18070818070817,126.0,164980.55289756128,35443.495223108526,0.0136314733135829,0.0029285091532812,3.594541356886816,420.18070818070817,390.8852258852259,360.1965811965812,196.5775335775336,177.43589743589746,1.0749465069396336,0.0,0.0,406.1779817980798,188.2644289904721,15.0,19.0,1.0,0.4441821131886921,0.7003185762933283,6.0
2025-12-17 12:33:00.861,0,2025-12-17 12:33:01,5475.775335775337,17.111797924297928,2519.0,126.0,661222.9605242218,468986.0403580414,0.0220524417306569,0.0156411497254841,2.656859622985868,2519.0,585.4029304029309,247.8852258852259,240.1062271062271,195.22222222222223,4.30301911584535,0.0,0.0,813.156172284403,684.82555469115,15.0,19.0,1.0,0.6917041648640995,0.8001373571239169,139.0
2025-12-17 12:33:01.986,0,2025-12-17 12:33:02,11008.229548229549,34.40071733821734,2575.0,151.0,3456160.3478253614,837838.4277216475,0.0285206178235909,0.0069139354630935,2.8144804555462617,2575.0,1864.3345543345545,1833.8534798534783,617.4029304029309,587.990231990232,1.3811898696034874,0.0,0.0,1859.075132377753,915.3351450270264,15.0,19.0,1.0,0.6793627589082474,0.8381381894330707,14.0
2025-12-17 12:33:03.094,0,2025-12-17 12:33:03,15904.533577533575,49.70166742979243,6007.853479853478,137.0,9104254.118303636,2793993.092936124,0.0359917113008027,0.0110454510024299,2.383463615167487,6007.853479853478,2259.7008547008545,2210.0,1216.8192918192926,668.8412698412699,2.6586941662444765,0.0,0.0,3017.325656654189,1671.524182575928,15.0,19.0,1.0,0.7773390421004327,0.7461859770287956,94.0
2025-12-17 12:33:06.878,0,2025-12-17 12:33:07,990841.575091575,3096.379922161172,361435.0134310135,154.0,25373870635.00164,24202731420.579967,0.0258451037150302,0.0246522145852294,1.663177073478181,361435.0134310135,310201.3345543346,182996.8192918193,43096.85347985348,15570.234432234432,1.1651626642750748,0.0,0.0,159291.77830321825,155572.27073157983,15.0,19.0,1.0,0.9217419597122232,0.9795025134034312,122.0
2025-12-17 12:33:07.938,0,2025-12-17 12:33:08,290535.9035409036,907.9246985653238,125302.01343101345,123.0,2326592847.863681,1754154826.7459264,0.0275626373532055,0.0207810891344259,1.9150821281778008,125302.01343101345,58883.819291819294,43809.23443223443,15402.015873015873,10948.334554334557,2.1279532295626664,1.0,0.0,48234.76803990749,41882.63156424064,15.0,19.0,1.0,0.8754354091270109,0.9695640835161614,62.0
2025-12-17 12:33:09.001,0,2025-12-17 12:33:09,104712.115995116,327.2253624847375,29837.01587301588,152.0,195882250.778206,153056329.06520876,0.0178649256886677,0.0139591000923625,2.6656830376145484,29837.01587301588,14637.234432234432,10514.598290598293,9063.641025641024,6777.013431013431,2.038432602220684,1.0,0.0,13995.794038860604,12371.59363482364,15.0,19.0,1.0,0.6764212754119687,0.9709648488769448,1.0
2025-12-17 12:33:10.028,0,2025-12-17 12:33:10,50777.28937728937,158.67902930402929,7475.641025641025,127.0,17402621.19797681,23698379.89066731,0.0067495627646306,0.009191356903793,3.160916845418266,7475.641025641025,6549.076923076923,4958.383394383394,3449.4420024420024,3185.225885225885,1.1414801068068134,1.0,0.0,4171.644903149932,4868.098180056285,15.0,19.0,1.0,0.5045123429181416,0.9279531627976138,28.0
2025-12-17 12:33:11.086,0,2025-12-17 12:33:11,80708.86324786324,252.21519764957264,19707.641025641027,132.0,86327177.2366565,88002203.53759378,0.0132527217398129,0.0135098673825152,2.698924691493292,19707.641025641027,14639.442002442003,8907.442002442003,6702.383394383394,6166.0,1.3462016532018264,1.0,0.0,9291.241964164774,9380.94896786001,15.0,19.0,1.0,0.6953747849545332,0.9687596439237256,86.0
2025-12-17 12:33:12.123,0,2025-12-17 12:33:12,58277.74725274726,182.1179601648352,12984.853479853478,158.0,37732946.47319244,67215352.43140656,0.0111100294023419,0.0197907826342754,2.635756795320995,12984.853479853478,10284.383394383394,8262.641025641025,5347.700854700855,3864.4420024420015,1.2625796785195336,2.0,3.0,6142.714910623188,8198.496961724542,15.0,19.0,1.0,0.6991351360977556,0.8422605109316479,123.0
2025-12-17 12:33:14.935,1,2025-12-17 12:33:15,49212.633699633705,153.78948031135533,13179.689865689868,141.0,32265677.669818062,44990673.36220804,0.0133225566488943,0.0185767303781318,2.577071434454149,13179.689865689868,11238.076923076924,3228.4847374847377,2920.8534798534783,2538.948717948718,1.1727709247678086,1.0,0.0,5680.288519944921,6707.508729939011,15.0,19.0,1.0,0.6727145294867538,0.8402173052488634,65.0
2025-12-17 12:33:16.087,1,2025-12-17 12:33:16,6564.282051282052,20.51338141025641,718.0769230769231,142.0,137933.82844303316,234082.39766195044,0.0032010784948671,0.0054324318960817,3.9045686132837423,718.0769230769231,497.7228327228327,354.013431013431,293.990231990232,258.43589743589746,1.4427244961762813,1.0,0.0,371.3944378191913,483.8206255028308,15.0,19.0,1.0,0.3233010555700458,0.6768488659256242,87.0
2025-12-17 12:33:18.892,1,2025-12-17 12:33:19,21274.32967032968,66.48228021978022,9163.853479853478,151.0,7513353.417736068,7583038.667842585,0.0166005336075524,0.0167545011200633,2.642358657259552,9163.853479853478,2440.8192918192926,892.9487179487179,891.4041514041514,643.2222222222222,3.754417015042249,1.0,0.0,2741.049692679078,2753.731771222932,15.0,19.0,1.0,0.6595858990949705,0.8357920567393078,108.0
2025-12-17 12:33:20.006,1,2025-12-17 12:33:20,27354.501831501835,85.48281822344323,8677.076923076924,157.0,10539048.137887036,11228671.0588687,0.0140845756953792,0.0150062003150559,2.7034024288742096,8677.076923076924,2987.6898656898657,2779.8571428571427,2280.948717948718,1682.6703296703297,2.9042763182083022,1.0,0.0,3246.3900162930263,3350.9209269794324,15.0,19.0,1.0,0.6729511322353204,0.7621668593388287,6.0
2025-12-17 12:33:21.088,1,2025-12-17 12:33:21,14471.7326007326,45.22416437728938,1564.6898656898657,150.0,1321752.0978720845,1508831.998728679,0.0063111565013442,0.007204433337797,3.603068531353175,1564.6898656898657,1306.7008547008545,1042.722832722833,882.8571428571429,854.5409035409035,1.197435403872048,1.0,0.0,1149.6747791754349,1228.3452278283492,15.0,19.0,1.0,0.390520731375669,0.6133865953491158,88.0
2025-12-17 12:33:25.008,1,2025-12-17 12:33:25,16575.4884004884,51.79840125152625,2004.6898656898657,129.0,2407648.615303405,1924350.0884638312,0.0087631538478066,0.0070040851372839,3.196362845299994,2004.6898656898657,1829.4847374847373,1720.6703296703297,1277.1684981684982,1201.076923076923,1.0957674719084636,2.0,4.0,1551.6599547914502,1387.2094609192338,15.0,19.0,1.0,0.4846367214044307,0.6362794260910495,8.0
2025-12-17 12:33:27.910,1,2025-12-17 12:33:28,15379.95115995116,48.06234737484738,1883.6898656898657,146.0,970209.9751609552,1394512.7024279884,0.0041016237843808,0.0058953902911077,3.396794478630523,1883.6898656898657,1647.5409035409036,1265.076923076923,1154.2466422466423,1120.8107448107448,1.1433342028961382,1.0,0.0,984.9923731486224,1180.8948735717283,15.0,19.0,1.0,0.4597781232087524,0.601661694259649,90.0
2025-12-17 12:33:29.092,1,2025-12-17 12:33:29,123801.93650793652,386.8810515873016,27135.540903540903,129.0,198114366.3341357,186674579.8417804,0.0129259089898909,0.0121795237488803,2.721617564092912,27135.540903540903,25757.24664224664,9912.162393162393,9830.168498168498,7608.076923076923,1.0535109315229585,2.0,3.0,14075.310523542126,13662.890610766828,15.0,19.0,1.0,0.6481578368125978,0.228123792517224,92.0
2025-12-17 12:33:31.878,1,2025-12-17 12:33:32,142515.55799755795,445.3611187423687,19963.43101343101,117.0,290098219.57446,229482202.80551448,0.0142830352586194,0.0112985953471373,2.923371434428684,19963.43101343101,19653.59829059829,16854.641025641027,15741.136752136752,14714.015873015873,1.0157646817773784,2.0,4.0,17032.269947792043,15148.670001208506,15.0,19.0,1.0,0.6099461993918717,0.6827863670810368,122.0
2025-12-17 12:33:32.985,1,2025-12-17 12:33:33,326284.072039072,1019.6377251221,122129.19658119658,130.0,2527591515.7299824,1964694979.8088207,0.023741881966666,0.018454546955405,2.098269761251258,122129.19658119658,58174.43101343101,33514.168498168496,31862.764346764347,17542.28205128205,2.0993621158580464,1.0,0.0,50275.15803784193,44324.87991871858,15.0,19.0,1.0,0.806729059269927,0.0544431205786711,15.0
2025-12-17 12:33:36.977,1,2025-12-17 12:33:37,11958.059829059828,37.36893696581196,3796.8534798534783,126.0,4138405.483177355,1968675.0889059552,0.0289408709627161,0.0137674212802842,2.2914825129657963,3796.8534798534783,3534.7008547008545,1172.8192918192926,881.2588522588524,311.0854700854701,1.074165434623105,0.0,0.0,2034.3071260695508,1403.0948253435886,15.0,19.0,1.0,0.8108939148433342,0.5161366276988609,23.0
2025-12-17 12:33:38.132,1,2025-12-17 12:33:38,16629.321123321126,51.96662851037852,10231.853479853478,141.0,8550703.187281659,7336881.350986429,0.0309209473734142,0.0265315398242653,1.7511290810114772,10231.853479853478,2272.8192918192926,701.4029304029309,658.0,529.4358974358975,4.501833259105622,0.0,0.0,2924.158543458555,2708.667818501639,15.0,19.0,1.0,0.8655501624371863,0.934801820401321,132.0
2025-12-17 12:33:40.904,0,2025-12-17 12:33:41,21125.89743589744,66.01842948717949,9383.853479853478,126.0,16082402.462193664,6218392.704576221,0.0360346735612098,0.013933101830499,2.1918191265212865,9383.853479853478,2044.3345543345545,1863.8192918192929,1822.0,1794.7008547008545,4.590175057185491,0.0,0.0,4010.287079772926,2493.670528473283,15.0,19.0,1.0,0.8003782197662218,0.8173797299866506,96.0
2025-12-17 12:33:42.085,0,2025-12-17 12:33:42,12208.62148962149,38.151942155067154,4676.853479853478,118.0,5029772.368389265,1806172.447039776,0.0337454382089633,0.012117860658937,2.3726164013776025,4676.853479853478,2497.0,1052.8192918192926,561.7032967032967,485.4029304029309,1.8729889787151,0.0,0.0,2242.715400667072,1343.939153027315,15.0,19.0,1.0,0.759609019467255,0.8630066964626564,85.0
2025-12-17 12:33:43.123,0,2025-12-17 12:33:43,18686.23809523809,58.39449404761905,5783.853479853478,130.0,12047503.05505057,3249884.093038724,0.0345027164186022,0.0093073086384015,2.457441089172866,5783.853479853478,3706.0,1757.7008547008545,1385.3345543345542,1300.8192918192926,1.5606728224101234,0.0,0.0,3470.951318450112,1802.743490638289,15.0,19.0,1.0,0.7456668436788371,0.81471264854499,123.0
2025-12-17 12:33:46.882,0,2025-12-17 12:33:47,5532.62271062271,17.28944597069597,2993.8534798534783,119.0,900898.1606665548,526005.5575370212,0.0294315808582901,0.0171841566277665,2.240859395865103,2993.8534798534783,397.81929181929263,278.8412698412698,273.8693528693529,240.002442002442,7.525661880686006,0.0,0.0,949.1565522433878,725.2624059862894,15.0,19.0,1.0,0.7563114376751198,0.8813881830446643,118.0
2025-12-17 12:33:47.943,0,2025-12-17 12:33:48,5476.757020757023,17.114865689865695,1512.3345543345542,124.0,794228.5955999977,199439.7164989616,0.0264788166356145,0.006649128112852,3.020176166100204,1512.3345543345542,510.18070818070817,502.013431013431,395.990231990232,360.8693528693529,2.9643115274282668,0.0,0.0,891.1950379125759,446.58674017368855,15.0,19.0,1.0,0.5991480480056262,0.6981757071284994,57.0
2025-12-17 12:33:49.108,0,2025-12-17 12:33:49,7871.105006105005,24.59720314407814,3254.7008547008545,132.0,1783831.0980893737,777999.029916002,0.0287926951051312,0.0125576288497561,2.5781463901453865,3254.7008547008545,961.8534798534783,683.990231990232,671.2588522588524,210.0854700854701,3.3837802980067897,0.0,0.0,1335.6013994037944,882.0425329404484,15.0,19.0,1.0,0.7345714336682829,0.2440040115195141,108.0
2025-12-17 12:33:50.857,0,2025-12-17 12:33:51,5011.695970695972,15.661549908424911,365.93284493284494,135.0,61701.09851109766,112618.0986839537,0.0024565378607541,0.0044837228169205,4.028019053893413,365.93284493284494,283.22222222222223,282.67643467643467,251.18070818070817,235.27960927960928,1.292034368138084,2.0,6.0,248.39705817722088,335.58620156966185,15.0,19.0,1.0,0.2829963803838999,0.3085868246170307,143.0
2025-12-17 12:33:51.922,0,2025-12-17 12:33:52,946269.1086691088,2957.0909645909646,376775.4212454212,110.0,25214658899.56737,15351804472.10847,0.0281594243347393,0.0171447084870725,2.029775506775058,376775.4212454212,140004.9658119658,118627.01343101345,86534.5750915751,64723.22588522588,2.6911575533074177,0.0,0.0,158791.24314510348,123902.39897640592,15.0,19.0,1.0,0.8313334909258691,0.9878476941252728,78.0
2025-12-17 12:33:52.956,0,2025-12-17 12:33:53,130222.69841269842,406.9459325396825,35719.819291819294,151.0,337610379.6970304,267644292.84858647,0.0199086774148565,0.0157828201047361,2.1903572539124845,35719.819291819294,26385.01587301588,23514.234432234432,20803.01343101343,4409.136752136752,1.3537918439665912,1.0,0.0,18374.17698012704,16359.83780019186,15.0,19.0,1.0,0.8510898724351071,0.9349061844746211,44.0
2025-12-17 12:33:54.068,0,2025-12-17 12:33:54,122636.53724053725,383.2391788766789,28253.81929181929,151.0,135445302.66599065,219957755.53893512,0.0090058392222252,0.0146251227844357,2.719882749208652,28253.81929181929,18208.43101343101,15576.853479853478,10219.015873015873,7450.1623931623935,1.5516888451825963,2.0,5.0,11638.097038003709,14830.97284533065,15.0,19.0,1.0,0.6499554198512871,0.6824782791250112,68.0
2025-12-17 12:33:57.894,0,2025-12-17 12:33:58,50299.24175824176,157.1851304945055,13597.383394383394,143.0,28464345.00925123,42792447.80660212,0.011250668234673,0.0169139192581164,2.823830099943068,13597.383394383394,7231.853479853478,5335.442002442002,4367.641025641025,2114.670329670329,1.8802072570000408,2.0,3.0,5335.198685077364,6541.593674832007,15.0,19.0,1.0,0.6490553155632852,0.9223429089673368,106.0
2025-12-17 12:33:59.046,1,2025-12-17 12:33:59,18832.3833943834,58.85119810744811,5078.0,158.0,3927545.53659032,3072044.843742839,0.0110741564546218,0.0086619760148617,3.4021565576330817,5078.0,1226.924297924298,1012.0769230769232,802.4029304029309,670.5750915750916,4.138804658597753,1.0,0.0,1981.8036069677337,1752.7249766414693,15.0,19.0,1.0,0.4667481039919947,0.7340764440645,46.0
2025-12-17 12:34:01.926,1,2025-12-17 12:34:02,29709.855921855924,92.84329975579976,5082.857142857143,123.0,10176806.007121667,8732707.8636096,0.0115294981662604,0.0098934517597679,2.979363031284091,5082.857142857143,4753.853479853478,3660.404151404152,1919.924297924298,1530.7008547008545,1.069207783621622,1.0,0.0,3190.1106575041667,2955.115541499114,15.0,19.0,1.0,0.5704416733395137,0.6472200490769856,74.0
2025-12-17 12:34:03.133,1,2025-12-17 12:34:03,10429.542124542126,32.592319139194146,1414.076923076923,147.0,940098.9406625868,988103.4052456652,0.0086425734316709,0.0090838909273751,3.3470417518756657,1414.076923076923,1273.948717948718,804.6898656898657,765.9242979242979,674.4041514041514,1.1099951694701855,1.0,0.0,969.5869948914263,994.0339054809272,15.0,19.0,1.0,0.4729875863328037,0.676665618877466,133.0
2025-12-17 12:34:05.939,1,2025-12-17 12:34:06,21696.921855921853,67.8028807997558,3284.8534798534783,127.0,3116624.216438719,4447264.480451079,0.0066204603848713,0.0094470607520066,3.1808141113246724,3284.8534798534783,2574.076923076923,1665.924297924298,1582.6898656898657,1518.990231990232,1.2761287164354251,1.0,0.0,1765.3963340957516,2108.8538309828587,15.0,19.0,1.0,0.4897715385205184,0.7639033102212119,61.0
2025-12-17 12:34:07.104,1,2025-12-17 12:34:07,16039.166056166056,50.12239392551893,2636.8571428571427,136.0,2145048.928284669,3683806.751630352,0.0083382254865866,0.0143196786511845,3.004881351370645,2636.8571428571427,2317.0,2271.4041514041514,1462.076923076923,925.948717948718,1.1380479684315945,1.0,0.0,1464.598555333395,1919.3245560952823,15.0,19.0,1.0,0.5993632649990944,0.6411004594445872,104.0
2025-12-17 12:34:10.963,1,2025-12-17 12:34:11,31207.831501831504,97.52447344322346,7204.857142857143,142.0,10125960.38388466,13108345.180853251,0.0103970238219063,0.0134592445500777,2.9785033411575976,7204.857142857143,4141.924297924298,2319.3724053724054,2140.076923076923,2136.3833943833943,1.739495129465808,1.0,0.0,3182.1314215293905,3620.544873475988,15.0,19.0,1.0,0.5749394719258396,0.7646465967223942,37.0
2025-12-17 12:34:12.101,1,2025-12-17 12:34:12,26589.08913308913,83.09090354090355,8244.857142857143,145.0,11692300.82729299,11848338.208884772,0.016538383596432,0.0167590934558742,2.5419293552019493,8244.857142857143,5031.404151404151,2696.3724053724054,2548.076923076923,1634.2466422466423,1.6386791628644164,1.0,0.0,3419.4006532275494,3442.141514941646,15.0,19.0,1.0,0.7580160856234225,0.6339864911033986,101.0
2025-12-17 12:34:15.926,1,2025-12-17 12:34:16,15402.5115995116,48.13284874847375,4495.0,155.0,4567543.249186084,2457503.3689854178,0.0192530517975441,0.0103588377984481,2.946280085599831,4495.0,2903.8534798534783,858.4029304029309,692.8192918192926,505.33455433455424,1.5479431146179108,1.0,0.0,2137.1811456182377,1567.642615198189,15.0,19.0,1.0,0.6138875595269454,0.7645132959223048,74.0
2025-12-17 12:34:16.984,1,2025-12-17 12:34:17,10409.139194139194,32.52855998168498,1031.924297924298,157.0,502782.8678054139,574929.6560490063,0.0046403510685962,0.0053062178818057,3.820926826089328,1031.924297924298,719.0,708.6898656898657,475.5750915750916,474.948717948718,1.4352215548301288,1.0,0.0,709.0718354337689,758.2411595587556,15.0,19.0,1.0,0.3276099886393779,0.6815597733042477,16.0
2025-12-17 12:34:18.042,1,2025-12-17 12:34:18,10840.058608058607,33.87518315018315,1274.1062271062272,136.0,1181212.5793429026,774869.1540076715,0.0100522852242468,0.0065942455098886,3.512971239917033,1274.1062271062272,1179.7008547008545,956.8534798534783,869.9242979242979,680.3345543345542,1.0800248402195416,1.0,0.0,1086.836040690086,880.2665244161404,15.0,19.0,1.0,0.4576469180923946,0.6558542186489879,42.0
2025-12-17 12:34:19.127,1,2025-12-17 12:34:19,14023.139194139192,43.822309981684974,1255.8534798534783,159.0,1159194.132862891,1482714.2702625035,0.0058947539831074,0.0075399241616709,3.5923284275512994,1255.8534798534783,1171.857142857143,953.7008547008544,798.9242979242979,796.8192918192926,1.071677966471638,1.0,0.0,1076.6587820024,1217.6675532601266,15.0,19.0,1.0,0.3549244572310068,0.7398008924896061,127.0
2025-12-17 12:34:21.972,1,2025-12-17 12:34:22,18256.62393162393,57.05194978632478,2860.948717948718,134.0,2515026.111421294,3816083.491421963,0.0075457351743452,0.0114492471066983,3.130109485462925,2860.948717948718,1892.404151404152,1819.857142857143,1657.076923076923,1530.7008547008545,1.511806405531504,1.0,0.0,1585.883385189874,1953.479841570412,15.0,19.0,1.0,0.5346545903856504,0.4674046417995788,28.0
2025-12-17 12:34:23.089,1,2025-12-17 12:34:23,19999.542124542124,62.49856913919414,2627.7008547008545,144.0,2633370.616639713,3288596.6656481028,0.0065837279908947,0.0082218681189731,3.438487209112999,2627.7008547008545,1743.857142857143,1410.924297924298,1009.3833943833944,965.990231990232,1.506832635610341,1.0,0.0,1622.7663469026318,1813.448831825178,15.0,19.0,1.0,0.3879016766256665,0.5816741836274961,89.0
2025-12-17 12:34:25.886,1,2025-12-17 12:34:26,10695.90231990232,33.42469474969475,1820.404151404152,150.0,671256.4178960539,746984.4426385254,0.0058675067090197,0.0065294515059573,3.422060551263873,1820.404151404152,997.948717948718,977.5750915750916,924.0769230769232,589.1684981684982,1.8241459893291565,1.0,0.0,819.3023971013718,864.2826173414142,15.0,19.0,1.0,0.4963745202023659,0.4594039642262123,114.0
2025-12-17 12:34:26.984,1,2025-12-17 12:34:27,33364.86324786325,104.26519764957266,6660.076923076923,147.0,9579806.93356025,11640354.599531466,0.0086055386267961,0.0104565281775093,3.1317990268390234,6660.076923076923,3376.670329670329,2644.8571428571427,2474.924297924298,2253.7008547008545,1.9723799698637403,1.0,0.0,3095.126319483625,3411.7963889322978,15.0,19.0,1.0,0.5218133045800514,0.7330990909221434,16.0
2025-12-17 12:34:28.102,1,2025-12-17 12:34:28,25410.59951159951,79.40812347374847,6478.0,123.0,11148465.224093689,6328978.329348529,0.0172657425377068,0.0098017537091202,3.122016206276508,6478.0,2288.8534798534783,1908.402930402931,1742.7008547008545,1702.3833943833945,2.8302379584436577,1.0,0.0,3338.9317489421205,2515.7460780747583,15.0,19.0,1.0,0.5556870333930691,0.8021922341060764,102.0
2025-12-17 12:34:30.879,1,2025-12-17 12:34:31,30541.122100122106,95.44100656288155,5490.924297924298,121.0,8750563.918631546,11615722.898643255,0.0093813656389196,0.0124530652750875,3.044201779938416,5490.924297924298,3709.383394383394,3319.8571428571427,3118.076923076923,1937.6703296703297,1.480279527383706,1.0,0.0,2958.135209660225,3408.1846925663017,15.0,19.0,1.0,0.5754835081138439,0.9154609655973456,121.0
2025-12-17 12:34:32.022,1,2025-12-17 12:34:32,17123.92551892552,53.51226724664225,3837.924297924298,142.0,3499932.53644936,2877757.5933205527,0.0119358406675327,0.0098140337723488,2.885434746412014,3837.924297924298,3068.670329670329,1582.076923076923,1281.5750915750916,1079.857142857143,1.2506798989826189,1.0,0.0,1870.8106629077563,1696.3954707910984,15.0,19.0,1.0,0.6336224584200345,0.8237203549931265,22.0
2025-12-17 12:34:33.150,1,2025-12-17 12:34:33,20551.152625152627,64.22235195360196,6999.853479853478,115.0,4291257.913875596,4943607.126725776,0.0101604337441245,0.0117050043777758,3.0589707314345174,6999.853479853478,1731.4041514041514,1639.8192918192926,1313.2466422466423,721.3345543345542,4.04287668720941,1.0,0.0,2071.5351587350856,2223.422390533516,15.0,19.0,1.0,0.6036478024339222,0.6741711352012462,150.0
2025-12-17 12:34:34.861,1,2025-12-17 12:34:35,18432.969474969475,57.60302960927961,3409.076923076923,141.0,2275058.5100376424,3313091.611377808,0.0066957921295069,0.0097508581154829,3.077537965756745,3409.076923076923,1892.6898656898657,1764.162393162393,1707.4041514041514,1518.1684981684982,1.801180946162328,1.0,0.0,1508.32970866374,1820.189993208898,15.0,19.0,1.0,0.5583203425512272,0.3998893923281326,139.0
2025-12-17 12:34:35.951,1,2025-12-17 12:34:36,69863.0170940171,218.32192841880345,17781.162393162394,142.0,58565753.03722511,58514166.7082483,0.0119991106343387,0.0119885414870724,2.707156897707963,17781.162393162394,10919.168498168498,7848.246642246642,6988.853479853478,2687.4041514041514,1.6284355714579597,1.0,0.0,7652.826473743222,7649.45532101785,15.0,19.0,1.0,0.6616495692224134,0.2736265111575095,49.0
2025-12-17 12:34:36.998,1,2025-12-17 12:34:37,82668.95482295482,258.3404838217338,21849.162393162394,142.0,79220408.06211895,80466157.22810437,0.0115918347490509,0.0117741175575357,2.8408317290973013,21849.162393162394,8695.431013431013,8203.853479853478,6055.168498168498,5617.136752136752,2.512717582304033,2.0,3.0,8900.58470338432,8970.29304025818,15.0,19.0,1.0,0.609911571335738,0.4217946436966407,2.0
2025-12-17 12:34:38.063,1,2025-12-17 12:34:38,56989.61294261294,178.09254044566543,11243.641025641024,131.0,40231875.3922273,43113828.228330985,0.012387362953594,0.013274713976829,2.8320264646040623,11243.641025641024,9799.442002442003,8731.853479853478,3773.015873015873,2579.7008547008545,1.1473756386167684,2.0,3.0,6342.860190184496,6566.112109028522,15.0,19.0,1.0,0.6339339990259665,0.8690570672079778,63.0
2025-12-17 12:34:40.949,1,2025-12-17 12:34:41,13201.91208791209,41.25597527472528,1858.6410256410256,142.0,1325331.618808502,1865631.702234045,0.0076041536961277,0.0107041513254698,3.306975085948019,1858.6410256410256,1836.3833943833945,1710.924297924298,939.4420024420024,670.7960927960928,1.012120361861632,1.0,0.0,1151.230480315954,1365.8812914137322,15.0,19.0,1.0,0.5314523204264048,0.8646146458600542,51.0
2025-12-17 12:34:42.082,1,2025-12-17 12:34:42,61051.53968253968,190.7860615079365,18726.3833943834,143.0,43000232.63586485,63553317.64875783,0.0115365927779041,0.0170508088085779,2.7863156796839723,18726.3833943834,8882.924297924297,4614.372405372405,3296.8534798534783,2953.076923076923,2.108132723674921,1.0,0.0,6557.456262596408,7972.033470122778,15.0,19.0,1.0,0.6301824769803973,0.9131224441743871,82.0
2025-12-17 12:34:45.925,1,2025-12-17 12:34:46,18013.384615384617,56.291826923076925,3326.6898656898657,158.0,3236436.038539971,3830844.215129816,0.0099741612359872,0.0118060290444952,3.062381961844302,3326.6898656898657,2589.076923076923,1874.6703296703297,1802.0,1091.4786324786326,1.2848941783216934,1.0,0.0,1799.0097383116,1957.2542540839747,15.0,19.0,1.0,0.5931098446535357,0.794155031376028,75.0
2025-12-17 12:34:47.018,1,2025-12-17 12:34:47,14675.19291819292,45.85997786935288,2718.4041514041514,135.0,1861318.2129120824,2446900.456044444,0.0086427706540531,0.011361839855316,3.2421142660057805,2718.4041514041514,1836.857142857143,1425.948717948718,1110.076923076923,798.7008547008545,1.4799213765607948,1.0,0.0,1364.3013644030714,1564.2571579009775,15.0,19.0,1.0,0.5376411631499569,0.4327714749242632,18.0
2025-12-17 12:34:48.090,1,2025-12-17 12:34:48,21644.20879120879,67.63815247252748,3126.7008547008545,157.0,4153591.2421435257,4931251.060092086,0.0088662572024938,0.0105262501002105,3.208650889489963,3126.7008547008545,3002.948717948718,1830.924297924298,1763.4041514041514,1746.0,1.0412102064918476,1.0,0.0,2038.036123856377,2220.6420378107064,15.0,19.0,1.0,0.5299328856334191,0.3635185233135536,90.0
2025-12-17 12:34:50.862,1,2025-12-17 12:34:51,53358.67765567766,166.74586767399268,9646.0,137.0,30230731.68972084,32201089.981767613,0.0106178978334759,0.0113099440351696,2.860964419378225,9646.0,8107.404151404151,8010.246642246642,4456.853479853478,3472.5409035409034,1.1897766313189386,1.0,0.0,5498.248056401315,5674.60042485527,15.0,19.0,1.0,0.6314445308121203,0.4728349900208733,138.0
2025-12-17 12:34:51.980,1,2025-12-17 12:34:52,20944.297924297927,65.45093101343102,6976.853479853478,157.0,5152002.992546991,5555682.321761104,0.0117447693631571,0.012665017395845,2.8402261090634657,6976.853479853478,3166.076923076923,1972.8192918192929,844.9487179487179,770.6703296703297,2.2036272804992003,1.0,0.0,2269.802412666572,2357.049494974831,15.0,19.0,1.0,0.6556137041212554,0.7971452856521191,20.0
2025-12-17 12:34:53.091,1,2025-12-17 12:34:53,23769.69597069597,74.28029990842492,6774.540903540904,123.0,6655000.157114219,6698161.175266672,0.0117787937256753,0.0118551851182832,2.9174537597560586,6774.540903540904,3293.168498168498,2253.2466422466423,1193.035409035409,1011.6898656898657,2.0571497957989457,1.0,0.0,2579.7286983545805,2588.080596748616,15.0,19.0,1.0,0.6111008460768039,0.1950320898327227,91.0
2025-12-17 12:34:55.869,1,2025-12-17 12:34:56,59848.86813186813,187.0277129120879,14674.162393162393,140.0,51075647.02720855,62947062.22447254,0.0142594243731203,0.017573715176272,2.567243383995871,14674.162393162393,10345.246642246642,8718.136752136752,5696.372405372405,2564.4041514041514,1.4184449052414505,1.0,0.0,7146.722817292452,7933.9184659582015,15.0,19.0,1.0,0.7017396260825611,0.3862524862431706,131.0
2025-12-17 12:34:56.931,1,2025-12-17 12:34:57,53953.770451770455,168.60553266178266,14541.162393162393,154.0,45526465.282861724,47788711.86246455,0.0156394088346046,0.0164165436049689,2.5677588535179336,14541.162393162393,9914.168498168498,8633.246642246642,4355.540903540904,2798.7008547008545,1.466705190238314,2.0,4.0,6747.330233719239,6912.938005107853,15.0,19.0,1.0,0.7458759407332208,0.1615732031976515,69.0
2025-12-17 12:34:58.049,1,2025-12-17 12:34:58,111296.6275946276,347.8019612332112,37540.16239316239,159.0,220807624.5617418,230555395.5971338,0.0178258421201188,0.0186127815559505,2.400489978960363,37540.16239316239,18450.1684981685,12921.246642246642,8127.431013431013,5783.196581196581,2.034678566587989,1.0,0.0,14859.597052468878,15184.050697924244,15.0,19.0,1.0,0.7441573650359401,0.1345845000026208,49.0
2025-12-17 12:35:01.954,1,2025-12-17 12:35:02,36581.10866910868,114.3159645909646,11321.853479853478,152.0,21403717.606620133,19895416.34819233,0.0159946774051288,0.0148675464785443,2.8636862917114434,11321.853479853478,2966.015873015873,2738.0,2436.641025641026,2101.5982905982905,3.817192477913981,0.0,0.0,4626.41520041383,4460.427821206429,15.0,19.0,1.0,0.589487564856615,0.906333052602772,46.0
2025-12-17 12:35:03.122,1,2025-12-17 12:35:03,53172.31501831502,166.16348443223444,18050.641025641027,147.0,49404796.02141279,60123165.95981266,0.0174742269718812,0.0212652603159115,2.346273778595441,18050.641025641027,9786.015873015873,6501.136752136752,4498.598290598291,2173.8192918192926,1.844534206756432,1.0,0.0,7028.85453124567,7753.912945075709,15.0,19.0,1.0,0.7712699967846922,0.9821796235272948,122.0
2025-12-17 12:35:05.930,1,2025-12-17 12:35:06,24722.097680097675,77.25655525030524,3726.383394383394,138.0,4457272.86761918,6054188.130001878,0.0072928719078572,0.0099057023990898,3.165605754409824,3726.383394383394,2806.3724053724054,2158.6898656898657,1754.6410256410256,1695.924297924298,1.3278292600256578,1.0,0.0,2111.2254421589323,2460.5259864512464,15.0,19.0,1.0,0.4911399973467998,0.8254055163038392,70.0
2025-12-17 12:35:07.070,1,2025-12-17 12:35:07,16821.52991452991,52.56728098290597,2618.8571428571427,127.0,2229962.1224954696,3553261.441629474,0.0078807309675706,0.0125572973623371,3.059718056842462,2618.8571428571427,2344.8534798534783,1678.3833943833945,1624.076923076923,1512.3724053724054,1.1168532129434667,1.0,0.0,1493.305769926397,1885.0096661899304,15.0,19.0,1.0,0.5813111765236266,0.8767155702619958,70.0
2025-12-17 12:35:08.132,1,2025-12-17 12:35:08,41388.85592185592,129.34017475579975,8924.853479853478,144.0,20450765.79050129,19923135.83491814,0.0119383066919148,0.0116302982635694,3.012208995093588,8924.853479853478,5257.076923076923,4829.700854700855,2245.8192918192926,2090.924297924298,1.6976836387298169,1.0,0.0,4522.252291779097,4463.5340073666,15.0,19.0,1.0,0.5641222577269858,0.7296925053970662,132.0
2025-12-17 12:35:10.912,1,2025-12-17 12:35:11,14109.264957264955,44.09145299145298,2401.334554334554,140.0,1671590.6704998128,1134544.4107682763,0.0083969421335353,0.0056991845750722,3.298917995798816,2401.334554334554,1510.076923076923,1287.4041514041514,817.6703296703297,748.9487179487179,1.5902067753211009,1.0,0.0,1292.9001007424406,1065.1499475511775,15.0,19.0,1.0,0.4795029859404991,0.6024927722653952,88.0
2025-12-17 12:35:12.024,1,2025-12-17 12:35:12,6874.832722832723,21.48385225885226,890.6898656898657,142.0,218037.9258605152,187678.0801500684,0.0046132582930423,0.0039709030264232,3.7322467388082448,890.6898656898657,594.8571428571429,460.4847374847375,324.0854700854701,298.43589743589746,1.4973172574011957,1.0,0.0,466.9453135652132,433.2182823359009,15.0,19.0,1.0,0.3736168161622392,0.6450229536053486,24.0
2025-12-17 12:35:13.071,1,2025-12-17 12:35:13,4023.4652014652015,12.573328754578757,411.8852258852259,122.0,61466.86942571104,68616.28287764193,0.003796999986301,0.0042386415247862,3.80805411674246,411.8852258852259,396.22222222222223,279.40415140415143,208.47863247863248,160.37240537240535,1.0395308561294665,1.0,0.0,247.92512866934453,261.9470993877236,15.0,19.0,1.0,0.3619672507250517,0.6115929204075418,71.0
2025-12-17 12:35:15.897,1,2025-12-17 12:35:16,41564.99023199023,129.89059447496948,3549.076923076923,139.0,9719823.907529186,9569625.192108704,0.0056260427957864,0.0055391045540171,3.639745389536088,3549.076923076923,3286.946275946276,2962.162393162393,2918.5824175824177,2442.948717948718,1.0797489904376678,2.0,3.0,3117.663212652897,3093.481079966177,15.0,19.0,1.0,0.3647232116043849,0.3256311291139763,103.0
2025-12-17 12:35:16.973,1,2025-12-17 12:35:17,128275.40415140416,400.860637973138,19429.46398046398,121.0,270059622.9599863,97970764.689577,0.0164124295048051,0.0059540121228628,3.0216038636836746,19429.46398046398,13070.28205128205,12917.539682539682,12575.118437118435,10748.196581196582,1.4865374675335852,2.0,4.0,16433.490893902803,9898.018220309406,14.0,19.0,1.0,0.5358829402046964,0.1393107031730291,27.0
2025-12-17 12:35:18.028,1,2025-12-17 12:35:18,436753.9914529915,1364.8562232905983,120417.40293040292,93.0,4117642720.8164544,3409107799.675209,0.0215861353471691,0.0178717454054119,2.1761600014010742,120417.40293040292,99284.8192918193,86865.85347985348,38186.0,16120.598290598293,1.2128480848262335,0.0,0.0,64168.86099048708,58387.56545425754,14.0,17.0,0.8947368421052632,0.8262653142381521,0.914707208721692,28.0
2025-12-17 12:35:19.147,1,2025-12-17 12:35:19,11789.46153846154,36.84206730769231,4430.0,128.0,3802385.748212937,1557119.6238288265,0.0273569850804081,0.011202992315421,2.658463737703037,4430.0,1552.3345543345542,885.4029304029309,851.990231990232,649.8412698412699,2.853766275850358,0.0,0.0,1949.970704449925,1247.845993634161,15.0,19.0,1.0,0.7099195293409863,0.8140451380958837,147.0
2025-12-17 12:35:20.879,1,2025-12-17 12:35:21,3611.1098901098894,11.284718406593408,408.5409035409035,135.0,119610.03598761682,27371.173117917555,0.0091724681342044,0.0020989978904937,3.956675110207311,408.5409035409035,211.35775335775332,195.18070818070817,194.7008547008545,180.8852258852259,1.932935494670292,1.0,0.0,345.8468389151719,165.44235587635217,15.0,19.0,1.0,0.3297228502865866,0.3522675747311195,121.0
2025-12-17 12:35:22.035,1,2025-12-17 12:35:22,12419.584859584858,38.81120268620269,4244.853479853478,147.0,4647197.877620156,1645482.907330777,0.0301284650737831,0.0106679068997187,2.682282287507741,4244.853479853478,1902.7008547008545,1363.8192918192926,469.8693528693529,402.18070818070817,2.2309620923141016,0.0,0.0,2155.736040803733,1282.7637769015685,15.0,19.0,1.0,0.6750164181979943,0.6739078457357367,35.0
2025-12-17 12:35:25.945,0,2025-12-17 12:35:26,3992.340659340659,12.47606456043956,594.0,125.0,297672.1392462197,46538.740646113154,0.0186759630071173,0.0029198426191499,3.44840210935486,594.0,497.5750915750916,331.33455433455424,330.0854700854701,292.8852258852259,1.193789661211694,0.0,0.0,545.5933827001751,215.7283955489244,15.0,19.0,1.0,0.5124513453262552,0.6347328079682126,55.0
2025-12-17 12:35:29.937,0,2025-12-17 12:35:30,12968.10012210012,40.52531288156288,4671.0,134.0,4678646.433909929,2576748.5733941155,0.0278206656527287,0.0153221367641655,2.197763050942517,4671.0,3164.8534798534783,1733.402930402931,880.8192918192926,351.0854700854701,1.47589770892483,0.0,0.0,2163.017899581492,1605.2253964456563,15.0,19.0,1.0,0.8329023581297847,0.9013766663646756,63.0
2025-12-17 12:35:30.938,0,2025-12-17 12:35:31,3228.31746031746,10.088492063492064,489.8693528693529,114.0,211529.11528193345,28990.80805255523,0.0202963378263052,0.0027816843714775,3.42960028468622,489.8693528693529,310.002442002442,282.18070818070817,237.5409035409035,217.7008547008545,1.5802112709290008,0.0,0.0,459.9229449396208,170.2668730333509,15.0,19.0,1.0,0.4761905482314658,0.4879655460378096,62.0
2025-12-17 12:35:33.966,0,2025-12-17 12:35:34,10508.29181929182,32.83841193528694,3314.0,117.0,2961409.85397504,1364759.512071136,0.0268184866679486,0.0123592432605393,2.400143913309217,3314.0,2180.8534798534783,1146.402930402931,1061.8192918192926,709.5750915750916,1.5195885604479642,0.0,0.0,1720.8747351202062,1168.2292206887894,15.0,19.0,1.0,0.8005726276277834,0.9210060408135452,34.0
2025-12-17 12:35:35.888,0,2025-12-17 12:35:36,11604.604395604394,36.26438873626373,5020.853479853478,122.0,4753951.02979446,1806877.9815130085,0.0353015702870007,0.01341739316721,2.292518726911064,5020.853479853478,2174.7008547008545,839.8192918192926,579.990231990232,419.5750915750916,2.3087559233712738,0.0,0.0,2180.355711757708,1344.201614904925,15.0,19.0,1.0,0.7785650110882224,0.6468969255708332,112.0
2025-12-17 12:35:38.091,0,2025-12-17 12:35:38,4967.6373626373625,15.523866758241756,1896.8534798534783,123.0,539162.9458256122,289354.15222126414,0.0218484316717532,0.0117254616117279,2.720915134978993,1896.8534798534783,540.8192918192926,300.002442002442,282.4029304029309,271.61538461538464,3.5073702224435044,0.0,0.0,734.2771587252406,537.916491865851,15.0,19.0,1.0,0.6626275809603938,0.7313018696101141,91.0
2025-12-17 12:35:41.966,0,2025-12-17 12:35:42,4988.311355311354,15.588472985347982,1211.7008547008545,128.0,395183.8580774708,189245.130916418,0.0158815209129793,0.007605322036558,3.309652303380548,1211.7008547008545,667.3577533577534,260.12454212454213,244.8693528693529,217.6153846153846,1.8156691049178195,1.0,0.0,628.63650711478,435.02313836900447,15.0,19.0,1.0,0.5215528266689317,0.2229399766535584,34.0
2025-12-17 12:35:42.888,0,2025-12-17 12:35:43,4281.290598290599,13.37903311965812,953.3345543345542,136.0,201737.8852128345,94422.91043430891,0.0110062164527941,0.0051514319645335,3.417131912678503,953.3345543345542,364.8693528693529,342.013431013431,260.5409035409035,195.6153846153846,2.6128107138483005,1.0,0.0,449.1524075554249,307.2831112090427,15.0,19.0,1.0,0.4943307579303637,0.5140032004543662,112.0
2025-12-17 12:35:44.993,0,2025-12-17 12:35:45,322467.608058608,1007.71127518315,71195.45543345543,83.0,2067175845.8855217,1011136706.0916488,0.019879489581355,0.0097238373088013,2.6772995177914027,71195.45543345543,62427.83028083028,41727.333333333336,23514.603174603173,22490.15506715507,1.1404441755092725,2.0,4.0,45466.20553648085,31798.37584046784,14.0,16.0,0.8421052631578947,0.6864422092563964,0.9706826068428168,7.0
2025-12-17 12:35:49.072,0,2025-12-17 12:35:49,31873.89743589744,99.60592948717948,5569.076923076923,158.0,6236002.937320234,13048114.188780343,0.0061381284066969,0.0128433230646288,3.201113142450072,5569.076923076923,3498.6898656898657,2654.3833943833943,2630.3724053724054,2325.670329670329,1.5917606695262856,1.0,0.0,2497.1990183644225,3612.21735071138,15.0,19.0,1.0,0.5232555244219637,0.8361875295971095,72.0
2025-12-17 12:35:51.975,1,2025-12-17 12:35:52,307701.81440781447,961.5681700244202,81661.01587301587,145.0,1982091521.4004729,1937588873.357177,0.020934548052656,0.0204645178780279,1.9884962054947848,81661.01587301587,63143.819291819294,62625.59829059829,55441.40293040293,11111.853479853478,1.293254300878096,1.0,0.0,44520.68644350032,44018.05167607009,15.0,18.0,0.9473684210526316,0.8904194809282567,0.9820695301850682,25.0
2025-12-17 12:58:49.133,0,2025-12-17 12:58:49,8865.675213675215,27.705235042735048,1854.7008547008545,134.0,1236278.1167868474,609352.0046865277,0.0157286898005489,0.0077525506040398,3.123741312317599,1854.7008547008545,1289.2588522588524,799.3577533577534,612.2222222222222,538.5982905982906,1.4385791119059437,0.0,0.0,1111.8804417682898,780.6100208724762,15.0,19.0,1.0,0.5745910887057696,0.354578467833814,133.0
2025-12-17 12:58:54.873,0,2025-12-17 12:58:55,13146.114774114772,41.08160866910866,4833.0,140.0,2787830.618898628,2687866.7087447536,0.0161313808389958,0.0155529540529795,2.9541274068455765,4833.0,1685.402930402931,497.33455433455424,403.22222222222223,323.18070818070817,2.8675635438949323,1.0,0.0,1669.6797953196378,1639.471472379057,15.0,19.0,1.0,0.5889299270674566,0.8466648177504227,127.0
2025-12-17 12:58:55.906,0,2025-12-17 12:58:56,5656.065934065935,17.675206043956045,1647.0,121.0,495274.8845001936,225556.0864573075,0.0154816547566133,0.0070505926467658,3.3365817197386765,1647.0,428.33455433455424,261.4029304029309,198.8693528693529,188.7032967032967,3.845125225899361,1.0,0.0,703.7576887680827,474.92745388880974,15.0,19.0,1.0,0.4816616648510756,0.8347958840475366,94.0
2025-12-17 12:58:56.897,0,2025-12-17 12:58:57,14712.69230769231,45.97716346153847,5656.853479853478,136.0,7552279.212945159,3174594.538859277,0.0348894186297044,0.0146657392719253,2.121563051555249,5656.853479853478,4586.0,890.4029304029309,824.8192918192926,236.22222222222223,1.2335049018430535,0.0,0.0,2748.1410467705546,1781.7391893482268,15.0,19.0,1.0,0.8288284475249639,0.9194773809626922,103.0
2025-12-17 12:58:57.910,0,2025-12-17 12:58:58,3624.8205128205136,11.327564102564104,890.0,127.0,87061.93945962128,124157.96721699688,0.0066260593859317,0.0094493422627915,3.5832863553538523,890.0,330.4029304029309,161.36996336996336,129.43589743589746,117.72283272283272,2.693680709526211,1.0,0.0,295.0626026110752,352.3605642193758,15.0,19.0,1.0,0.4493826985832424,0.7909744510104504,90.0
2025-12-17 12:58:58.891,0,2025-12-17 12:58:59,2567.830280830281,8.024469627594627,231.18070818070817,141.0,41275.69160852726,10020.10821966021,0.0062598182962244,0.0015196367236792,4.034973600636015,231.18070818070817,166.57509157509162,161.7032967032967,152.25885225885236,111.68986568986568,1.3878468022639787,1.0,0.0,203.1641986387544,100.10049060649108,15.0,19.0,1.0,0.3206628648920105,0.5642106974952786,109.0
2025-12-17 12:58:59.902,0,2025-12-17 12:59:00,13661.296703296704,42.6915521978022,4685.700854700855,143.0,6461831.400126472,1702519.997715416,0.034623564380935,0.0091223845223778,2.5458539959386006,4685.700854700855,2535.8534798534783,1547.990231990232,747.2588522588524,652.2222222222222,1.8477805961288216,0.0,0.0,2542.0132572680404,1304.806498188684,15.0,19.0,1.0,0.7443675268813199,0.3715007469208123,98.0
2025-12-17 12:59:00.952,0,2025-12-17 12:59:01,3775.034188034189,11.79698183760684,496.81929181929263,147.0,108498.43061704714,39293.318449533486,0.0076134531240681,0.0027572549796642,3.7593454363079455,496.81929181929263,306.18070818070817,259.5750915750916,238.35775335775332,215.2087912087912,1.6226342109198035,1.0,0.0,329.390999599332,198.22542331783148,15.0,19.0,1.0,0.4016232862067803,0.7201471139510209,48.0
2025-12-17 12:59:01.953,0,2025-12-17 12:59:02,2301.482295482296,7.192132173382174,609.4358974358975,114.0,35204.79391576786,26768.06608883045,0.006646400838291,0.0050536099520397,3.4277899185619907,609.4358974358975,157.002442002442,113.22832722832725,100.83028083028084,85.3992673992674,3.881696931965789,1.0,0.0,187.62940578642747,163.6094926611242,15.0,19.0,1.0,0.4631346576022145,0.4879708039728076,47.0
2025-12-17 12:59:02.980,0,2025-12-17 12:59:03,6939.109890109891,21.68471840659341,1431.0,144.0,402071.8923656711,424371.8760672542,0.0083501866557288,0.0088133103653528,3.5006967769728163,1431.0,487.61538461538464,425.4029304029309,407.6898656898657,324.43589743589746,2.9346900141918044,1.0,0.0,634.0913911777001,651.4383133246419,15.0,19.0,1.0,0.443305283654316,0.6995115896500409,20.0
2025-12-17 12:59:04.041,0,2025-12-17 12:59:04,2942.1782661782663,9.194307081807082,314.43589743589746,129.0,64002.64328119479,25214.345843541883,0.0073936679836144,0.0029127937852834,3.763037941364463,314.43589743589746,251.0854700854701,231.18070818070817,203.68986568986568,157.37606837606836,1.2523062259540962,1.0,0.0,252.98743700269932,158.79025739491036,15.0,19.0,1.0,0.3935070906738413,0.6786757711925264,41.0
2025-12-17 12:59:05.095,0,2025-12-17 12:59:05,9457.822954822954,29.55569673382173,3124.8534798534783,121.0,2823593.952638069,621603.5211728581,0.0315660240505767,0.0069491407151277,2.8273735189112914,3124.8534798534783,1050.7008547008545,811.2222222222222,611.0854700854701,444.61538461538464,2.974065801764464,0.0,0.0,1680.3553054750264,788.4183668413986,15.0,19.0,1.0,0.638886712126013,0.5892095708767189,95.0
2025-12-17 12:59:06.093,0,2025-12-17 12:59:06,21513.881562881565,67.23087988400489,8140.853479853478,113.0,16780051.929686435,6586701.20177984,0.0362539852431803,0.0142308360648218,1.9810028648905496,8140.853479853478,5235.700854700855,2506.0,2027.8192918192929,972.2588522588524,1.554873684684007,0.0,0.0,4096.34616819507,2566.456935500738,15.0,19.0,1.0,0.8776952881998885,0.6802539791867603,93.0
2025-12-17 12:59:07.106,0,2025-12-17 12:59:07,5752.199023199022,17.975621947496943,903.2222222222222,132.0,595985.6026057939,105366.68313594186,0.0180122497669564,0.0031844578215686,3.4640852686668406,903.2222222222222,871.3345543345542,360.1965811965812,295.8852258852259,255.0854700854701,1.0365963540961418,0.0,0.0,772.0010379564226,324.60234616518386,15.0,19.0,1.0,0.4669038819574693,0.6449915316135341,106.0
2025-12-17 12:59:14.861,0,2025-12-17 12:59:15,3346.150183150183,10.456719322344322,579.0854700854701,138.0,119615.1500347122,39427.61488209288,0.0106830517184236,0.003521353681346,3.6150898057966527,579.0854700854701,409.5750915750916,238.8693528693529,205.75213675213675,157.37606837606836,1.4138688655530376,1.0,0.0,345.8542323504401,198.563881111578,15.0,19.0,1.0,0.475369613613739,0.5277199719611324,139.0
2025-12-17 12:59:16.011,0,2025-12-17 12:59:16,6840.743589743589,21.37732371794872,2414.7008547008545,139.0,1186666.15614652,452353.8986146295,0.0253584049072269,0.0096665547112949,2.94233299485548,2414.7008547008545,502.8693528693529,424.2588522588524,406.5409035409035,344.33455433455424,4.801845332028814,0.0,0.0,1089.342074899579,672.5725972819807,15.0,19.0,1.0,0.5982835731250271,0.3297249886614032,11.0
2025-12-17 12:59:17.051,0,2025-12-17 12:59:17,14503.905982905984,45.3247061965812,4518.0,143.0,7777223.603454456,2130971.5903328424,0.0369704412269871,0.0101299594757422,2.416730511017936,4518.0,4327.853479853478,1109.5750915750916,639.3577533577534,626.4029304029309,1.0439355262442744,0.0,0.0,2788.7673985928723,1459.784775346298,15.0,19.0,1.0,0.7736667121541986,0.8385844274696508,51.0
2025-12-17 12:59:18.096,0,2025-12-17 12:59:18,3614.164835164836,11.29426510989011,389.8412698412698,133.0,115830.2368551296,19383.23488969618,0.0088675987270529,0.0014839195161882,3.7777499388902114,389.8412698412698,294.0854700854701,278.002442002442,188.36752136752136,183.22222222222223,1.325605340946102,0.0,0.0,340.33841519159955,139.22368652530423,15.0,19.0,1.0,0.3689701456180918,0.5782680478822562,96.0
2025-12-17 12:59:19.085,0,2025-12-17 12:59:19,16671.678876678878,52.09899648962149,7771.853479853478,130.0,9480897.32118388,4095519.3268709504,0.0341107108656989,0.0147350056509558,2.2560446713990965,7771.853479853478,1779.7008547008545,1348.8192918192926,1296.3345543345542,618.990231990232,4.366943725020272,0.0,0.0,3079.106578406126,2023.738947312857,15.0,19.0,1.0,0.7687107283853003,0.732577199311079,85.0
2025-12-17 12:59:20.106,0,2025-12-17 12:59:20,18533.908424908423,57.91846382783884,5594.0,144.0,11052663.43841043,3310110.384870392,0.0321760642093806,0.0096362587060775,2.543074296790266,5594.0,3150.7008547008545,2764.8534798534783,1130.990231990232,856.2588522588524,1.775477983462619,0.0,0.0,3324.554622563815,1819.3708761191024,15.0,19.0,1.0,0.7282221919616167,0.668352781895748,106.0
2025-12-17 12:59:28.860,0,2025-12-17 12:59:29,4189.766788766789,13.093021214896217,737.0,126.0,370795.90608124936,77966.71344688724,0.0211229820854405,0.0044414985828845,3.3038838488069926,737.0,564.4358974358975,374.5750915750916,324.8852258852259,206.18070818070817,1.305728433196251,0.0,0.0,608.9301323479151,279.2252020267641,15.0,19.0,1.0,0.526777988930984,0.8110402722603494,140.0
2025-12-17 12:59:29.897,0,2025-12-17 12:59:30,2656.4065934065934,8.301270604395604,341.5750915750916,135.0,57345.7207368233,18299.131225470024,0.0081266567460902,0.0025932320024982,3.7964136471337366,341.5750915750916,328.3577533577534,251.2588522588524,126.2148962148962,85.1062271062271,1.040252858600532,0.0,0.0,239.46966558798903,135.27428146351406,15.0,19.0,1.0,0.426332634214724,0.394068846390061,103.0
2025-12-17 12:59:30.922,0,2025-12-17 12:59:31,6674.063492063491,20.85644841269841,1901.7008547008545,135.0,1218678.3061324875,262644.62864088704,0.0273595161380851,0.0058964124656376,3.038473224531181,1901.7008547008545,933.869352869353,370.22222222222223,294.8412698412698,281.5409035409035,2.03636713085804,0.0,0.0,1103.937636885566,512.4886619632546,15.0,19.0,1.0,0.5666974261889529,0.4575955835081926,78.0
2025-12-17 12:59:31.968,0,2025-12-17 12:59:32,23103.76556776557,72.19926739926741,11495.853479853478,146.0,16916473.510247316,10847793.864935588,0.0316916094075526,0.0203224416656896,2.0237054024353247,11495.853479853478,3317.8192918192926,3110.0,1073.402930402931,629.990231990232,3.464882342505875,0.0,0.0,4112.964078404687,3293.5989229011457,15.0,19.0,1.0,0.8495180526523699,0.918680461837366,32.0
2025-12-17 12:59:32.995,0,2025-12-17 12:59:33,12260.253968253968,38.31329365079365,3002.7008547008545,101.0,5574909.885070745,895180.559012435,0.0370884700546691,0.0059554105879566,2.628947261202754,3002.7008547008545,2043.990231990232,1364.8534798534783,1207.0,680.3345543345542,1.4690387496498245,0.0,0.0,2361.124707649036,946.1398200120504,15.0,19.0,1.0,0.6768929210085783,0.4495247953719666,5.0
2025-12-17 12:59:34.014,0,2025-12-17 12:59:34,26251.51282051282,82.03597756410257,9305.853479853478,145.0,23386771.331723355,11639359.375308262,0.0339360739361725,0.0168896405034904,1.938361145719588,9305.853479853478,9270.0,1879.8192918192929,1844.402930402931,874.5750915750916,1.003867689304474,0.0,0.0,4835.987110376056,3411.6505353433054,15.0,19.0,1.0,0.8827929632893894,0.9660848198573128,14.0
2025-12-17 12:59:35.059,0,2025-12-17 12:59:35,4055.7240537240536,12.674137667887669,1057.0,144.0,174668.92732077357,98839.61615014893,0.0106188835002022,0.0060088899909234,3.51649767739558,1057.0,360.4029304029309,299.22222222222223,246.0854700854701,184.75213675213675,2.9328285394775784,0.0,0.0,417.93411839759335,314.3876844759491,15.0,19.0,1.0,0.5294893663907888,0.6614104246156439,59.0
2025-12-17 12:59:36.106,0,2025-12-17 12:59:36,7760.736263736264,24.252300824175823,2092.8534798534783,124.0,1472334.184075198,695600.0375752725,0.0244455912493822,0.0115492490601247,2.6046778350375868,2092.8534798534783,2054.7008547008545,979.8192918192926,309.002442002442,223.8852258852259,1.01856845733252,0.0,0.0,1213.3977847660667,834.0264010061506,15.0,19.0,1.0,0.7293459153752423,0.5738774895008625,106.0
2025-12-17 12:59:37.093,0,2025-12-17 12:59:37,11583.794871794871,36.19935897435897,3754.700854700856,139.0,3157705.2618652526,1466363.5138349426,0.0235325979000413,0.0109279809496805,2.763218164836376,3754.700854700856,2036.8534798534783,944.2588522588524,801.869352869353,604.8192918192926,1.84338289024555,0.0,0.0,1776.9933207148677,1210.9349750646988,15.0,19.0,1.0,0.7029217904511695,0.4470485693878731,93.0
2025-12-17 12:59:49.853,0,2025-12-17 12:59:50,13922.482295482294,43.50775717338217,6532.853479853478,148.0,4383649.296401858,3404210.2274595983,0.022615305227066,0.0175623659981856,2.461906625870921,6532.853479853478,1717.8192918192926,845.4029304029309,650.0,395.6898656898657,3.802992265228853,0.0,0.0,2093.7166227553,1845.0501964606813,15.0,19.0,1.0,0.7284452120334705,0.8684407551211991,147.0
2025-12-17 12:59:50.891,0,2025-12-17 12:59:51,15345.37484737485,47.9542963980464,4994.0,128.0,7023846.021744867,3202925.1626910185,0.0298277146115387,0.0136016560413052,2.272855248743716,4994.0,4204.853479853478,1725.402930402931,928.8192918192926,564.869352869353,1.1876751529931626,0.0,0.0,2650.253954198516,1789.6718030664222,15.0,19.0,1.0,0.8092304800927426,0.9425598403291844,109.0
2025-12-17 12:59:51.945,0,2025-12-17 12:59:52,4749.317460317459,14.84161706349206,672.8534798534783,146.0,198488.51656415573,78432.00718191348,0.0087998037234069,0.003477210071297,3.645968146769916,672.8534798534783,528.4029304029309,385.33455433455424,292.18070818070817,223.22222222222223,1.2733719688857972,1.0,0.0,445.5205007226444,280.05714984965743,15.0,19.0,1.0,0.4425886272199094,0.7595107169179703,55.0
2025-12-17 12:59:52.960,0,2025-12-17 12:59:53,9241.566544566544,28.879895451770448,3956.8534798534783,132.0,1995582.1570778785,1494939.774417009,0.0233656798656288,0.017503806627822,2.282970418587799,3956.8534798534783,1675.8192918192926,1010.4029304029308,409.5750915750916,308.22222222222223,2.3611456791116794,0.0,0.0,1412.6507555223543,1222.6772977433616,15.0,19.0,1.0,0.7964962412351991,0.8877969856158031,40.0
2025-12-17 12:59:53.981,0,2025-12-17 12:59:54,5967.329670329671,18.64790521978022,761.2588522588524,157.0,189546.0232878624,163733.17173021016,0.0053229773023661,0.0045980809391116,3.852698423968516,761.2588522588524,318.002442002442,301.8302808302808,280.43589743589746,264.3577533577534,2.393877378622812,1.0,0.0,435.36883591715934,404.6395577921296,15.0,19.0,1.0,0.3227381982028999,0.4362797184424106,19.0
2025-12-17 12:59:54.998,0,2025-12-17 12:59:55,5612.08424908425,17.53776327838828,753.4029304029309,130.0,325928.9489201388,103374.4001354097,0.0103484325173109,0.0032821969553889,3.57097553271002,753.4029304029309,584.3345543345542,505.7032967032967,399.18070818070817,253.84126984126985,1.28933489353479,1.0,0.0,570.9018732848393,321.51889545625414,15.0,19.0,1.0,0.4448370068339004,0.7141818729293201,2.0
2025-12-17 12:59:56.001,0,2025-12-17 12:59:56,4376.163614163615,13.675511294261296,404.33455433455424,154.0,86032.9772159672,61548.98947835373,0.0044923941232702,0.0032139108464383,4.051418298476905,404.33455433455424,380.0854700854701,267.990231990232,226.4029304029309,171.3821733821734,1.0637990298407551,2.0,4.0,293.3137862698704,248.09068801217373,15.0,19.0,1.0,0.3313850870432308,0.6758653131989445,1.0
2025-12-17 12:59:57.035,0,2025-12-17 12:59:57,17540.85592185592,54.81517475579975,5702.700854700855,112.0,11509723.211763758,3507616.4434724846,0.0374078990148466,0.0114001491857011,2.152889274939347,5702.700854700855,4576.853479853478,2043.990231990232,1732.2588522588524,590.7643467643468,1.245987200552064,0.0,0.0,3392.5982980252406,1872.8631673116124,15.0,19.0,1.0,0.8349973245785169,0.3647604918320257,35.0
2025-12-17 12:59:58.061,0,2025-12-17 12:59:58,9419.499389499391,29.4359355921856,4921.853479853478,133.0,2156880.3105360684,1889522.6044875144,0.0243091851434999,0.0212959219855361,2.209445304552422,4921.853479853478,1404.8192918192926,397.4029304029309,328.61538461538464,286.5750915750916,3.503549181386877,0.0,0.0,1468.6321222607344,1374.5990704520043,15.0,19.0,1.0,0.7791567125581024,0.8666052676946725,61.0
2025-12-17 12:59:59.079,0,2025-12-17 12:59:59,11395.357753357754,35.61049297924298,3995.8534798534783,129.0,3581503.822460957,1504441.538967217,0.0275809671171385,0.0115856228759796,2.55179409123426,3995.8534798534783,1970.0,963.8192918192926,858.4029304029309,521.7032967032967,2.0283520202291623,0.0,0.0,1892.4861485519405,1226.5567817949634,15.0,19.0,1.0,0.7292249334014732,0.7759487562035912,79.0
2025-12-17 13:00:00.078,0,2025-12-17 13:00:00,11951.465201465202,37.34832875457876,4746.700854700855,143.0,3848259.14427957,1904232.0901122007,0.0269415146093017,0.0133314557964529,2.718335325878949,4746.700854700855,1297.990231990232,856.2588522588524,603.2222222222222,481.5409035409035,3.656961922909847,0.0,0.0,1961.6980257622647,1379.9391617430824,15.0,19.0,1.0,0.6681785814624117,0.2110587694429369,78.0
2025-12-17 13:00:01.066,0,2025-12-17 13:00:01,6305.874236874236,19.705856990231982,1168.8534798534783,150.0,527527.4140082061,239556.9863862798,0.0132664408039533,0.0060244614681154,3.532393045553176,1168.8534798534783,836.8192918192926,460.22222222222223,356.18070818070817,285.8693528693529,1.3967812301637164,1.0,0.0,726.3108246530586,489.4455908334243,15.0,19.0,1.0,0.4928650553749611,0.7999192953600727,66.0
2025-12-17 13:00:02.081,0,2025-12-17 13:00:02,23899.05982905983,74.68456196581197,9491.700854700855,141.0,19311907.233363457,7974816.857726894,0.0338114295878934,0.0139623681598648,2.170640939986753,9491.700854700855,5153.853479853478,1996.2588522588524,1712.8192918192926,1361.990231990232,1.841670682296707,0.0,0.0,4394.531514662679,2823.97182311136,15.0,19.0,1.0,0.8249957467635463,0.3753247914381299,81.0
2025-12-17 13:00:03.145,0,2025-12-17 13:00:03,14590.19536019536,45.594360500610506,4576.853479853478,136.0,6740544.437293774,1921061.898201818,0.0316645092855633,0.0090244167781461,2.576899791270831,4576.853479853478,2829.7008547008545,1749.990231990232,839.8192918192926,611.0854700854701,1.6174336846414492,0.0,0.0,2596.255849737035,1386.0237725962056,15.0,19.0,1.0,0.7270258599406835,0.5074004738324769,145.0
2025-12-17 13:00:09.913,0,2025-12-17 13:00:10,7089.833943833945,22.15573107448108,1760.3345543345542,119.0,1404911.9232800268,279772.79670107533,0.027949688470058,0.0055658738321016,2.9720756330006664,1760.3345543345542,766.2222222222222,633.990231990232,593.7032967032967,471.18070818070817,2.297420387034558,0.0,0.0,1185.2898056087492,528.9355317059683,15.0,19.0,1.0,0.5959844824158809,0.6760440838262711,87.0
2025-12-17 13:00:10.914,0,2025-12-17 13:00:11,3650.3052503052513,11.407203907203913,544.3345543345542,139.0,130252.54457716687,36523.87954562059,0.0097752494810791,0.002741059959591,3.7575004130282297,544.3345543345542,447.22222222222223,261.4029304029309,208.1062271062271,119.74236874236874,1.217145587329201,2.0,4.0,360.9051739406999,191.11221715426933,15.0,19.0,1.0,0.4330619480865819,0.6988597136738789,86.0
2025-12-17 13:00:11.949,0,2025-12-17 13:00:12,17869.621489621488,55.84256715506715,8171.853479853478,142.0,10680146.059658634,5552466.250794544,0.0334461771046273,0.0173882237709281,2.0895642127752234,8171.853479853478,2954.7008547008545,2423.8192918192926,694.0,560.2588522588524,2.765712632752483,0.0,0.0,3268.049274362097,2356.367172321526,15.0,19.0,1.0,0.8284804738158581,0.6989711804810197,51.0
2025-12-17 13:00:12.997,0,2025-12-17 13:00:13,10576.764346764348,33.05238858363858,5609.853479853478,129.0,4971163.880182152,1807834.074734592,0.0444377870938012,0.0161604299617318,1.8061621567544763,5609.853479853478,2714.0,274.5750915750916,203.1965811965812,173.84126984126982,2.067005703703541,0.0,0.0,2229.6107014862823,1344.5572039651538,15.0,19.0,1.0,0.8486022878264615,0.9208651904731896,3.0
2025-12-17 13:00:14.068,0,2025-12-17 13:00:14,15736.345543345542,49.17607982295482,8406.700854700855,144.0,7784926.455071407,5168436.625558623,0.0314374091492094,0.0208713926582567,2.140930910707831,8406.700854700855,2164.258852258852,702.990231990232,614.0,392.8534798534784,3.884332433674853,0.0,0.0,2790.148106296762,2273.419588540273,15.0,19.0,1.0,0.7804101266698381,0.172331428754976,68.0
2025-12-17 13:00:15.976,0,2025-12-17 13:00:16,7476.070818070817,23.362721306471304,3871.8534798534783,134.0,1533055.2345686224,901138.8356730487,0.0274290640799324,0.0161229643337325,2.390158991161373,3871.8534798534783,569.3345543345542,472.81929181929263,299.18070818070817,296.7032967032967,6.800664829437854,0.0,0.0,1238.166077135302,949.2833273965412,15.0,19.0,1.0,0.7370036299779739,0.8399500759606005,24.0
2025-12-17 13:00:19.051,0,2025-12-17 13:00:19,7403.638583638583,23.13637057387057,818.4358974358975,131.0,234273.4440021297,362093.40645296907,0.0042739815390056,0.0066058726424049,3.6764120746364233,818.4358974358975,671.3577533577534,533.9328449328449,423.5567765567766,358.53968253968253,1.2190756617337373,2.0,6.0,484.01802032788993,601.7419766419566,15.0,19.0,1.0,0.3789789200438832,0.2140778220127094,51.0
2025-12-17 13:00:24.853,0,2025-12-17 13:00:25,26288.639804639803,82.15199938949938,5099.700854700855,157.0,8241006.969829511,6683698.363134649,0.0119246063048473,0.0096712054646378,3.239614010096787,5099.700854700855,3074.0,2409.8534798534783,1694.6898656898657,1414.076923076923,1.658978807644501,1.0,0.0,2870.7154108043364,2585.2849674909435,15.0,19.0,1.0,0.5208455524923729,0.6807692250527785,147.0
2025-12-17 13:00:25.905,0,2025-12-17 13:00:26,12364.758241758242,38.6398695054945,2944.8534798534783,150.0,970010.5978288964,1584107.6462667438,0.0063446142226671,0.0103612805109914,3.3343780397175062,2944.8534798534783,900.0769230769231,872.8192918192926,812.6898656898657,493.8693528693529,3.271779782758113,1.0,0.0,984.8911603973792,1258.6133823643954,15.0,19.0,1.0,0.4872160696974356,0.8078654555756053,95.0
2025-12-17 13:00:27.005,1,2025-12-17 13:00:27,34550.95238095238,107.9717261904762,7310.924297924298,147.0,13978698.67429436,13192201.225131383,0.0117097250380591,0.0110508891129548,2.64217633800543,7310.924297924298,6044.67032967033,6026.700854700855,3639.106227106227,1786.857142857143,1.2094827176988192,1.0,0.0,3738.80979381064,3632.1069952757975,15.0,19.0,1.0,0.7180195376013627,0.7473198613432974,5.0
2025-12-17 13:00:30.939,1,2025-12-17 13:00:31,13300.146520146518,41.56295787545787,2394.948717948718,149.0,1347516.8032957157,1814719.434311327,0.007617655683234,0.0102588018037673,3.281423998871995,2394.948717948718,1773.076923076923,1247.6898656898657,980.4786324786324,745.7228327228327,1.3507302964562158,1.0,0.0,1160.8259142936618,1347.115226812958,15.0,19.0,1.0,0.5369803228181096,0.506553032180793,61.0
2025-12-17 13:00:32.100,1,2025-12-17 13:00:32,61392.19536019536,191.8506105006105,10568.246642246642,154.0,39986650.837106094,38852298.1382241,0.0106093481877259,0.0103083791768639,2.8293949923450894,10568.246642246642,9952.853479853478,9325.0,5098.1623931623935,4374.540903540904,1.0618308270726358,2.0,4.0,6323.499888282287,6233.161167355141,15.0,19.0,1.0,0.640452800036139,0.5295512898435019,100.0
2025-12-17 13:00:35.938,1,2025-12-17 13:00:36,62348.48595848596,194.83901862026863,13366.0,134.0,24415258.44890503,79317753.93471052,0.0062807210095294,0.0204041535996423,2.895255073048096,13366.0,7725.076923076923,4918.136752136752,4698.598290598291,4259.689865689866,1.7302093083462202,2.0,3.0,4941.1798640512,8906.051534474214,15.0,19.0,1.0,0.5608396305691206,0.8160035532291975,62.0
2025-12-17 13:00:37.110,1,2025-12-17 13:00:37,21173.540903540903,66.16731532356532,1886.924297924298,130.0,1823583.3045382176,4007398.388508947,0.0040676035995751,0.0089387241424424,3.4931851096027144,1886.924297924298,1732.076923076923,1682.6410256410256,1548.6898656898657,1253.6703296703297,1.089399825598513,2.0,2.0,1350.401164298305,2001.8487426648765,15.0,19.0,1.0,0.3827419551090203,0.8815115277954364,110.0
2025-12-17 13:00:40.880,1,2025-12-17 13:00:41,23742.073260073263,74.19397893772894,3513.076923076923,154.0,4286054.530032655,5517244.774792943,0.0076036201102368,0.0097877973853951,3.1879940898196013,3513.076923076923,3254.7008547008545,2159.6898656898657,2081.8534798534783,1374.3833943833945,1.079385504201349,1.0,0.0,2070.2788532061704,2348.881600846016,15.0,19.0,1.0,0.5215932232224012,0.6941607604475937,120.0
2025-12-17 13:00:41.975,1,2025-12-17 13:00:42,16531.33089133089,51.66040903540903,4973.0,157.0,3718771.1598304,3960769.427424971,0.0136076715021432,0.0144931879235582,2.936756999304902,4973.0,1771.8534798534783,1409.402930402931,1238.076923076923,936.8192918192926,2.8066654813965943,1.0,0.0,1928.4115639122267,1990.168190737901,15.0,19.0,1.0,0.6248228102777047,0.8505321600453278,25.0
2025-12-17 13:00:43.034,1,2025-12-17 13:00:43,19062.119658119656,59.56912393162393,3202.6898656898657,144.0,2842278.902526291,3576493.252185146,0.0078221170172,0.0098427176534129,3.201403522076572,3202.6898656898657,2363.4041514041514,1995.857142857143,1156.4786324786326,1124.722832722833,1.355117305597403,1.0,0.0,1685.9059589805984,1891.1618788948624,15.0,19.0,1.0,0.5163724077746696,0.5939024880801969,34.0
2025-12-17 13:00:44.098,1,2025-12-17 13:00:44,24282.4652014652,75.88270375457876,3668.404151404152,153.0,5824451.8729770575,5245671.151985057,0.009878011126412,0.0088964247855175,3.187545941173444,3668.404151404152,3249.2466422466423,2399.8534798534783,2215.0,1772.857142857143,1.1290014441213856,2.0,3.0,2413.390120344628,2290.343020594308,15.0,19.0,1.0,0.5479411297810909,0.4369063654016076,98.0
2025-12-17 13:00:47.853,1,2025-12-17 13:00:48,65890.63125763126,205.9082226800977,12034.162393162393,152.0,50825143.30263008,48142826.88955863,0.0117066133687972,0.0110887923624966,2.959268178488654,12034.162393162393,11325.168498168498,6426.246642246642,6144.540903540904,3605.0,1.0626033859988475,2.0,5.0,7129.175499497125,6938.5032168010575,15.0,19.0,1.0,0.6000112259136839,0.2589964681733726,147.0
2025-12-17 13:00:48.898,1,2025-12-17 13:00:49,243364.8144078144,760.51504502442,55799.168498168496,152.0,1148979045.9604948,905186639.3858274,0.0193997678040227,0.0152834907521825,2.2904347594097425,55799.168498168496,51796.16239316239,48035.19658119658,35752.431013431014,7271.853479853478,1.0772838357139267,2.0,4.0,33896.59342707604,30086.3198046193,15.0,19.0,1.0,0.8162840320578092,0.1362730516930508,102.0
2025-12-17 13:00:49.953,1,2025-12-17 13:00:50,166698.59462759463,520.9331082112333,59500.19658119658,157.0,708563136.765413,490302415.5987564,0.0254985026054662,0.0176441262223755,2.132989957831245,59500.19658119658,44800.43101343101,18634.764346764347,6788.258852258852,5320.540903540904,1.3281166103816568,2.0,3.0,26618.84927575595,22142.77343962938,15.0,19.0,1.0,0.8101099592283917,0.0739565209592188,47.0
2025-12-17 13:00:50.974,1,2025-12-17 13:00:51,40035.0,125.109375,8762.0,131.0,19486528.8395878,17457585.748375185,0.0121577950750485,0.0108919218902982,3.022607883843022,8762.0,4641.853479853478,3352.431013431013,2951.8192918192926,2369.5982905982905,1.8876080509707704,1.0,0.0,4414.354861085342,4178.227584559652,15.0,19.0,1.0,0.5514600243712132,0.6992404539800394,26.0
2025-12-17 13:00:52.050,1,2025-12-17 13:00:52,106503.74847374846,332.8242139804639,15720.402930402932,148.0,82210774.58598441,143837881.75302356,0.0072476790545667,0.0126807077063152,3.101793050656567,15720.402930402932,14855.641025641024,9760.819291819293,8305.722832722833,7842.015873015873,1.0582110124543436,2.0,6.0,9067.01574863441,11993.243170761758,15.0,19.0,1.0,0.5303531825222472,0.908058553718199,50.0
2025-12-17 13:00:53.121,1,2025-12-17 13:00:53,43978.05738705739,137.43142933455437,7458.013431013431,149.0,18753990.497572016,21752380.45394776,0.0096966475050382,0.0112469485192883,2.971864486057904,7458.013431013431,6994.2344322344325,4744.819291819293,4605.015873015873,3809.0,1.0663087580594248,2.0,10.0,4330.587777377572,4663.944731013411,15.0,19.0,1.0,0.627837714273579,0.8998014855282411,121.0
2025-12-17 13:00:56.899,1,2025-12-17 13:00:57,323922.1550671551,1012.2567345848596,108344.431013431,139.0,2541118698.522448,2105466263.797526,0.0242182994965842,0.0200662852098375,1.8765046971045565,108344.431013431,77924.16239316239,59708.19658119658,37626.168498168496,9361.598290598293,1.3903830042700145,1.0,0.0,50409.5100008168,45885.36001599558,15.0,19.0,1.0,0.9044288950097252,0.0931821734932354,101.0
2025-12-17 13:00:57.986,1,2025-12-17 13:00:58,125514.34310134308,392.2323221916971,32964.59829059829,153.0,352115014.1097596,218950586.22722,0.022351044783618,0.0138982268919625,2.393140742313298,32964.59829059829,31801.01587301588,15049.136752136752,8338.162393162393,8006.641025641025,1.0365894731862548,1.0,0.0,18764.72792527937,14796.978956098435,15.0,19.0,1.0,0.7661240298004205,0.8272183808422433,14.0
2025-12-17 13:00:59.063,1,2025-12-17 13:00:59,259677.87423687425,811.4933569902321,81636.23443223443,132.0,1597072029.495582,1161721273.9300132,0.0236839758239117,0.0172278883217136,2.141321843858452,81636.23443223443,68547.01587301587,31130.641025641027,23522.442002442003,14692.819291819293,1.1909524199195671,1.0,0.0,39963.38360919383,34084.03253621868,15.0,19.0,1.0,0.8453902869864861,0.9789093164025634,63.0
2025-12-17 13:01:02.897,1,2025-12-17 13:01:03,50056.28327228328,156.42588522588522,5548.819291819293,151.0,13252918.135292044,20987588.20562817,0.0052892526940024,0.0083761671447754,3.3574401359109247,5548.819291819293,5538.402930402931,4628.722832722833,3594.7008547008545,3222.094017094017,1.001880751824353,2.0,3.0,3640.455759282352,4581.221257004313,15.0,19.0,1.0,0.4501480823930072,0.8122803693307611,103.0
2025-12-17 13:01:04.010,1,2025-12-17 13:01:04,29020.63492063493,90.68948412698414,4096.478632478633,144.0,3922054.98017839,7741200.617716147,0.004656931585332,0.0091916716739638,3.373284503006878,4096.478632478633,3209.015873015873,2347.6898656898657,2034.948717948718,1922.722832722833,1.2765529354105172,2.0,5.0,1980.41788019054,2782.301316844771,15.0,19.0,1.0,0.4690061385313643,0.6181153151940009,10.0
2025-12-17 13:01:05.066,1,2025-12-17 13:01:05,176438.69352869352,551.3709172771672,50346.40293040293,106.0,474915097.0441798,473938823.02364427,0.0152555654314077,0.0152242048528707,2.6682971831997,50346.40293040293,27969.59829059829,16609.258852258852,13136.819291819293,11090.015873015873,1.8000402582587176,1.0,0.0,21792.546823264594,21770.13603594714,15.0,19.0,1.0,0.6753172609426363,0.6986700718025137,66.0
2025-12-17 13:01:08.868,1,2025-12-17 13:01:09,104623.53846153848,326.9485576923077,26580.40415140416,148.0,158865935.18608975,180190100.84098303,0.0145134939191221,0.0164616028589028,2.499915644274661,26580.40415140416,21288.24664224664,11482.540903540905,8995.857142857143,5606.168498168498,1.2485952741008717,1.0,0.0,12604.203076200009,13423.4906354861,15.0,19.0,1.0,0.7068506611961245,0.2150591834123832,132.0
2025-12-17 13:01:09.935,1,2025-12-17 13:01:10,33330.655677655675,104.158298992674,7273.853479853478,140.0,12381531.81009936,11304361.304957842,0.0111451691326949,0.0101755599075456,3.1081644321717947,7273.853479853478,4354.0,2868.4041514041514,2180.8192918192926,1457.722832722833,1.6706140284455229,2.0,3.0,3518.7400884548665,3362.195905202111,15.0,19.0,1.0,0.5440876990594723,0.7520960566539058,65.0
2025-12-17 13:01:11.059,2,2025-12-17 13:01:11,18183.14407814408,56.82232524420025,2627.6898656898657,152.0,1690603.8057949697,2816273.545578809,0.0051133307132321,0.0085179850939113,3.3219931682664248,2627.6898656898657,2065.076923076923,1909.3833943833945,1521.924297924298,775.4786324786324,1.2724416394975682,2.0,4.0,1300.2322122586295,1678.175659929201,15.0,19.0,1.0,0.4894397291967663,0.8277214033445028,59.0
2025-12-17 13:01:13.909,2,2025-12-17 13:01:14,78872.26007326007,246.4758127289377,11643.404151404153,157.0,51734477.882486686,45653418.3008591,0.0083163258812085,0.0073387945471002,3.1971902313356493,11643.404151404153,7174.076923076923,6541.948717948718,6156.641025641025,5109.442002442002,1.6229828974859577,1.0,0.0,7192.668342311265,6756.73133259412,15.0,19.0,1.0,0.4643649463891734,0.5720764604444254,91.0
2025-12-17 13:01:15.003,2,2025-12-17 13:01:15,92307.81074481072,288.4619085775335,20145.07692307692,112.0,88395252.8320196,86999934.268203,0.0103741384678296,0.0102103827510461,3.022650384122365,20145.07692307692,10727.689865689868,10381.670329670327,7539.442002442002,5480.484737484738,1.8778578776316603,1.0,0.0,9401.87496364526,9327.375529493977,15.0,19.0,1.0,0.5879715207243653,0.9068293788035648,3.0
2025-12-17 13:01:18.963,2,2025-12-17 13:01:19,80963.1916971917,253.00997405372405,18519.1684981685,107.0,83118038.3785681,70431194.67808579,0.0126800230879425,0.0107445891656146,3.0385482988083976,18519.1684981685,14641.162393162393,6800.196581196581,5170.4310134310135,3089.0,1.264870097118513,2.0,3.0,9116.909475176775,8392.329514389065,15.0,19.0,1.0,0.5955787744423922,0.2702357063809273,37.0
2025-12-17 13:01:20.085,2,2025-12-17 13:01:20,417653.9682539682,1305.1686507936506,128840.19658119658,120.0,3825201499.659752,2254262119.5048246,0.0219291143965209,0.0129232334303858,2.4297272228849587,128840.19658119658,86422.28205128205,34609.21489621489,32105.764346764347,26623.43101343101,1.49082150486078,1.0,0.0,61848.21339100872,47479.07033109247,14.0,19.0,1.0,0.7388913127750608,0.1193148454679984,85.0
2025-12-17 13:01:22.857,2,2025-12-17 13:01:23,104474.28571428572,326.48214285714283,35774.431013431014,126.0,206639983.4276909,185470616.3615397,0.0189319582117601,0.0169924614792411,2.4681705804236262,35774.431013431014,16234.162393162393,12164.196581196582,8004.598290598291,6566.168498168498,2.203651173804724,2.0,4.0,14374.9776844241,13618.75972185205,15.0,19.0,1.0,0.7537123248863592,0.1859166144253365,143.0
2025-12-17 13:01:23.945,2,2025-12-17 13:01:24,43882.11599511599,137.13161248473747,18582.01587301588,118.0,45551575.37764646,29027361.67633245,0.0236552901438247,0.0150741364457911,2.438275275534429,18582.01587301588,7729.234432234432,1988.8534798534783,1746.5982905982903,1670.6410256410256,2.4041211372135365,2.0,4.0,6749.190720200939,5387.704676050132,15.0,19.0,1.0,0.7227851798412015,0.8887698708157655,55.0
2025-12-17 13:01:25.016,2,2025-12-17 13:01:25,37443.593406593405,117.0112293956044,3275.8571428571427,158.0,6434140.238988526,15644375.498582846,0.0045891841107405,0.0111584324857429,3.347499114583248,3275.8571428571427,3236.8534798534783,2992.8192918192926,2958.7008547008545,2649.5982905982905,1.0120498698027005,1.0,0.0,2536.560710684553,3955.2971441578,15.0,19.0,1.0,0.4036425910224546,0.7300470813191731,16.0
2025-12-17 13:01:26.096,2,2025-12-17 13:01:26,37345.93894993894,116.7060592185592,11620.853479853478,150.0,17026598.491241198,18781120.408631623,0.0122079046647858,0.0134658797272034,2.9606872353018847,11620.853479853478,2678.015873015873,2036.6410256410256,1978.162393162393,1827.990231990232,4.339351979554253,1.0,0.0,4126.329905768708,4333.719004346223,15.0,19.0,1.0,0.5393267265461374,0.6905135772445044,96.0
2025-12-17 13:01:29.885,2,2025-12-17 13:01:30,33300.45421245421,104.06391941391942,8126.7008547008545,157.0,18533590.02835977,10565685.448469484,0.0167131856558012,0.0095279037796163,2.792420216047261,8126.7008547008545,5956.598290598291,4052.8534798534783,2035.990231990232,1631.4310134310135,1.3643191060116344,0.0,0.0,4305.06562416414,3250.490032052011,15.0,19.0,1.0,0.6547530472547964,0.5369452330122387,115.0
2025-12-17 13:01:30.982,3,2025-12-17 13:01:31,59822.03296703297,186.943853021978,14589.015873015873,152.0,44803726.36419411,60099120.85875459,0.0125196388322475,0.016793676516347,2.606762013128815,14589.015873015873,10791.641025641024,5286.383394383394,5098.2344322344325,4084.5982905982905,1.3518811308077152,1.0,0.0,6693.558572552728,7752.36227602623,15.0,19.0,1.0,0.666140400775631,0.966988122788691,18.0
2025-12-17 13:01:32.067,3,2025-12-17 13:01:32,74223.77045177046,231.94928266178263,16196.853479853478,146.0,48033266.843885615,91124216.15242156,0.0087187876592859,0.0165404675437555,3.072740133372897,16196.853479853478,5633.0,5490.924297924298,5151.641025641025,4603.015873015873,2.8753512302237887,1.0,0.0,6930.603642099699,9545.90048934209,15.0,19.0,1.0,0.4995089100266775,0.8770389536521362,67.0
2025-12-17 13:01:35.890,2,2025-12-17 13:01:36,65586.28693528695,204.9571466727717,16049.246642246642,150.0,35551030.669859044,54394730.241596855,0.0082646812143795,0.0126453466107273,3.081387276140666,16049.246642246642,6008.372405372405,5470.404151404151,3657.076923076923,3576.136752136752,2.671147119291988,1.0,0.0,5962.4685047268,7375.278316212674,15.0,19.0,1.0,0.5300076967085323,0.5501084432965211,110.0
2025-12-17 13:01:36.971,2,2025-12-17 13:01:37,172538.88156288158,539.1840048840049,59896.43101343101,152.0,425271159.8061446,647662923.9625239,0.0142853858283854,0.0217558010746893,2.514764505110296,59896.43101343101,21562.162393162394,17508.246642246642,11761.598290598293,8620.404151404151,2.7778489894140708,1.0,0.0,20622.10367072537,25449.22246282829,15.0,19.0,1.0,0.691721433509729,0.2327681317379819,29.0
2025-12-17 13:01:38.051,2,2025-12-17 13:01:38,101072.46642246642,315.8514575702076,23186.59829059829,157.0,88327700.48465024,160189845.23164546,0.0086463178511564,0.0156808375039839,2.768754310416438,23186.59829059829,12385.402930402932,11708.853479853478,11240.431013431013,6585.076923076923,1.8720907523871808,2.0,3.0,9398.281783637382,12656.61270765782,15.0,19.0,1.0,0.6441552773158619,0.7068700934483403,51.0
2025-12-17 13:01:39.148,2,2025-12-17 13:01:39,314647.20146520145,983.2725045787544,110651.01587301587,154.0,2107098463.8512533,1759851464.5001416,0.0212832077201615,0.0177757636475743,2.19125802673425,110651.01587301587,50406.64102564102,47333.23443223443,21680.81929181929,21189.442002442003,2.195167414879467,1.0,0.0,45903.14220019424,41950.58360142492,15.0,19.0,1.0,0.7985488237464593,0.9063947652625688,148.0
2025-12-17 13:01:41.914,2,2025-12-17 13:01:42,39462.78021978022,123.3211881868132,5545.383394383394,103.0,6952589.558794688,25154447.722495973,0.0044644836243779,0.0161524880747919,3.3061146390032534,5545.383394383394,4418.924297924298,3641.8534798534783,2680.8192918192926,2352.5982905982905,1.2549170387433368,1.0,0.0,2636.77635737176,5015.420991551554,15.0,19.0,1.0,0.4723331364584249,0.8829125925273889,86.0
2025-12-17 13:01:43.007,2,2025-12-17 13:01:43,65136.46153846153,203.5514423076923,10702.383394383394,151.0,25361886.97880781,45711974.57423417,0.0059776879242631,0.0107741162412303,2.979289912187434,10702.383394383394,7853.076923076923,7511.689865689866,5546.924297924298,4211.4310134310135,1.3628267619450132,2.0,5.0,5036.058675075959,6761.063124556239,15.0,19.0,1.0,0.5500069338791276,0.7892246018605469,7.0
2025-12-17 13:01:44.112,2,2025-12-17 13:01:44,76478.05372405374,238.99391788766792,11554.598290598293,137.0,31556192.2827909,77824717.55078307,0.0053952421242285,0.0133058890842529,3.229434181413736,11554.598290598293,8764.076923076924,6327.857142857143,4543.853479853478,4202.372405372405,1.3184044813860831,2.0,3.0,5617.489856046996,8821.83187046676,15.0,19.0,1.0,0.462783197509982,0.7991143875761393,112.0
2025-12-17 13:01:46.874,2,2025-12-17 13:01:47,86432.0525030525,270.1001640720391,17333.40293040293,138.0,105419411.90048298,90307539.9221762,0.0141114270979793,0.0120885541195455,2.837155144703029,17333.40293040293,11860.819291819293,11192.258852258852,6905.598290598291,6871.853479853478,1.4614001363596152,1.0,0.0,10267.395575338616,9503.027934409967,15.0,19.0,1.0,0.626664891974182,0.647566303432484,126.0
2025-12-17 13:01:47.975,2,2025-12-17 13:01:48,56960.57875457875,178.0018086080586,7925.819291819293,123.0,19593013.44220294,33928798.17932022,0.0060388250754908,0.0104573029478568,3.32286672011087,7925.819291819293,4839.372405372405,4226.402930402931,3909.5982905982905,3283.5409035409034,1.6377783373354042,1.0,0.0,4426.399602634509,5824.843189247263,15.0,19.0,1.0,0.4245872206800448,0.7631671618144876,25.0
2025-12-17 13:01:49.088,2,2025-12-17 13:01:49,63198.551892551885,197.49547466422464,10051.372405372404,149.0,24167234.864294782,78466985.64275442,0.0060507987488325,0.0196459355494284,2.9488637807596434,10051.372405372404,8017.136752136752,7636.076923076923,7412.689865689866,5289.598290598291,1.2537359304357916,2.0,4.0,4916.01819202236,8858.159269439358,15.0,19.0,1.0,0.6077176309699586,0.7900845821608977,88.0
2025-12-17 13:01:52.868,2,2025-12-17 13:01:53,959902.5775335776,2999.6955547924304,432932.8192918193,102.0,25418366290.76321,20865650591.13652,0.0275862913151621,0.0226452758254824,1.821582538055305,432932.8192918193,131884.85347985348,118729.40293040292,93769.01343101345,73998.01587301587,3.2826576204063507,0.0,0.0,159431.38427161452,144449.47418089316,15.0,17.0,0.8947368421052632,0.8868755277160664,0.9945044280548042,132.0
2025-12-17 13:01:53.951,2,2025-12-17 13:01:54,94346.49938949938,294.8328105921856,27281.25885225885,128.0,153181986.32756025,175741040.5059531,0.0172090190400783,0.0197433848763586,2.463144740040332,27281.25885225885,20081.40293040293,14689.700854700855,3967.4310134310135,3769.5982905982905,1.3585335121658304,1.0,0.0,12376.67105192508,13256.73566553822,15.0,19.0,1.0,0.7397136342417243,0.359940094564517,49.0
2025-12-17 13:01:55.104,2,2025-12-17 13:01:55,1082519.5885225884,3382.8737141330885,347569.25885225885,109.0,28561749009.33525,17354219386.636974,0.0243732403300832,0.0148092667473985,2.323272106622844,347569.25885225885,188866.43101343105,137588.40293040292,100751.76434676436,56988.19658119658,1.84029134763255,1.0,0.0,169002.21598942202,131735.41432218207,13.0,19.0,1.0,0.7683593558424527,0.3237162129457661,104.0
2025-12-17 13:01:56.858,2,2025-12-17 13:01:57,109670.54456654456,342.72045177045175,28235.85347985348,105.0,163355133.16666856,188266514.49150577,0.0135816578691906,0.0156528377069107,2.8676581747178846,28235.85347985348,23236.81929181929,9355.334554334557,4881.013431013431,4129.258852258852,1.215134185331162,1.0,0.0,12781.045855745477,13721.024542340334,15.0,17.0,0.8947368421052632,0.6368007005463838,0.8319127876124324,142.0
2025-12-17 13:01:57.930,2,2025-12-17 13:01:58,54383.09157509157,169.94716117216117,12770.246642246642,132.0,45730087.39610159,41996699.880542,0.0154623053629288,0.0141999684401122,2.777899218582734,12770.246642246642,11691.372405372404,4707.404151404151,4155.857142857143,3888.162393162393,1.0922795202706383,1.0,0.0,6762.402486993922,6480.4860836623975,15.0,19.0,1.0,0.6842759699245619,0.4677891111742073,70.0
2025-12-17 13:01:59.063,1,2025-12-17 13:01:59,50295.71672771672,157.17411477411474,15393.246642246642,157.0,48478097.60718852,35950734.88619768,0.0191638854428171,0.0142116914431481,2.532698877289805,15393.246642246642,9051.540903540905,5424.1623931623935,4710.168498168498,2942.3724053724054,1.7006216738437543,1.0,0.0,6962.621460857147,5995.893168344286,15.0,19.0,1.0,0.7460176190672105,0.1798881205447832,63.0
2025-12-17 13:02:02.962,1,2025-12-17 13:02:03,106590.684981685,333.09589056776565,42587.43101343101,153.0,228506224.99661788,169293966.80017993,0.0201121977012435,0.0149005731899136,2.4446258630087243,42587.43101343101,14736.196581196582,8397.136752136752,4561.258852258852,4440.598290598291,2.8899879815508007,1.0,0.0,15116.42236101578,13011.301502931208,15.0,19.0,1.0,0.7010239356512254,0.2831546065477406,38.0
2025-12-17 13:02:04.034,1,2025-12-17 13:02:04,95891.44078144078,299.66075244200243,35779.01587301587,146.0,236325778.9806253,186292833.64747065,0.0257010821674012,0.0202598609657568,1.9981525524513737,35779.01587301587,24738.59829059829,9959.641025641024,5656.136752136752,5220.402930402931,1.4462830695873323,1.0,0.0,15372.891041720985,13648.913277161322,15.0,19.0,1.0,0.8483947494043655,0.977305265709878,34.0
2025-12-17 13:02:05.057,1,2025-12-17 13:02:05,56225.68986568986,175.70528083028083,19266.641025641027,151.0,68028354.13096766,67771777.06702283,0.0215189154078291,0.0214377542478224,2.016576539093302,19266.641025641027,14861.015873015873,8742.136752136752,5914.598290598291,750.2222222222222,1.2964551811443417,1.0,0.0,8247.930293774776,8232.361572903781,15.0,19.0,1.0,0.8809961119541617,0.9708042156979244,57.0
2025-12-17 13:02:07.942,1,2025-12-17 13:02:08,98569.2893772894,308.02902930402934,19103.43101343101,133.0,99425224.26789872,119727276.44575778,0.0102332439674082,0.0123228128318976,2.974239825296493,19103.43101343101,10816.598290598293,10474.162393162393,10440.136752136752,6169.853479853478,1.7661218897288449,2.0,5.0,9971.219798394714,10941.99599916568,15.0,19.0,1.0,0.578315845526581,0.5873193730154966,58.0
2025-12-17 13:02:09.048,1,2025-12-17 13:02:09,65781.84126984127,205.568253968254,11843.431013431013,152.0,47691284.1534807,49959453.38211396,0.0110211513294974,0.0115453107593259,2.96536975826657,11843.431013431013,7698.641025641025,6756.136752136752,6626.700854700855,5560.1623931623935,1.538379432679592,2.0,4.0,6905.887644139652,7068.200151531785,15.0,19.0,1.0,0.5850409671751698,0.5110175848952525,48.0
2025-12-17 13:02:10.137,1,2025-12-17 13:02:10,70398.61660561661,219.9956768925519,21346.43101343101,152.0,65295957.68573197,74140025.3902829,0.0131752251655093,0.0149597549819994,2.7265252350052216,21346.43101343101,10074.598290598293,8109.1623931623935,3848.076923076923,3028.258852258852,2.1188369399650986,2.0,4.0,8080.591419304157,8610.460231037763,15.0,19.0,1.0,0.6591965824059155,0.4696223235461099,137.0
2025-12-17 13:02:13.967,1,2025-12-17 13:02:14,15651.188034188037,48.90996260683761,4382.0,154.0,2495267.884623625,3693764.724705564,0.0101864429873732,0.0150790718739438,3.006825466808796,4382.0,1957.3833943833945,1451.3724053724054,1145.402930402931,634.8571428571429,2.23870296058078,1.0,0.0,1579.6416950130256,1921.9169401161864,15.0,19.0,1.0,0.6115200872999923,0.8664755912297801,33.0
2025-12-17 13:02:15.060,1,2025-12-17 13:02:15,27173.92307692308,84.91850961538462,4754.1623931623935,145.0,6835896.488803429,7529457.567261554,0.0092574376247335,0.0101966850860263,3.161841785219387,4754.1623931623935,3980.8534798534783,3230.0,2028.136752136752,1733.2466422466423,1.1942570650292268,1.0,0.0,2614.554740066352,2743.985708283036,15.0,19.0,1.0,0.5787312793548762,0.6583137437434724,60.0
2025-12-17 13:02:16.139,1,2025-12-17 13:02:16,94294.73992673992,294.6710622710622,22749.3833943834,151.0,93477738.5350952,132739914.41588417,0.0105131597361821,0.0149288584158184,2.8501536329892607,22749.3833943834,13499.641025641024,7127.442002442002,6566.0,5594.372405372405,1.6851843209143011,1.0,0.0,9668.388621435077,11521.280936418663,15.0,19.0,1.0,0.5889706983760312,0.9346497289459064,139.0
2025-12-17 13:02:19.928,1,2025-12-17 13:02:20,27991.009768009768,87.47190552503052,4403.700854700855,155.0,5696730.345951318,8381888.122145186,0.0072709060174365,0.0106980525817056,3.131079897396817,4403.700854700855,3927.6898656898657,2110.076923076923,2021.6703296703297,1789.4847374847377,1.1211936291528608,1.0,0.0,2386.782425348259,2895.1490673444064,15.0,19.0,1.0,0.509185728873246,0.7026688361521024,72.0
2025-12-17 13:02:21.027,1,2025-12-17 13:02:21,16440.115995115993,51.37536248473748,2732.8534798534783,131.0,2494598.116992857,1911743.5488731272,0.0092297690757547,0.0070732641734826,3.1471004833324034,2732.8534798534783,1923.6898656898657,1549.076923076923,1382.5750915750916,1113.948717948718,1.4206310115752536,1.0,0.0,1579.4296809269024,1382.6581460625498,15.0,19.0,1.0,0.5293237639399118,0.6734466415461635,27.0
2025-12-17 13:02:22.113,1,2025-12-17 13:02:22,15477.909645909644,48.36846764346764,3374.7008547008545,155.0,2185723.434994729,1783704.2734903195,0.0091236915532527,0.0074455749309307,3.3868235850822392,3374.7008547008545,1697.722832722833,852.2222222222222,638.1330891330891,573.9487179487179,1.987780802409585,1.0,0.0,1478.4192351950542,1335.5539200984435,15.0,19.0,1.0,0.4610911860835989,0.5574953093967583,113.0
2025-12-17 13:02:25.861,1,2025-12-17 13:02:26,64425.891330891325,201.3309104090354,19635.540903540903,142.0,54679775.685920864,61831685.26827049,0.013173641870702,0.0148967048194363,2.574042031782529,19635.540903540903,9710.168498168498,5716.853479853478,5408.035409035409,4223.582417582417,2.022162736644835,1.0,0.0,7394.577451478946,7863.312614176705,15.0,19.0,1.0,0.6937301104400827,0.1670233217008925,139.0
2025-12-17 13:02:26.924,1,2025-12-17 13:02:27,116036.15018315018,362.6129693223443,42503.58241758242,109.0,250357513.3691131,234928918.32984504,0.0185940505125463,0.0174481688825638,2.4475141605136583,42503.58241758242,18610.28205128205,15782.946275946277,7662.46398046398,5467.035409035409,2.283876316353416,2.0,5.0,15822.689827242177,15327.39111296652,15.0,19.0,1.0,0.7758470958594612,0.1062701955530311,76.0
2025-12-17 13:02:28.013,1,2025-12-17 13:02:28,454471.9304029304,1420.2247825091574,118318.28205128205,115.0,4136232566.215407,3301903434.93584,0.0200258435816266,0.0159863839015615,2.258026761218379,118318.28205128205,103853.2148962149,79133.76434676435,68108.19658119658,7857.076923076923,1.139283768629807,2.0,5.0,64313.54885415208,57462.19135166914,15.0,18.0,0.9473684210526316,0.8301294525803818,0.094684563141941,13.0
2025-12-17 13:02:29.078,1,2025-12-17 13:02:29,458229.0622710622,1431.9658195970694,180335.2148962149,100.0,4724967682.915613,4544613663.509998,0.0225026457050842,0.0216437101794833,2.011714194818377,180335.2148962149,117999.35775335776,48061.75213675214,28051.08547008547,12202.689865689868,1.5282728510535626,1.0,0.0,68738.40035173653,67413.74981048005,15.0,17.0,0.8947368421052632,0.8437921815910032,0.073570727387219,78.0
2025-12-17 13:02:30.137,1,2025-12-17 13:02:30,29034.418803418805,90.73255876068376,5305.853479853478,152.0,22421437.32899213,5866881.295187627,0.0265972769637056,0.006959547884092,2.913979757686687,5305.853479853478,5261.700854700855,3278.0,2699.990231990232,1709.8192918192926,1.0083913218122555,0.0,0.0,4735.128016114467,2422.164588789876,15.0,19.0,1.0,0.6287490712992561,0.6126865386367676,137.0
2025-12-17 13:02:32.964,1,2025-12-17 13:02:33,40424.991452991446,126.32809829059826,18721.0,133.0,61569904.54488175,30181328.4868289,0.037676331268575,0.0184687915078142,1.7296634701616,18721.0,9968.853479853478,4157.402930402931,2332.8192918192926,2089.7008547008545,1.877949158128592,0.0,0.0,7846.649255885072,5493.753588106123,15.0,19.0,1.0,0.9219489038139964,0.9114988829912776,36.0
2025-12-17 13:02:34.041,1,2025-12-17 13:02:34,5569.499389499388,17.404685592185587,1832.8534798534783,114.0,628833.5332837437,356225.0937688684,0.0202723162000793,0.0114839736703845,2.772955620764228,1832.8534798534783,928.8192918192926,491.33455433455424,253.84126984126985,204.6153846153846,1.9733154726593445,0.0,0.0,792.9902479121314,596.8459548064881,15.0,19.0,1.0,0.6663909484326053,0.7852409995131685,41.0
2025-12-17 13:02:45.869,0,2025-12-17 13:02:46,5556.765567765568,17.364892399267397,1394.7008547008545,144.0,498317.7972835084,177861.37920846237,0.016138465879731,0.0057601992449902,3.3704707487817016,1394.7008547008545,607.8534798534783,296.33455433455424,267.990231990232,228.43589743589743,2.2944688167858303,1.0,0.0,705.916282064317,421.73614880451305,15.0,19.0,1.0,0.5030471385242437,0.5396976175078256,131.0
2025-12-17 13:02:46.875,0,2025-12-17 13:02:47,12697.564102564102,39.67988782051282,7152.853479853478,117.0,5073212.316865277,3718905.865388247,0.0314660486767115,0.0230661099271162,1.998563524754024,7152.853479853478,1835.8192918192929,410.990231990232,378.0,331.33455433455424,3.89627318534229,0.0,0.0,2252.379256889318,1928.4464901542503,15.0,19.0,1.0,0.7961367610623352,0.8484346790481964,125.0
2025-12-17 13:02:47.897,0,2025-12-17 13:02:48,22214.664224664222,69.4208257020757,12955.853479853478,133.0,14863072.481196148,13649617.97024417,0.0301182052894866,0.027659287584783,1.7229182528953009,12955.853479853478,4069.8192918192926,1318.0,633.4029304029309,376.5409035409035,3.183397726255989,0.0,0.0,3855.265552617114,3694.538938791168,15.0,19.0,1.0,0.8712090540683498,0.9210547983077348,103.0
2025-12-17 13:02:48.878,0,2025-12-17 13:02:49,4139.169719169719,12.934905372405373,654.7008547008545,129.0,256329.6187402256,48495.81417345373,0.0149614030643659,0.002830595334045,3.5472715505714527,654.7008547008545,435.8852258852259,337.5750915750916,318.990231990232,306.18070818070817,1.502002857219445,1.0,0.0,506.2900539613884,220.21765182076965,15.0,19.0,1.0,0.4960734281616982,0.5072979781590408,122.0
2025-12-17 13:02:49.956,0,2025-12-17 13:02:50,6176.212454212457,19.30066391941393,1687.0,134.0,631371.7962597474,288135.35558774305,0.0165516282777625,0.007553567212887,3.225284467984292,1687.0,685.4029304029309,571.2222222222222,293.81929181929263,227.990231990232,2.461325922557399,0.0,0.0,794.5890738361228,536.7824099090274,15.0,19.0,1.0,0.5610938260503868,0.7037699092859372,44.0
2025-12-17 13:02:50.961,0,2025-12-17 13:02:51,22190.89865689865,69.34655830280829,7649.7008547008545,126.0,15140032.159100233,7024338.3640028415,0.030745178410179,0.0142644701111101,2.197932772673328,7649.7008547008545,5452.853479853478,3239.8192918192926,1216.2588522588524,563.5750915750916,1.4028803236622092,0.0,0.0,3891.019424148411,2650.346838435083,15.0,19.0,1.0,0.8166504588390324,0.5007366977606561,39.0
2025-12-17 13:02:51.962,0,2025-12-17 13:02:52,6494.959706959708,20.29674908424909,2140.334554334554,152.0,749024.3979870438,388735.7989248629,0.0177559143682062,0.0092151331466848,3.0899792916363937,2140.334554334554,611.013431013431,527.0,485.4029304029309,217.8693528693529,3.502925542538529,0.0,0.0,865.4619564065447,623.4868073382651,15.0,19.0,1.0,0.6130323278762037,0.762528922586985,38.0
2025-12-17 13:02:53.063,0,2025-12-17 13:02:53,13249.959706959708,41.406124084249086,5234.700854700855,120.0,5702503.729585823,1999101.1598687568,0.0324815288697207,0.0113869039139559,2.3502577696474978,5234.700854700855,2027.990231990232,1135.3345543345542,1006.84126984127,865.2588522588524,2.581225871862822,0.0,0.0,2387.99156815635,1413.8957386839938,15.0,19.0,1.0,0.7751061882648953,0.2470922343440948,63.0
2025-12-17 13:02:54.078,0,2025-12-17 13:02:54,17555.478632478633,54.860870726495726,6916.853479853478,135.0,9886516.643364305,5261867.899907311,0.0320787880928071,0.0170731867878625,2.032703666319905,6916.853479853478,5095.0,1580.8192918192926,1193.402930402931,328.8693528693529,1.3575767379493855,0.0,0.0,3144.2831684446464,2293.87617362126,15.0,19.0,1.0,0.8609816554349413,0.9435593576463182,78.0
2025-12-17 13:02:59.885,0,2025-12-17 13:03:00,2856.791208791209,8.927472527472528,334.5750915750916,136.0,84368.8205322015,20581.45665660347,0.0103377250293687,0.0025218491651027,3.837957411234262,334.5750915750916,277.8693528693529,277.1062271062271,144.43589743589746,118.42124542124544,1.204073382397073,0.0,0.0,290.4631138926275,143.46238760247743,15.0,19.0,1.0,0.4033923833359275,0.593733331281591,115.0
2025-12-17 13:03:00.937,0,2025-12-17 13:03:01,6991.678876678877,21.84899648962149,1134.7008547008545,137.0,1121412.496340158,209858.7253024364,0.0229404770501273,0.0042930315894296,3.2207604853721343,1134.7008547008545,1015.8534798534783,669.4358974358975,452.81929181929263,442.8852258852259,1.1169926344726415,0.0,0.0,1058.9676559461852,458.1034002301624,15.0,19.0,1.0,0.5314452816315861,0.5521903326559564,63.0
2025-12-17 13:03:01.943,0,2025-12-17 13:03:02,12047.252747252744,37.64766483516483,4587.853479853478,133.0,4766204.8313123975,1656359.2373483246,0.0328395092899416,0.0114124395588351,2.4164276528079265,4587.853479853478,2027.7008547008545,1155.2222222222222,936.8192918192926,721.3345543345542,2.262588916513555,0.0,0.0,2183.163949709778,1286.9962072004423,15.0,19.0,1.0,0.7826622883030151,0.733701744250803,57.0
2025-12-17 13:03:03.043,0,2025-12-17 13:03:03,3555.140415140415,11.109813797313796,780.2222222222222,137.0,116944.33865163966,53707.58877424296,0.0092526404307887,0.0042493464246528,3.655654743262692,780.2222222222222,303.1965811965812,211.96581196581195,209.5775335775336,135.8852258852259,2.5733213057365654,0.0,0.0,341.971254130577,231.748977935703,15.0,19.0,1.0,0.4615422130329853,0.5949901430797252,43.0
2025-12-17 13:03:04.149,0,2025-12-17 13:03:04,2834.964590964591,8.859264346764347,350.8412698412698,132.0,60710.946478048834,16349.708182884808,0.0075539086016571,0.0020342987293392,3.809821738643261,350.8412698412698,266.0854700854701,193.1062271062271,187.22222222222223,166.29792429792428,1.3185284778129995,2.0,5.0,246.39591408554008,127.86597742513372,15.0,19.0,1.0,0.410429504926129,0.4956271674655721,149.0
2025-12-17 13:03:05.858,0,2025-12-17 13:03:06,11038.24297924298,34.49450931013431,3948.8534798534783,131.0,3327232.289031126,1120644.415497095,0.0273075804946285,0.0091974605088225,2.7971427214692453,3948.8534798534783,983.8192918192926,658.2222222222222,585.4029304029309,563.1807081807082,4.013799599870814,0.0,0.0,1824.070253315679,1058.604938349097,15.0,19.0,1.0,0.6105571914979014,0.826962007211837,142.0
2025-12-17 13:03:06.903,0,2025-12-17 13:03:07,47480.74114774115,148.3773160866911,23345.85347985348,141.0,68528851.55268548,45141056.06507464,0.0303975425361999,0.0200233498851524,2.0435890182828262,23345.85347985348,7256.819291819293,3185.334554334554,2333.0,1857.402930402931,3.2170917506748924,0.0,0.0,8278.215481170171,6718.709404720124,15.0,19.0,1.0,0.7998697859040527,0.8976020532661253,97.0
2025-12-17 13:03:07.945,0,2025-12-17 13:03:08,6377.898656898657,19.930933302808302,3259.7008547008545,126.0,970857.4468058888,821227.6802317776,0.0238671321558448,0.0201886998329308,2.3556103048018104,3259.7008547008545,827.2588522588524,278.990231990232,261.43589743589746,116.36996336996336,3.9403638242083647,0.0,0.0,985.3209866870232,906.2161332881784,15.0,19.0,1.0,0.7437803663788183,0.1435765566337587,55.0
2025-12-17 13:03:09.033,0,2025-12-17 13:03:09,16103.730158730155,50.32415674603174,4962.700854700855,152.0,7549582.743071624,2713485.990874526,0.0291118617335228,0.0104634430365949,2.562078879878488,4962.700854700855,3529.8534798534783,1662.990231990232,1360.2588522588524,613.4358974358975,1.4059226205914492,0.0,0.0,2747.6504040855752,1647.2662173657682,15.0,19.0,1.0,0.7531943963717659,0.4093028598550577,33.0
2025-12-17 13:03:10.030,0,2025-12-17 13:03:10,5823.935286935288,18.19979777167277,1594.0,135.0,533461.5641047482,241113.55779857145,0.0157278751387268,0.0071086732137378,3.27323512284019,1594.0,640.3577533577534,482.4029304029309,289.61538461538464,257.2148962148962,2.4892335442793945,0.0,0.0,730.3845316713301,491.03315346173054,15.0,19.0,1.0,0.5603755542942845,0.6086081542570002,30.0
2025-12-17 13:03:11.141,0,2025-12-17 13:03:11,2913.791208791209,9.10559752747253,305.990231990232,133.0,66363.73572511648,14698.67068924326,0.007816529439,0.0017312556458926,3.9426748784893992,305.990231990232,248.33455433455424,202.43589743589743,143.42124542124543,123.1965811965812,1.2321693725182217,1.0,0.0,257.6115985842184,121.2380744207168,15.0,19.0,1.0,0.3512188887421035,0.6519616408848771,141.0
2025-12-17 13:03:13.137,0,2025-12-17 13:03:13,17192.258852258852,53.72580891330891,7296.853479853478,140.0,9115056.96020593,4164938.57138295,0.0308385183555775,0.0140910292874949,2.465471757258226,7296.853479853478,2027.8192918192929,1334.7008547008545,906.990231990232,820.3345543345542,3.598374623067809,0.0,0.0,3019.1152611660805,2040.8181132533468,15.0,19.0,1.0,0.720481149053327,0.7614938716490356,137.0
2025-12-17 13:03:24.864,0,2025-12-17 13:03:25,4967.1684981684975,15.522401556776554,1181.0,124.0,419057.7250053426,126323.32325112444,0.0169846290375793,0.0051199504416419,3.388902209674547,1181.0,438.7008547008545,236.5775335775336,227.990231990232,227.1965811965812,2.692039432662194,1.0,0.0,647.3466806938478,355.4199252308801,15.0,19.0,1.0,0.4653486593653955,0.5747675026565227,136.0
2025-12-17 13:03:25.928,0,2025-12-17 13:03:26,14849.08424908425,46.40338827838828,7582.0,133.0,6597604.754970473,4294434.2724435385,0.0299217473756362,0.0194763072650757,2.096185373052288,7582.0,1745.402930402931,1398.7008547008545,743.8192918192926,596.3345543345542,4.34398262311003,0.0,0.0,2568.580299498241,2072.3016847079816,15.0,19.0,1.0,0.8125927113654132,0.8113385794398127,72.0
2025-12-17 13:03:26.937,0,2025-12-17 13:03:27,9941.06227106227,31.065819597069595,2561.7008547008545,154.0,2105338.775850651,760475.3041796556,0.0213037668663333,0.0076951931792076,2.9876898109184857,2561.7008547008545,1979.8534798534783,944.8192918192926,567.2222222222222,369.2588522588524,1.293884057970362,0.0,0.0,1450.9785580258072,872.0523517425175,15.0,19.0,1.0,0.646093397840443,0.4884362414375814,63.0
2025-12-17 13:03:28.003,0,2025-12-17 13:03:28,345589.3333333333,1079.9666666666667,174560.40293040292,92.0,4117481825.361076,3101410757.896695,0.0344755363949809,0.0259680076305562,1.4265732112104437,174560.40293040292,83155.8192918193,57430.0,9866.598290598293,5553.015873015873,2.0991964773723746,0.0,0.0,64167.60729029154,55690.311167174266,15.0,19.0,1.0,0.956527891637769,0.9714083034546214,3.0
2025-12-17 13:03:29.055,0,2025-12-17 13:03:29,2098686.493284493,6558.395291514042,611477.8192918192,98.0,114142189556.63742,61243880037.05463,0.0259149911129057,0.0139048901466236,2.299110114845253,611477.8192918192,335796.4029304029,309463.8534798535,247107.01343101345,144109.0,1.820977872173789,0.0,0.0,337849.3592662822,247475.00891414192,14.0,18.0,0.9473684210526316,0.785231188367731,0.972798599783301,55.0
2025-12-17 13:03:30.061,0,2025-12-17 13:03:30,196644.12698412692,614.5128968253969,37909.23443223443,90.0,416023639.2688687,456696597.7258642,0.0107586071204053,0.0118104328801924,2.960405635182238,37909.23443223443,29094.01343101343,20094.07692307692,16746.59829059829,10459.225885225886,1.3029908892467517,2.0,4.0,20396.65755139476,21370.46086835434,14.0,18.0,0.9473684210526316,0.5812690707583393,0.899405767867847,61.0
2025-12-17 13:03:31.067,0,2025-12-17 13:03:31,153853.35042735044,480.7917200854701,40422.01587301587,149.0,424480990.6047053,335325090.0976561,0.0179326441153262,0.0141661597026868,2.6026897858284856,40422.01587301587,17243.641025641027,16775.819291819294,15492.234432234432,14194.598290598293,2.3441694136932343,2.0,5.0,20602.93645587214,18311.88384895601,15.0,19.0,1.0,0.6768023486266401,0.9144592950548748,67.0
2025-12-17 13:03:32.099,0,2025-12-17 13:03:32,60313.75213675213,188.48047542735043,14281.442002442003,159.0,57337834.73315072,45216355.26849895,0.0157619009755602,0.0124297633061085,2.7579927478528794,14281.442002442003,13049.603174603177,5525.225885225886,4639.442002442002,3415.7960927960926,1.0943966503314912,1.0,0.0,7572.17503318239,6724.310765312602,15.0,19.0,1.0,0.6783114581355831,0.9671056497946888,99.0
2025-12-17 13:03:33.138,0,2025-12-17 13:03:33,50926.96581196581,159.14676816239316,13815.641025641024,154.0,35188963.16142756,32739749.735872973,0.0135678447813896,0.0126234990374705,2.994042410265302,13815.641025641024,5982.136752136752,3481.4420024420024,2809.3833943833943,2363.015873015873,2.309482647768613,2.0,4.0,5932.028587374437,5721.8659313088565,15.0,19.0,1.0,0.5586749297546701,0.8859327268082384,138.0
2025-12-17 13:03:35.880,1,2025-12-17 13:03:36,25180.04273504273,78.68763354700855,2927.3724053724054,134.0,2844930.27115302,7448255.195203638,0.0044870271841762,0.0117473963683529,3.466822707153997,2927.3724053724054,2412.136752136752,1744.3345543345542,1681.3833943833945,1560.076923076923,1.213601344442029,1.0,0.0,1686.6921091749437,2729.1491705664675,15.0,19.0,1.0,0.410059035163353,0.8538075122481442,120.0
2025-12-17 13:03:36.978,1,2025-12-17 13:03:37,37636.08791208791,117.61277472527472,6975.924297924298,153.0,11732851.570080012,16973081.64002433,0.00828313286954,0.0119826190240394,3.021488477884737,6975.924297924298,4742.383394383394,4207.442002442002,2305.0,2265.4420024420024,1.470974343024377,1.0,0.0,3425.3250313043304,4119.840001750594,15.0,19.0,1.0,0.544588793210046,0.965782815158418,22.0
2025-12-17 13:03:38.105,1,2025-12-17 13:03:38,16653.244200244197,52.04138812576311,3803.8534798534783,141.0,1924391.870910329,3291735.954904395,0.0069389828264328,0.0118693596691551,3.352297069028192,3803.8534798534783,1639.8192918192926,721.6703296703297,716.6898656898657,663.8571428571429,2.31967845410026,1.0,0.0,1387.2245207284684,1814.3141830742527,15.0,19.0,1.0,0.4531183245231585,0.8355952159859817,105.0
2025-12-17 13:03:43.897,1,2025-12-17 13:03:44,766416.8766788768,2395.05273962149,162082.45543345544,113.0,12297411497.147375,8098148384.742999,0.0209355120150638,0.0137865503523148,2.375871706054409,162082.45543345544,148633.2258852259,142867.9658119658,131055.42124542124,32179.83028083028,1.0904860233512923,1.0,0.0,110893.69457794874,89989.71266063138,15.0,19.0,1.0,0.8048086066812181,0.9848532239255348,103.0
2025-12-17 13:03:44.948,1,2025-12-17 13:03:45,5191443.775335775,16223.261797924297,1993809.752136752,96.0,757859745696.4464,516514027719.7311,0.0281198195935764,0.0191648670608346,1.8631381220636425,1993809.752136752,1084842.1184371184,795594.0854700855,368968.5409035409,323738.2148962149,1.8378801101575404,0.0,0.0,870551.4032476465,718689.1036600813,12.0,19.0,1.0,0.87970763230472,0.012028713202109,52.0
2025-12-17 13:03:45.963,1,2025-12-17 13:03:46,64169.06715506716,200.52833485958487,18067.540903540903,102.0,56352351.18372394,48415925.31864093,0.013685497480849,0.0117580901251306,2.894509537824931,18067.540903540903,8393.168498168498,6139.035409035409,3722.2466422466414,3507.6898656898657,2.1526484196619347,1.0,0.0,7506.820311138661,6958.155310040222,15.0,19.0,1.0,0.6206990857827285,0.2223396961164026,37.0
2025-12-17 13:03:47.004,1,2025-12-17 13:03:47,60366.42368742368,188.64507402319904,15743.168498168498,137.0,59921748.33880317,37259962.45382953,0.0164434742000008,0.0102247222133503,2.887483543319812,15743.168498168498,9781.162393162393,4679.540903540904,3458.5824175824177,2841.2466422466423,1.6095396298881908,1.0,0.0,7740.913921418011,6104.093909322622,15.0,19.0,1.0,0.6047020615916523,0.2323908682953502,4.0
2025-12-17 13:03:48.050,1,2025-12-17 13:03:48,382019.778998779,1193.8118093711844,147850.1623931624,153.0,3565814512.378541,2756858917.03588,0.0244335769527268,0.0188904734846332,2.1423199672890387,147850.1623931624,72246.13675213675,40384.43101343101,25128.24664224664,21876.59829059829,2.0464784560094493,1.0,0.0,59714.441405564045,52505.79888960723,15.0,19.0,1.0,0.8048943850432339,0.3565655856461329,50.0
2025-12-17 13:03:49.059,1,2025-12-17 13:03:49,169594.37118437118,529.98240995116,24633.582417582416,132.0,291886103.668581,305043524.70176864,0.0101482358363842,0.0106056903364963,2.862073128206199,24633.582417582416,21517.162393162394,19333.07692307692,18181.28205128205,16323.689865689868,1.1448341545913692,2.0,4.0,17084.674526270057,17465.495260706713,15.0,19.0,1.0,0.5895761336447436,0.3849426113979185,59.0
2025-12-17 13:03:50.973,2,2025-12-17 13:03:51,50181.13919413919,156.816059981685,7906.598290598291,156.0,21277685.7638176,34054782.33241011,0.0084497402408614,0.0135237482056091,3.073278719582329,7906.598290598291,6466.4310134310135,5228.136752136752,4282.0,3123.7008547008545,1.2227143959588798,1.0,0.0,4612.774193890006,5835.647550393196,15.0,19.0,1.0,0.5381876008510502,0.4523822645642182,27.0
2025-12-17 13:03:52.015,1,2025-12-17 13:03:52,100740.3028083028,314.81344627594626,13997.015873015873,151.0,128138008.6752564,106014289.53746466,0.0126261651819094,0.0104461895824769,3.020691248359159,13997.015873015873,12299.431013431013,10964.598290598293,9196.136752136752,7507.819291819293,1.1380214139767892,2.0,4.0,11319.806035231188,10296.324078886826,15.0,19.0,1.0,0.5356843261002487,0.722432204820017,15.0
2025-12-17 13:03:53.095,1,2025-12-17 13:03:53,109119.7448107448,340.99920253357755,13780.234432234432,135.0,151275273.9871515,91003687.93966489,0.0127046078654675,0.0076427967314937,3.134930032498625,13780.234432234432,12659.015873015873,11665.225885225886,10218.603174603177,8231.442002442003,1.0885707522973784,2.0,4.0,12299.401367023986,9539.585312772504,15.0,19.0,1.0,0.5182794503928498,0.9308327486138828,95.0
2025-12-17 13:03:54.139,1,2025-12-17 13:03:54,68687.01221001222,214.6469131562882,13974.603174603177,151.0,39496206.85961784,46679155.13148786,0.008371555054364,0.0098940416851521,2.9739423090695114,13974.603174603177,8894.442002442003,7959.796092796093,5579.700854700855,5331.442002442002,1.5711613129598037,1.0,0.0,6284.600771697264,6832.214511524639,15.0,19.0,1.0,0.6076837932528276,0.8550340795748667,139.0
2025-12-17 13:03:56.908,1,2025-12-17 13:03:57,10748.52380952381,33.5891369047619,910.4700854700856,158.0,505900.06129036064,524094.894831613,0.004378920760213,0.0045364098384297,3.672359098769188,910.4700854700856,901.869352869353,746.6898656898657,681.1062271062272,674.9242979242979,1.0095365615566814,1.0,0.0,711.2665191687014,723.9439859765484,15.0,19.0,1.0,0.3642416296822543,0.702674337197728,92.0
2025-12-17 13:03:58.062,1,2025-12-17 13:03:58,5188.2295482295485,16.21321733821734,793.5750915750916,132.0,103206.73576262634,125003.59642599974,0.003834155097515,0.0046439137223252,3.695544487853501,793.5750915750916,405.0769230769231,331.6898656898657,251.42124542124543,236.8852258852259,1.9590725769940605,1.0,0.0,321.2580516697229,353.5584766711155,15.0,19.0,1.0,0.389082312739384,0.7050770034546645,62.0
2025-12-17 13:03:59.142,1,2025-12-17 13:03:59,27320.93772893773,85.3779304029304,3952.8534798534783,109.0,4458661.835079669,4474131.295960319,0.0059732863121031,0.0059940108080061,3.656055087554159,3952.8534798534783,3326.6898656898657,2149.076923076923,1376.4163614163615,1159.8192918192926,1.188224222708712,1.0,0.0,2111.554364699064,2115.214243513011,15.0,17.0,0.8947368421052632,0.4379372348256763,0.5464049898801401,142.0
2025-12-17 13:04:01.936,1,2025-12-17 13:04:02,48155.21489621489,150.48504655067154,6781.246642246642,150.0,16814774.296256874,21748282.969113216,0.0072511082998523,0.0093786067161174,3.3524691555069044,6781.246642246642,4617.1623931623935,3457.136752136752,3219.6898656898657,3052.8534798534783,1.468704382650174,2.0,4.0,4100.58218991607,4663.505437877522,15.0,19.0,1.0,0.4387497632109915,0.525594675398561,64.0
2025-12-17 13:04:03.040,1,2025-12-17 13:04:03,157148.04273504275,491.0876335470086,22490.641025641027,155.0,197031841.1375024,380205942.57973707,0.0079784488109958,0.0153957534629741,2.945261262807223,22490.641025641027,22381.07692307692,15577.383394383394,15564.689865689868,15334.136752136752,1.004895390107441,2.0,3.0,14036.803095345547,19498.87028983313,15.0,19.0,1.0,0.5812858141347855,0.911525281679316,40.0
2025-12-17 13:04:04.126,1,2025-12-17 13:04:04,59968.203907203904,187.4006372100122,9357.136752136752,141.0,45700330.6974876,37283818.73221348,0.0127080015626213,0.010367601710495,2.976868023816568,9357.136752136752,8052.641025641025,7329.1623931623935,5305.853479853478,4055.372405372405,1.1619960112888206,1.0,0.0,6760.201971649042,6106.047717813339,15.0,19.0,1.0,0.568637441750512,0.6770433839389621,126.0
2025-12-17 13:04:06.870,1,2025-12-17 13:04:07,75963.3137973138,237.3853556166056,22472.13675213676,142.0,90956994.3210616,123684296.91188905,0.0157626160364577,0.0214341744306067,2.3207884184230725,22472.13675213676,12771.641025641024,10938.598290598293,8598.015873015873,5418.372405372405,1.759534010313846,2.0,4.0,9537.137637732909,11121.344204361676,15.0,19.0,1.0,0.7924715410308009,0.9486035399711008,130.0
2025-12-17 13:04:07.983,1,2025-12-17 13:04:08,19166.019536019536,59.893811050061046,4344.598290598291,155.0,3877828.225887624,5146670.776460841,0.0105566157622701,0.0140107871409299,2.902665380669365,4344.598290598291,3841.136752136752,1238.4310134310135,1133.015873015873,939.7008547008544,1.131070974804618,2.0,5.0,1969.2202075663413,2268.6275094119883,15.0,19.0,1.0,0.5998576158328334,0.6928250484010247,17.0
2025-12-17 13:04:09.069,1,2025-12-17 13:04:09,36187.16483516483,113.0848901098901,5169.598290598291,139.0,11964094.02539336,21736152.389075004,0.0091363073314538,0.0165986800177605,2.8370815330636305,5169.598290598291,4936.853479853478,4772.402930402931,2915.8192918192926,2765.015873015873,1.0471443626377732,0.0,0.0,3458.915151516926,4662.204670440263,15.0,19.0,1.0,0.5681486781111529,0.9134644168521512,69.0
2025-12-17 13:04:11.929,1,2025-12-17 13:04:12,30559.42857142857,95.49821428571428,9281.598290598293,122.0,14553230.741754796,12411261.46937678,0.015583641791367,0.0132900148667911,2.645796134175368,9281.598290598293,3614.015873015873,2554.0,2182.136752136752,2147.7008547008545,2.56822289019176,1.0,0.0,3814.869688699052,3522.9620306464813,15.0,19.0,1.0,0.6472454720224661,0.700757490399196,71.0
2025-12-17 13:04:12.967,1,2025-12-17 13:04:13,21653.8608058608,67.668315018315,5665.136752136752,121.0,5477616.414581721,5112722.506443488,0.0116821004110509,0.0109038919802992,2.797637675574744,5665.136752136752,2390.7008547008545,2295.8192918192926,1935.3724053724047,1387.8534798534783,2.369655216793426,2.0,6.0,2340.430818157572,2261.1330138767794,15.0,19.0,1.0,0.6315216905883559,0.7495406696276382,33.0
2025-12-17 13:04:14.041,1,2025-12-17 13:04:14,47744.858363858366,149.2026823870574,15451.853479853478,148.0,48917686.42830298,30590324.561257064,0.0214591586288621,0.0134193310272455,2.6027802903003905,15451.853479853478,6541.819291819293,4646.0,4374.700854700855,3545.402930402931,2.3620116653442325,0.0,0.0,6994.117987874024,5530.852064669337,15.0,19.0,1.0,0.7238428962004566,0.814061101491353,41.0
2025-12-17 13:04:15.099,1,2025-12-17 13:04:15,26316.72161172161,82.23975503663003,5167.4310134310135,149.0,6294686.747860308,9878957.138614183,0.0090888837733406,0.0142642035785496,3.040273242003792,5167.4310134310135,3634.162393162393,3088.5982905982905,2668.136752136752,1628.2588522588524,1.4219042668957265,2.0,8.0,2508.921431185184,3143.080835520172,15.0,19.0,1.0,0.615068530966908,0.4483083987464449,99.0
2025-12-17 13:04:18.015,1,2025-12-17 13:04:18,45291.18315018315,141.53494734432235,8581.136752136752,148.0,18972212.07717764,30128830.7024479,0.0092489118167023,0.0146877389507205,2.768271937453437,8581.136752136752,8183.853479853478,7050.598290598291,4509.1623931623935,1919.0,1.0485447684590434,2.0,5.0,4355.710283889142,5488.973556362601,15.0,19.0,1.0,0.6677624387833628,0.7706961107638184,15.0
2025-12-17 13:04:19.119,1,2025-12-17 13:04:19,24375.730158730155,76.17415674603174,2787.6898656898657,123.0,3997130.460675209,6658252.051171024,0.0067271801208851,0.011205854119386,3.1510400302701584,2787.6898656898657,2509.5982905982905,2394.162393162393,2104.8534798534783,1686.6410256410256,1.1108111908317275,2.0,4.0,1999.282486462383,2580.3588996825665,15.0,19.0,1.0,0.4710810703995248,0.7424863588820279,119.0
2025-12-17 13:04:21.886,1,2025-12-17 13:04:22,26272.65323565324,82.10204136141635,6214.136752136752,141.0,5951910.718444418,11535503.0756966,0.0086228045152606,0.0167120094222307,3.033225240298352,6214.136752136752,2544.162393162393,2231.6898656898657,1705.076923076923,1496.3724053724054,2.4425079031256884,2.0,4.0,2439.653811188058,3396.3956005884534,15.0,19.0,1.0,0.540160074894124,0.7592604426307228,114.0
2025-12-17 13:04:22.928,1,2025-12-17 13:04:23,48254.37362637362,150.79491758241755,8235.689865689867,151.0,15312742.57160813,43602555.48943221,0.0065762697086792,0.0187257222894752,3.116798711101924,8235.689865689867,7662.136752136752,5649.076923076923,3130.0,2593.162393162393,1.074855504685699,2.0,4.0,3913.1499551650368,6603.223113709865,15.0,19.0,1.0,0.5651314872557129,0.7446748170030402,72.0
2025-12-17 13:04:23.953,1,2025-12-17 13:04:24,38470.23931623931,120.21949786324784,6025.853479853478,140.0,8517229.384961236,18109109.90071622,0.0057550429325082,0.0122362214562577,3.125734045691927,6025.853479853478,3690.700854700856,3551.6898656898657,3418.5982905982905,3013.162393162393,1.6327125164253564,1.0,0.0,2918.429266739428,4255.479984762732,15.0,19.0,1.0,0.512084282139843,0.6066627911412645,47.0
2025-12-17 13:04:25.028,1,2025-12-17 13:04:25,76002.58119658119,237.5080662393162,20980.59829059829,124.0,84148130.82571323,110517679.6134358,0.0145675926682745,0.0191326476708789,2.4077144415963816,20980.59829059829,15301.136752136752,9274.015873015873,5634.641025641025,4747.819291819293,1.3711790588151596,1.0,0.0,9173.229029393806,10512.738920635087,15.0,19.0,1.0,0.7360040981835332,0.9203532609280516,28.0
2025-12-17 13:04:26.142,1,2025-12-17 13:04:26,45414.35164835165,141.9198489010989,9151.853479853478,128.0,23263094.279468928,31954126.063140977,0.0112792765221436,0.0154931850234427,2.847197554586077,9151.853479853478,5784.598290598291,4887.0,4247.819291819293,3250.402930402931,1.5821070055506543,0.0,0.0,4823.183002900567,5652.798073798584,15.0,19.0,1.0,0.6016088086917577,0.8928530120458408,142.0
2025-12-17 13:04:28.856,1,2025-12-17 13:04:29,8053.189255189256,25.166216422466427,1129.5982905982903,153.0,262859.9812570862,664967.3878831507,0.0040531125315782,0.0102533205702547,3.6021472612256504,1129.5982905982903,1016.3724053724054,783.8571428571429,307.4310134310134,252.0769230769231,1.111401967060771,1.0,0.0,512.6987236741342,815.4553254980623,15.0,19.0,1.0,0.4332862006300061,0.6663830921458178,144.0
2025-12-17 13:04:29.938,1,2025-12-17 13:04:30,25094.29426129426,78.41966956654457,5091.641025641025,140.0,5708002.432697195,6085071.261559075,0.0090642980383097,0.0096630826895183,3.271164352830008,5091.641025641025,2646.015873015873,2418.2344322344325,2022.136752136752,1157.2258852258851,1.9242669998936008,2.0,4.0,2389.142614558033,2466.7937209177167,15.0,19.0,1.0,0.5314058179680268,0.8837525490546243,62.0
2025-12-17 13:04:31.051,1,2025-12-17 13:04:31,53354.9304029304,166.7341575091575,15208.136752136752,157.0,46233219.34628056,44381153.491606906,0.0162407103225985,0.0155901204335656,2.651536312035605,15208.136752136752,10354.162393162393,3609.5982905982905,3533.7008547008545,2786.0,1.4687944977739893,1.0,0.0,6799.501404241384,6661.918154075965,15.0,19.0,1.0,0.6651980992678481,0.6107032939591565,51.0
2025-12-17 13:04:32.138,1,2025-12-17 13:04:32,44617.23687423687,139.42886523199022,10201.162393162393,150.0,25716090.56936976,31128190.78962078,0.012918128622902,0.0156368236195869,2.7573185894146275,10201.162393162393,7291.431013431013,5697.136752136752,4458.598290598291,2112.3724053724054,1.3990617718758054,1.0,0.0,5071.103486359725,5579.264359180409,15.0,19.0,1.0,0.667022499366938,0.3925717971697695,138.0
2025-12-17 13:04:36.907,1,2025-12-17 13:04:37,30907.0402930403,96.58450091575094,5595.853479853478,151.0,7398000.386058125,11274125.415301144,0.0077446092932436,0.0118023373760675,3.058228457047864,5595.853479853478,3772.076923076923,3089.0,2914.162393162393,1496.4310134310135,1.483493999185838,1.0,0.0,2719.926540562837,3357.69644478192,15.0,19.0,1.0,0.5457502125598716,0.7192278819790462,93.0
2025-12-17 13:04:37.987,1,2025-12-17 13:04:38,33044.41147741148,103.26378586691088,6009.1623931623935,150.0,10348592.652285092,14185479.540466769,0.0094773135543028,0.0129911614110606,3.2100323912426734,6009.1623931623935,4140.136752136752,3671.0,1973.2466422466423,1434.5982905982903,1.451440556899376,1.0,0.0,3216.9228545747087,3766.361578561831,15.0,19.0,1.0,0.5213633200857695,0.5463020075139766,13.0
2025-12-17 13:04:39.056,1,2025-12-17 13:04:39,21818.175824175825,68.18179945054945,4349.015873015873,144.0,3884083.408821822,5949095.174405207,0.0081592769217886,0.0124972380489564,3.0207598493529098,4349.015873015873,3347.641025641026,2289.5982905982905,1846.076923076923,1441.1367521367522,1.2991285026391977,2.0,4.0,1970.80780616016,2439.076705313961,15.0,19.0,1.0,0.6083674900887209,0.8835266672284905,56.0
2025-12-17 13:04:40.088,1,2025-12-17 13:04:40,33741.743589743586,105.44294871794872,10902.136752136752,144.0,14953579.716526642,20854783.534647115,0.0131343966827819,0.0183176874614761,2.7378629238715755,10902.136752136752,4178.598290598291,2502.641025641026,1969.162393162393,1898.3724053724047,2.609041595757982,2.0,4.0,3866.985869708686,4566.703793180275,15.0,19.0,1.0,0.6357380675914633,0.8700756098683389,88.0
2025-12-17 13:04:41.119,1,2025-12-17 13:04:41,12738.173382173383,39.806791819291824,3841.136752136752,130.0,2314054.194992236,2063335.3824828223,0.0142613032301178,0.0127161462418202,2.873930194722831,3841.136752136752,1522.162393162393,1178.3724053724054,779.6410256410256,650.5982905982906,2.523473690710498,2.0,4.0,1521.201562907505,1436.4314750390365,15.0,19.0,1.0,0.6258284157182727,0.7248130948441251,119.0
2025-12-17 13:04:45.883,1,2025-12-17 13:04:46,55711.45543345544,174.09829822954825,12984.383394383394,158.0,34595754.350603625,38001306.54653326,0.0111463787476045,0.0122436109176527,2.950881116103392,12984.383394383394,6235.372405372405,5415.924297924298,4149.442002442002,3283.4420024420024,2.0823749649971104,1.0,0.0,5881.815565843903,6164.519976975763,15.0,19.0,1.0,0.5756188534845914,0.934647304677876,117.0
2025-12-17 13:04:46.928,1,2025-12-17 13:04:47,25602.045177045176,80.00639117826617,7450.1623931623935,145.0,7248077.788250532,8312605.816017759,0.0110579221085878,0.0126820034660672,3.0332351766730934,7450.1623931623935,2858.2466422466423,1314.1684981684982,1285.1367521367522,1195.5409035409036,2.60654986278714,2.0,5.0,2692.225434143755,2883.1589994340857,15.0,19.0,1.0,0.550864397423204,0.3399952069991986,72.0
2025-12-17 13:04:48.039,1,2025-12-17 13:04:48,81229.17826617826,253.84118208180703,20589.07692307692,140.0,64083594.69709553,82797075.2793362,0.0097123146848092,0.0125484728797711,2.713121112015961,20589.07692307692,12507.689865689868,7825.246642246642,5173.67032967033,4369.1623931623935,1.6461134825187542,2.0,3.0,8005.222963609167,9099.28982280135,15.0,19.0,1.0,0.6212650088429835,0.6051211140093052,39.0
2025-12-17 13:04:49.092,1,2025-12-17 13:04:49,37987.858363858366,118.7120573870574,5369.853479853478,158.0,10626718.233264532,17518927.857264303,0.0073639281981107,0.0121399781208978,3.20491680983475,5369.853479853478,4572.641025641025,4177.136752136752,3242.6898656898657,2507.7008547008545,1.1743439840872965,2.0,4.0,3259.864756897828,4185.561832928084,15.0,19.0,1.0,0.5230624424178065,0.8139244799507732,92.0
2025-12-17 13:04:52.939,1,2025-12-17 13:04:53,38514.454212454206,120.3576694139194,7663.641025641025,149.0,8560524.624301702,19523035.814054467,0.0057710240625991,0.01316133232513,2.9407651354515707,7663.641025641025,5411.700854700855,5379.015873015873,3500.6898656898657,1509.4847374847377,1.416124289091592,2.0,4.0,2925.837422739292,4418.487955630802,15.0,19.0,1.0,0.6092396435659253,0.7730934500337083,61.0
2025-12-17 13:04:54.022,1,2025-12-17 13:04:54,99315.8669108669,310.36208409645906,27434.162393162394,154.0,155076893.92799637,171032391.1770258,0.0157220733520899,0.0173396805388496,2.5216757077649223,27434.162393162394,19990.43101343101,12062.168498168498,9428.196581196582,4301.136752136752,1.3723647266398995,2.0,3.0,12452.987349547751,13077.935279585452,15.0,19.0,1.0,0.7372044116959057,0.188416971565972,22.0
2025-12-17 13:04:55.036,1,2025-12-17 13:04:55,25076.482295482296,78.36400717338218,4456.853479853478,140.0,5626509.217407534,10465362.293305883,0.0089475844611356,0.016642594798571,2.978600079706107,4456.853479853478,3819.641025641026,2286.3833943833943,2211.3724053724054,2180.8192918192926,1.1668252199444178,2.0,4.0,2372.0263947535523,3235.0212199158577,15.0,19.0,1.0,0.5963782886630499,0.9499926939021188,36.0
2025-12-17 13:04:56.073,1,2025-12-17 13:04:56,25540.66178266178,79.81456807081807,4434.1623931623935,139.0,7119097.559105232,8388318.156921153,0.0109134145508011,0.0128591008439556,2.9405034301114816,4434.1623931623935,4014.700854700856,3102.136752136752,1897.8534798534783,1665.2588522588524,1.1044813931701245,1.0,0.0,2668.163705454602,2896.2593386851863,15.0,19.0,1.0,0.5917666684099752,0.4214341927512104,73.0
2025-12-17 13:04:57.136,1,2025-12-17 13:04:57,21184.167277167275,66.20052274114774,4524.136752136752,136.0,3934485.203259239,7374254.204904474,0.0087672849528463,0.0164321847939766,3.073362252638172,4524.136752136752,2554.5982905982905,1863.0,1766.6410256410256,1010.4029304029308,1.770977757553976,2.0,4.0,1983.553680458192,2715.5578073214488,15.0,19.0,1.0,0.5531857280700943,0.8296799168037708,136.0
2025-12-17 13:04:59.875,1,2025-12-17 13:05:00,120934.72405372406,377.9210126678877,35062.431013431014,148.0,340281861.8277253,217320185.010968,0.0232668057699473,0.0148592890240476,2.292470382413152,35062.431013431014,31688.196581196586,15359.168498168498,9929.162393162393,3620.5982905982905,1.106482375025266,1.0,0.0,18446.73038312549,14741.78364415134,15.0,19.0,1.0,0.7910015715094382,0.1334839926510964,125.0
2025-12-17 13:05:00.917,1,2025-12-17 13:05:01,47030.70085470086,146.9709401709402,6906.015873015873,148.0,18399956.358296394,20764237.98657504,0.0083186699101998,0.0093875680128592,3.264813787541185,6906.015873015873,5531.853479853478,3906.5982905982905,3225.168498168498,2891.6898656898657,1.248409036531015,2.0,4.0,4289.517030890121,4556.779343634607,15.0,19.0,1.0,0.4775885878613364,0.7697153061164984,83.0
2025-12-17 13:05:01.954,1,2025-12-17 13:05:02,32230.493284493285,100.72029151404152,4984.4310134310135,134.0,6190775.728596302,12759405.85829246,0.0059595184198902,0.012282776435933,3.280792844822216,4984.4310134310135,3242.7008547008545,2971.258852258852,2025.162393162393,1545.076923076923,1.5371232922098514,0.0,0.0,2488.1269518648564,3572.0310550571166,15.0,19.0,1.0,0.4582191748127868,0.4195592612945679,46.0
2025-12-17 13:05:03.036,1,2025-12-17 13:05:03,94543.0463980464,295.44701999389497,18363.01587301588,140.0,107069412.6965678,140014285.09806827,0.0119786047799452,0.0156643782990517,2.6151387698565647,18363.01587301588,18108.641025641027,15846.136752136752,10717.598290598293,4707.689865689866,1.0140471527937214,2.0,4.0,10347.43507815187,11832.763206371885,15.0,19.0,1.0,0.7165316158934445,0.8964398448652511,36.0
2025-12-17 13:05:04.090,1,2025-12-17 13:05:04,19660.55311355312,61.43922847985348,4642.598290598291,140.0,5110786.290607976,4991321.722944279,0.0132219727469757,0.0129129092941012,2.7989243502350405,4642.598290598291,4236.136752136752,1683.6410256410256,1683.015873015873,1251.7008547008545,1.0959509955044344,1.0,0.0,2260.7048216447843,2234.126613006586,15.0,19.0,1.0,0.6865062604361731,0.7644912651495609,90.0
2025-12-17 13:05:06.942,1,2025-12-17 13:05:07,65087.459096459104,203.3983096764347,12172.136752136752,102.0,27031319.162617862,67790776.95599349,0.0063807628656618,0.0160020630008083,2.951386435258049,12172.136752136752,7152.853479853478,6399.689865689866,6132.598290598291,6102.076923076923,1.7017176133159642,2.0,3.0,5199.165237095072,8233.515467647674,15.0,19.0,1.0,0.5832053645710653,0.8033532189776876,58.0
2025-12-17 13:05:08.100,1,2025-12-17 13:05:08,149696.5592185592,467.8017475579976,38377.13675213675,146.0,379183969.17272586,452284380.7500075,0.0169210119410785,0.0201831037955827,2.298077073927129,38377.13675213675,27234.59829059829,27029.162393162394,22183.43101343101,5143.0,1.4091317353993649,2.0,3.0,19472.646691519,21266.978646484025,15.0,19.0,1.0,0.8014033794469086,0.6253359645358894,100.0
2025-12-17 13:05:09.143,1,2025-12-17 13:05:09,39601.92796092796,123.75602487789988,7314.442002442002,126.0,12009505.841911225,12080162.326772498,0.0076575965083505,0.0077026490574635,3.135400088293624,7314.442002442002,6939.700854700855,3327.8534798534783,2314.2344322344325,1710.6031746031747,1.0539996111628138,2.0,4.0,3465.4733936233333,3475.65279145839,15.0,19.0,1.0,0.5456005567494372,0.7063105331602832,143.0
2025-12-17 13:05:11.851,1,2025-12-17 13:05:12,32999.76068376069,103.12425213675216,10036.136752136752,129.0,13640373.800477091,21247665.04794131,0.0125257774497776,0.0195114538363034,2.5276391982042874,10036.136752136752,6545.598290598291,2331.431013431013,2048.8534798534783,1676.6410256410256,1.533264998334916,2.0,4.0,3693.287668254003,4609.518960579434,15.0,19.0,1.0,0.6860249920782139,0.8229290818107583,149.0
2025-12-17 13:05:13.020,1,2025-12-17 13:05:13,12823.750915750916,40.07422161172161,2965.136752136752,137.0,1289746.6420188225,1741303.361885293,0.0078428563068842,0.0105887401517742,3.3165958235439232,2965.136752136752,963.6410256410256,895.3296703296703,805.5982905982906,642.5750915750916,3.077013818668866,2.0,7.0,1135.6701290510473,1319.584541393727,15.0,19.0,1.0,0.489114368447093,0.7854464758043355,20.0
2025-12-17 13:05:14.056,1,2025-12-17 13:05:14,9579.53601953602,29.93605006105006,1618.0,153.0,671996.3574702836,1065650.425497159,0.0073228134326645,0.0116125023054166,3.4560703772168497,1618.0,1128.1367521367522,923.6410256410256,626.7228327228327,542.6898656898657,1.434223286258502,2.0,4.0,819.7538395581222,1032.303456110246,15.0,19.0,1.0,0.5051591712084147,0.7811188124868539,56.0
2025-12-17 13:05:18.022,1,2025-12-17 13:05:18,40189.05006105006,125.59078144078144,6597.076923076923,135.0,10907187.522783265,21378979.49346181,0.0067530085230477,0.0132364489408328,3.007732123833435,6597.076923076923,5200.853479853478,4163.689865689866,2939.015873015873,2811.7008547008545,1.2684604457000606,1.0,0.0,3302.603143398138,4623.740854920592,15.0,19.0,1.0,0.5402550436836365,0.8350682148400246,22.0
2025-12-17 13:05:19.968,1,2025-12-17 13:05:20,37102.642246642245,115.945757020757,6898.598290598291,147.0,17554329.228245974,20208099.41556077,0.0127518901135683,0.0146796530816258,2.7541254021843,6898.598290598291,5707.853479853478,4738.0,4269.136752136752,2701.7008547008545,1.2086151676714325,0.0,0.0,4189.788685392853,4495.341968700576,15.0,19.0,1.0,0.6553519616110153,0.7835868249726053,32.0
2025-12-17 13:05:24.063,1,2025-12-17 13:05:24,16447.805860805864,51.39939331501832,3472.8534798534783,147.0,2625650.1738759144,2460384.226353093,0.0097055671868188,0.0090946709702035,3.2926138824140496,3472.8534798534783,1611.3345543345542,1115.3724053724054,1052.8192918192926,856.1367521367522,2.1552653175029413,2.0,4.0,1620.385810193336,1568.5611962410308,15.0,19.0,1.0,0.4929846906108065,0.8121319572854863,63.0
2025-12-17 13:05:25.041,1,2025-12-17 13:05:25,13686.619047619046,42.77068452380952,3889.136752136752,137.0,2610219.4783900706,2220507.981980537,0.0139342843141195,0.0118538650863844,2.757397206136793,3889.136752136752,1725.7008547008545,1506.5982905982903,1388.6410256410256,913.1623931623932,2.253656386354789,2.0,3.0,1615.6173675688408,1490.1369004157093,15.0,19.0,1.0,0.6885001535772206,0.6763478780777074,41.0
2025-12-17 13:05:26.046,1,2025-12-17 13:05:26,29371.705738705736,91.78658043345544,8716.136752136752,121.0,11874204.602876471,13446547.4380349,0.0137640483900877,0.0155866380786371,2.403777963000903,8716.136752136752,5153.853479853478,4056.5982905982905,2327.641025641026,1690.162393162393,1.6911883091373516,1.0,0.0,3445.896777745449,3666.953427306502,15.0,19.0,1.0,0.7471269165165678,0.8775686667295195,46.0
2025-12-17 13:05:26.955,1,2025-12-17 13:05:27,15726.99877899878,49.14687118437119,3376.8534798534783,159.0,4217097.948016041,1893423.7561526983,0.0170499057299053,0.007655192491878,3.035484399326366,3376.8534798534783,2921.7008547008545,1257.1367521367522,817.5982905982906,799.2222222222222,1.1557834452555786,0.0,0.0,2053.557388537277,1376.017353143738,15.0,19.0,1.0,0.583233440048309,0.5947207278773002,45.0
2025-12-17 13:05:27.865,1,2025-12-17 13:05:28,40480.63247863248,126.50197649572652,15333.136752136752,131.0,30101106.967256945,27192908.982580222,0.0183691004154966,0.0165943822675301,2.35847004552735,15333.136752136752,5956.598290598291,3692.641025641026,2730.162393162393,2044.8534798534783,2.574143160927189,1.0,0.0,5486.447572633584,5214.682059587163,15.0,19.0,1.0,0.7351019517073631,0.830788675438856,135.0
2025-12-17 13:05:28.972,1,2025-12-17 13:05:29,24735.407814407816,77.29814942002443,7377.853479853478,147.0,8501678.165132537,6958885.15535302,0.0138952546590159,0.0113736934636091,2.930544983201345,7377.853479853478,2958.7008547008545,1948.8192918192929,1689.1367521367522,1419.3724053724054,2.4936125151445694,1.0,0.0,2915.7637361645984,2637.969892806402,15.0,19.0,1.0,0.6223419843886937,0.6908638775644211,28.0
2025-12-17 13:05:29.864,1,2025-12-17 13:05:30,40996.26617826618,128.1133318070818,15396.136752136752,134.0,34170815.00582489,30393799.05280866,0.0203313739725808,0.0180840783248742,2.368862420062445,15396.136752136752,5323.641025641025,3706.5982905982905,3518.3724053724054,3129.162393162393,2.8920313518472054,1.0,0.0,5845.580809964472,5513.057142167915,15.0,19.0,1.0,0.7579692924177489,0.8724179056539737,136.0
2025-12-17 13:05:51.094,3,2025-12-17 13:05:51,35818.12454212454,111.9316391941392,6265.076923076923,156.0,8710627.162516996,27838826.13175492,0.0067895929905648,0.0216992755220968,2.891710321242383,6265.076923076923,6262.136752136752,3663.6898656898657,3411.3724053724054,2959.8571428571427,1.0004695156071397,2.0,3.0,2951.3771637181508,5276.251143734055,15.0,19.0,1.0,0.6299082762582353,0.8469392444067682,94.0
2025-12-17 13:05:53.103,2,2025-12-17 13:05:53,38324.65323565323,119.76454136141636,8817.136752136752,153.0,16436440.91929898,23391743.158861425,0.0111905469840181,0.0159259782663756,2.801033928076366,8817.136752136752,5691.372405372405,4941.246642246642,2955.4041514041514,2339.641025641026,1.549211002922988,2.0,5.0,4054.188071525417,4836.501127763895,15.0,19.0,1.0,0.6456627493704332,0.691447539434855,103.0
2025-12-17 13:05:54.126,2,2025-12-17 13:05:54,51957.47741147742,162.36711691086694,13199.372405372404,151.0,30250714.433617342,41591126.28484947,0.0112057136652029,0.0154065205033106,2.879226512456225,13199.372405372404,7587.857142857143,4612.383394383394,3566.924297924298,2449.136752136752,1.7395388654352757,2.0,4.0,5500.064948127189,6449.118256385866,15.0,19.0,1.0,0.6046420180078577,0.8413114377789848,126.0
2025-12-17 13:05:55.107,2,2025-12-17 13:05:55,29700.56532356532,92.81426663614162,3992.8534798534783,158.0,4019866.989799405,11006043.674939403,0.0045570338198432,0.0124767593994132,3.2070933382706817,3992.8534798534783,3176.3724053724054,3144.136752136752,2522.924297924298,1644.6898656898657,1.2570482834754666,1.0,0.0,2004.9605955727425,3317.535783520564,15.0,19.0,1.0,0.4875656959124166,0.7739561532418371,107.0
2025-12-17 13:05:56.073,2,2025-12-17 13:05:56,41234.96459096459,128.85926434676435,4905.700854700855,131.0,13458819.491787966,14301662.730871592,0.0079154519432285,0.0084111481043006,3.483132556625695,4905.700854700855,3219.990231990232,3041.334554334554,3020.948717948718,2521.8534798534783,1.5235142038512284,1.0,0.0,3668.626376695775,3781.753922569737,15.0,19.0,1.0,0.4052344413189794,0.4731686861050153,73.0
2025-12-17 13:05:56.951,2,2025-12-17 13:05:57,43621.08302808303,136.31588446275947,6595.442002442002,131.0,14792162.410352422,16044984.308184031,0.0077738969317848,0.0084323069760667,3.271959509261311,6595.442002442002,4792.383394383394,3966.4420024420015,3377.0,2924.641025641026,1.376234215770464,1.0,0.0,3846.0580352293728,4005.619091748994,15.0,19.0,1.0,0.4964550836797419,0.8441056957732748,49.0
2025-12-17 13:05:57.903,2,2025-12-17 13:05:58,94277.44444444448,294.61701388888895,32229.24664224664,137.0,194757362.63505512,171172710.90657315,0.0219118114100953,0.0192583433519164,2.065216995677054,32229.24664224664,23089.162393162394,11560.540903540905,8474.168498168498,4550.372405372405,1.3958603648519354,1.0,0.0,13955.549528236254,13083.298930566903,15.0,19.0,1.0,0.8475356042300795,0.1574562347976969,97.0
2025-12-17 13:05:58.972,2,2025-12-17 13:05:59,70942.21611721613,221.6944253663004,14694.136752136752,159.0,32960735.166616675,103560369.50161068,0.006549186950423,0.0205770962659799,2.975693925199877,14694.136752136752,7911.372405372405,5414.076923076923,5378.689865689866,4789.0,1.8573435807618528,2.0,3.0,5741.144064262512,10176.46154130259,15.0,19.0,1.0,0.5382870459414388,0.8597979834488301,28.0
2025-12-17 13:06:00.012,2,2025-12-17 13:06:00,23463.54945054945,73.32359203296703,3976.372405372405,154.0,4377860.754157957,7082253.838910028,0.0079519661475702,0.0128642380235649,3.1621835889491168,3976.372405372405,3454.136752136752,2565.162393162393,2049.2466422466423,1251.857142857143,1.1511913658054922,1.0,0.0,2092.333805624226,2661.250427695603,15.0,19.0,1.0,0.5666992269775022,0.6754660685602147,12.0
2025-12-17 13:06:00.914,2,2025-12-17 13:06:01,70777.10256410256,221.1784455128205,14825.196581196582,132.0,46892383.86136465,57967234.68353218,0.0093608815961053,0.011571696204024,2.98188027463594,14825.196581196582,12534.168498168498,5832.4310134310135,4422.076923076923,3457.0,1.1827826140490825,1.0,0.0,6847.801388866696,7613.6216535583235,15.0,19.0,1.0,0.580284746449951,0.2300861048116302,86.0
2025-12-17 13:06:07.080,2,2025-12-17 13:06:07,18266.785103785107,57.08370344932846,4253.076923076923,151.0,3152152.635564766,4747999.535944888,0.0094467625612322,0.0142293947795697,2.988945818311908,4253.076923076923,3027.6898656898657,1421.6703296703297,1207.0,1032.4847374847377,1.404726742745973,1.0,0.0,1775.4302677280136,2178.990485510409,15.0,19.0,1.0,0.5990064367513664,0.8081675361453123,80.0
2025-12-17 13:06:08.047,2,2025-12-17 13:06:08,36631.50061050061,114.4734394078144,11786.924297924295,152.0,20868150.22391553,20401695.748555068,0.0155515805658668,0.0152039644965918,2.6411656211167047,11786.924297924295,4445.67032967033,3372.3833943833943,3068.8571428571427,2982.106227106227,2.651326667039593,1.0,0.0,4568.1670529782,4516.823634873856,15.0,19.0,1.0,0.7003792081776273,0.9289291071333262,47.0
2025-12-17 13:06:08.918,2,2025-12-17 13:06:09,36827.5177045177,115.08599282661784,15014.0,156.0,23946302.819484506,23151896.52144942,0.0176560510661161,0.0170703206395411,2.5680059152879924,15014.0,3641.8534798534783,3509.402930402931,2233.133089133089,1669.4847374847377,4.122626042769829,1.0,0.0,4893.495971131938,4811.641769858748,15.0,19.0,1.0,0.7078368530300302,0.8888823279640451,82.0
2025-12-17 13:06:14.127,1,2025-12-17 13:06:14,15582.758241758242,48.69611950549451,2487.6898656898657,137.0,1541802.8947488316,3000656.865497021,0.0063495096998975,0.0123574160733699,3.1419759474586564,2487.6898656898657,1673.4786324786326,1309.076923076923,1094.3724053724054,942.924297924298,1.486538171093226,1.0,0.0,1241.6935591154654,1732.2404179261669,15.0,19.0,1.0,0.4817851889932515,0.7340087926301719,127.0
2025-12-17 13:06:15.002,1,2025-12-17 13:06:15,15500.37851037851,48.43868284493284,4677.246642246642,124.0,3443614.9834883204,3107779.243507076,0.0143327650502575,0.0129349738396516,2.736729360980825,4677.246642246642,2852.4041514041514,1107.857142857143,1055.3724053724054,944.5409035409036,1.6397559370899586,1.0,0.0,1855.6979774436145,1762.8894586748984,15.0,19.0,1.0,0.6862684829469238,0.3192783507590691,2.0
2025-12-17 13:06:15.866,1,2025-12-17 13:06:16,20526.58608058608,64.1455815018315,3737.8534798534783,131.0,3985126.2143082377,3718312.148535633,0.009458202999716,0.0088249528938107,3.2020182618865984,3737.8534798534783,2556.8571428571427,1692.076923076923,1314.7008547008545,1258.3724053724054,1.4618937511992467,1.0,0.0,1996.278090424337,1928.2925474459607,15.0,19.0,1.0,0.51444798294285,0.7062020403688278,134.0
2025-12-17 13:06:21.078,1,2025-12-17 13:06:21,13607.010989010989,42.52190934065934,3529.8534798534783,155.0,3520307.849250491,1666796.6832555705,0.0190131980898235,0.0090023761759774,2.850665966684754,3529.8534798534783,2258.7008547008545,1395.990231990232,1048.1367521367522,887.8192918192926,1.5627804242007135,0.0,0.0,1876.248344236576,1291.0448029621475,15.0,19.0,1.0,0.6702795064886512,0.6041422480079225,78.0
2025-12-17 13:06:21.933,1,2025-12-17 13:06:22,51723.74114774114,161.6366910866911,7974.383394383394,126.0,25685661.892394792,20476011.69641133,0.0096008769217377,0.0076535955728482,3.3221199324098465,7974.383394383394,4662.442002442002,4650.442002442002,3318.3724053724054,3111.924297924298,1.7103447914644336,1.0,0.0,5068.102395610687,4525.04272868349,15.0,19.0,1.0,0.4585430901994881,0.8295907505602064,67.0
2025-12-17 13:06:28.004,1,2025-12-17 13:06:28,576301.0085470087,1800.9406517094023,167661.2148962149,121.0,7526446642.41012,5577408978.31307,0.0226616343525806,0.0167932105157205,2.1651018827769093,167661.2148962149,154067.28205128206,55658.76434676435,52881.19658119658,37070.46398046398,1.0882337421932773,1.0,0.0,86755.09577200707,74682.05258502922,14.0,19.0,1.0,0.810928516391448,0.0406685112149898,4.0
2025-12-17 13:06:28.916,1,2025-12-17 13:06:29,6520870.394383396,20377.71998244812,2630279.7643467644,110.0,1133481131380.6882,978396657736.4464,0.0266565019716243,0.023009322090976,1.715910131059205,2630279.7643467644,1613307.99023199,825841.2148962149,512263.3577533577,372105.2588522589,1.6303643075421292,0.0,0.0,1064650.7086273355,989139.3520310709,15.0,18.0,0.9473684210526316,0.9130372520835184,0.0136124767420086,84.0
2025-12-17 13:06:35.109,1,2025-12-17 13:06:35,4833.571428571429,15.104910714285715,971.7008547008544,142.0,238137.56240076,91126.94659601184,0.0101927558656282,0.0039004124761727,3.5848097754127863,971.7008547008544,458.990231990232,281.5750915750916,264.4029304029309,236.68986568986568,2.117040379019257,1.0,0.0,487.99340405456303,301.872401183036,15.0,19.0,1.0,0.4579137821932796,0.4919995099394111,109.0
2025-12-17 13:06:35.896,0,2025-12-17 13:06:36,7407.472527472527,23.14835164835165,830.2222222222222,149.0,661268.5121546645,153054.34924973274,0.0120514067402183,0.0027893664710539,3.656024426108452,830.2222222222222,808.869352869353,520.5409035409035,448.8412698412698,409.7032967032967,1.026398415610749,1.0,0.0,813.1841809545144,391.2216114298042,15.0,19.0,1.0,0.4074503191180187,0.7333672890786782,104.0
2025-12-17 13:06:42.125,0,2025-12-17 13:06:42,15405.67155067155,48.142723595848594,5859.700854700855,131.0,6556038.32668309,3202016.625245485,0.0276235960721989,0.0134915644883054,2.428260910731174,5859.700854700855,3156.8534798534783,1445.8192918192926,904.2588522588524,510.990231990232,1.8561839794259216,0.0,0.0,2560.476191391572,1789.4179571149623,15.0,19.0,1.0,0.7709902597595092,0.4427634558891134,125.0
2025-12-17 13:06:43.028,0,2025-12-17 13:06:43,3250.418803418804,10.15755876068376,404.4847374847375,119.0,53872.479355578726,38700.83029577972,0.0050990388397019,0.0036630398149005,3.579993828983935,404.4847374847375,352.8412698412698,268.8693528693529,209.6703296703297,177.1062271062271,1.1463645895661632,2.0,6.0,232.1044578537404,196.72526603306372,15.0,19.0,1.0,0.4347045726800844,0.6909454327851934,28.0
2025-12-17 13:06:43.969,0,2025-12-17 13:06:44,8656.672771672771,27.05210241147741,2300.8534798534783,132.0,1979008.8175061543,522635.9877886271,0.0264086211786608,0.006974246751077,2.948931518242114,2300.8534798534783,800.3345543345542,758.0,716.8192918192926,606.7008547008545,2.87486460179602,0.0,0.0,1406.7724824953586,722.9356733407386,15.0,19.0,1.0,0.5986951704662969,0.7214409684878109,31.0
2025-12-17 13:06:44.920,0,2025-12-17 13:06:45,22462.980463980464,70.19681394993896,8692.853479853478,157.0,16945288.963206384,6943186.880417986,0.0335825925527551,0.0137601793943436,2.254752656955261,8692.853479853478,5278.0,1796.8192918192926,1540.3345543345542,1269.402930402931,1.646997627861279,0.0,0.0,4116.46559116026,2634.9927666728017,15.0,19.0,1.0,0.8270233901595752,0.9210538832008688,80.0
2025-12-17 13:06:58.130,0,2025-12-17 13:06:58,7432.062271062269,23.225194597069592,1882.7008547008545,121.0,1779540.3793738962,362354.6720386954,0.0322173019410473,0.0065601713870225,2.757718326724616,1882.7008547008545,1262.5750915750916,1132.8534798534783,408.61538461538464,353.2588522588524,1.491159509847965,0.0,0.0,1333.9941451797663,601.9590285382349,15.0,19.0,1.0,0.6781433576824177,0.4840169617859725,130.0
2025-12-17 13:06:59.054,0,2025-12-17 13:06:59,2765.598290598291,8.64249465811966,472.5409035409035,106.0,94755.90782045858,35986.44950077227,0.0123887674419458,0.0047050127446527,3.3145296694207294,472.5409035409035,330.4029304029309,281.33455433455424,195.18070818070817,171.013431013431,1.4301958610451888,0.0,0.0,307.8244756682915,189.7009475484302,15.0,19.0,1.0,0.5244697078396798,0.5830143155150707,54.0
2025-12-17 13:06:59.914,0,2025-12-17 13:07:00,7233.548229548231,22.60483821733822,1195.3345543345542,137.0,997614.2364481352,209372.2208201729,0.0190660125779947,0.0040014398850729,3.2909239879826364,1195.3345543345542,1163.7008547008545,906.990231990232,472.81929181929263,279.0854700854701,1.02718370404635,1.0,0.0,998.8064058906186,457.5720935767093,15.0,19.0,1.0,0.555457747073152,0.4939567299024548,86.0
2025-12-17 13:07:07.146,0,2025-12-17 13:07:07,21438.726495726496,66.9960202991453,7448.853479853478,143.0,14695733.01177696,5066963.805096043,0.0319737286999395,0.0110242698276242,2.532466941651729,7448.853479853478,3254.0,2063.334554334554,2056.8192918192926,885.4029304029309,2.2891375168565427,0.0,0.0,3833.501403648753,2250.991738122564,15.0,19.0,1.0,0.7327119108283213,0.8801492762660155,146.0
2025-12-17 13:07:08.029,0,2025-12-17 13:07:08,8321.059829059828,26.003311965811964,2570.0,111.0,2062857.969034145,923558.9559168464,0.029792849166203,0.013338510495034,2.3027757394983466,2570.0,2399.8534798534783,905.4029304029308,442.8852258852259,352.81929181929263,1.0708987117646194,0.0,0.0,1436.265285048046,961.0197479328124,15.0,19.0,1.0,0.8016960657659227,0.933793185215681,29.0
2025-12-17 13:07:08.911,0,2025-12-17 13:07:09,18465.92796092796,57.70602487789988,4948.853479853478,148.0,10928418.114567952,3140246.24131246,0.032049040252229,0.0092091899426482,2.628233317116816,4948.853479853478,4858.0,979.2222222222222,893.8192918192926,810.4029304029309,1.0187018278823503,0.0,0.0,3305.8158016695293,1772.0739943107512,15.0,19.0,1.0,0.6763969810087777,0.8352261482801748,89.0
2025-12-17 13:07:15.137,0,2025-12-17 13:07:15,3130.1697191697194,9.781780372405374,541.5409035409035,110.0,155328.73344883064,43604.08019644478,0.0158531668100926,0.0044503212097754,3.3334223641424945,541.5409035409035,498.22222222222223,243.96581196581195,197.1965811965812,171.11843711843713,1.086946505766804,0.0,0.0,394.1176644719577,208.8159002481487,15.0,19.0,1.0,0.5277809525553888,0.6100470079483653,137.0
2025-12-17 13:07:16.103,0,2025-12-17 13:07:16,5052.321123321124,15.788503510378511,699.7008547008545,118.0,551155.4989925097,86533.41809638232,0.0215919692056879,0.0033900177031988,3.2493845508904764,699.7008547008545,606.2222222222222,546.885225885226,519.6153846153846,341.5409035409035,1.1541986239547843,0.0,0.0,742.398477229385,294.16563037918337,15.0,19.0,1.0,0.5371718314650671,0.4341763393606112,103.0
2025-12-17 13:07:16.970,0,2025-12-17 13:07:17,23840.67643467644,74.50211385836386,10568.853479853478,121.0,19165537.25522556,10682710.534001987,0.033719711559285,0.0187950858398017,1.8676320232040933,10568.853479853478,5665.0,2972.8192918192926,1437.402930402931,491.33455433455424,1.8656405083586247,0.0,0.0,4377.846189078091,3268.4416063319823,15.0,19.0,1.0,0.8865272893711925,0.9469076204600412,30.0
2025-12-17 13:07:17.867,0,2025-12-17 13:07:18,4412.589743589743,13.789342948717948,1072.3345543345542,136.0,263200.16165798414,131569.45472075377,0.0135175831368304,0.0067572186553833,3.401953875099028,1072.3345543345542,502.013431013431,311.3577533577534,214.84126984126985,182.2148962148962,2.1360674597244564,1.0,0.0,513.0303710873111,362.72504010717785,15.0,19.0,1.0,0.5173292867476748,0.6172379452619322,133.0
2025-12-17 13:07:22.064,0,2025-12-17 13:07:22,7908.30525030525,24.713453907203903,2709.0,129.0,1404730.4245530218,845550.380377646,0.0224608475641961,0.0135198738986189,2.776687611163851,2709.0,1160.402930402931,1058.7008547008545,375.22222222222223,223.6153846153846,2.3345339183666227,0.0,0.0,1185.2132401188496,919.5381342704858,15.0,19.0,1.0,0.6988781056127494,0.7029192351527667,64.0
2025-12-17 13:07:22.894,0,2025-12-17 13:07:23,7329.411477411477,22.904410866910865,1819.8534798534783,123.0,1536609.0755961323,330828.49571224314,0.028603895719,0.0061583547452076,2.955186491667192,1819.8534798534783,1258.0,545.7008547008545,405.990231990232,397.81929181929263,1.4466243877997074,0.0,0.0,1239.6003693110663,575.1769255735518,15.0,19.0,1.0,0.6040544826836305,0.6727408997285008,106.0
2025-12-17 13:07:26.997,0,2025-12-17 13:07:27,4678.942612942615,14.621695665445673,670.002442002442,132.0,342452.5836823541,79611.49130392195,0.0156424584446795,0.0036364726206757,3.470114832436402,670.002442002442,535.2222222222222,370.4029304029309,294.3577533577534,288.61538461538464,1.2518210458814016,0.0,0.0,585.1944836397162,282.15508378181306,15.0,19.0,1.0,0.4613437075781347,0.4227103793421632,3.0
2025-12-17 13:07:34.135,0,2025-12-17 13:07:34,27605.078144078143,86.2658692002442,8164.853479853478,130.0,27549280.351991706,7166328.523855212,0.0361519973809078,0.0094041327655373,2.3717630997526227,8164.853479853478,6273.0,2684.334554334554,1877.8192918192929,1725.7008547008545,1.3015867176553764,0.0,0.0,5248.740834904283,2676.9999110674644,15.0,19.0,1.0,0.7507933168141935,0.8266403444818982,135.0
2025-12-17 13:07:35.012,0,2025-12-17 13:07:35,4778.713064713065,14.933478327228327,1245.7008547008545,138.0,292011.66678162466,193726.89189220892,0.0127872835230589,0.0084833620518293,3.314386147887496,1245.7008547008545,356.2588522588524,318.22222222222223,289.5409035409035,282.18070818070817,3.4966172680314207,0.0,0.0,540.3810385104427,440.14417171218906,15.0,19.0,1.0,0.5214591265802739,0.353789419193613,12.0
2025-12-17 13:07:36.026,0,2025-12-17 13:07:36,2624.6227106227107,8.20194597069597,314.5750915750916,137.0,31264.984708949058,14849.781912499388,0.0045386266172977,0.0021556900179722,4.044986617888851,314.5750915750916,229.5409035409035,156.11843711843713,119.8852258852259,80.42124542124543,1.3704533123337854,1.0,0.0,176.8190733743084,121.8596812424002,15.0,19.0,1.0,0.3431125166660242,0.4994040657507567,26.0
2025-12-17 13:07:36.921,0,2025-12-17 13:07:37,14464.273504273504,45.2008547008547,5153.853479853478,133.0,5886940.354372682,2962719.3379519684,0.0281382047245388,0.0141611088705392,2.372866606209498,5153.853479853478,2173.8192918192926,2023.0,1513.7008547008545,725.4029304029309,2.3708748465185403,0.0,0.0,2426.301785510756,1721.2551635222387,15.0,19.0,1.0,0.8012691790812395,0.7946458116667693,79.0
2025-12-17 13:07:43.061,0,2025-12-17 13:07:43,16884.80341880342,52.76501068376069,7796.853479853478,139.0,9432405.474407772,4319924.825490912,0.0330849470717299,0.0151524957862557,2.2349985264805787,7796.853479853478,2394.7008547008545,1576.8192918192926,759.2222222222222,730.3577533577534,3.255877854031252,0.0,0.0,3071.222146704431,2078.442884827705,15.0,19.0,1.0,0.7852003528325573,0.6789887866165023,61.0
2025-12-17 13:07:44.037,0,2025-12-17 13:07:44,4512.456654456655,14.101427045177047,1211.990231990232,135.0,313733.73843624536,129275.57596236216,0.0154076050742424,0.0063487817092967,3.259392722287377,1211.990231990232,411.8852258852259,362.7643467643468,326.8693528693529,308.1965811965812,2.94254359180394,1.0,0.0,560.1193965899105,359.5491287186803,15.0,19.0,1.0,0.5809930021412776,0.3976719443287566,37.0
2025-12-17 13:07:44.990,0,2025-12-17 13:07:45,6655.272283272282,20.79772588522588,2263.8534798534783,127.0,1045539.1961569578,479769.9666619554,0.0236052531487507,0.0108318191779421,2.768480823635203,2263.8534798534783,920.3345543345542,579.3577533577534,517.8192918192926,376.4358974358975,2.4598158019698526,0.0,0.0,1022.5161104632816,692.6542908709621,15.0,19.0,1.0,0.6998663283104799,0.7999883683980283,10.0
2025-12-17 13:07:52.086,0,2025-12-17 13:07:52,23976.978021978022,74.92805631868131,5886.0,134.0,18346364.97992038,5798670.187514164,0.0319125228421728,0.0100864773493716,2.396396984380082,5886.0,5226.700854700855,4361.853479853478,1733.402930402931,1549.8192918192926,1.1261405930100343,0.0,0.0,4283.265691025993,2408.0428126414536,15.0,19.0,1.0,0.7823244672277646,0.6614182458804199,86.0
2025-12-17 13:07:52.908,0,2025-12-17 13:07:53,13460.993894993897,42.06560592185592,2811.7008547008545,155.0,1422853.2953482824,1960668.838042328,0.0078524624710952,0.0108205663361833,3.2502498242404965,2811.7008547008545,2004.2087912087911,1322.722832722833,629.8302808302808,516.0769230769231,1.4028981745976878,1.0,0.0,1192.834144107337,1400.2388503545842,15.0,19.0,1.0,0.541159125348704,0.5124802327603984,92.0
2025-12-17 13:07:59.071,0,2025-12-17 13:07:59,41045.36385836385,128.26676205738704,6603.442002442002,156.0,16549959.104150169,16967885.481354512,0.009823555543786,0.0100716240105322,2.995271830731456,6603.442002442002,5502.106227106227,4111.796092796093,3393.076923076923,2527.163614163614,1.2001662145141478,1.0,0.0,4068.16409503724,4119.209327207652,15.0,19.0,1.0,0.5393443443691954,0.9222999431255336,71.0
2025-12-17 13:07:59.938,0,2025-12-17 13:08:00,61294.2857142857,191.54464285714283,17018.106227106226,136.0,54562522.27931865,59781546.86785142,0.0145229372726357,0.0159120879855663,2.6079634395774365,17018.106227106226,12320.442002442003,6621.924297924298,5113.383394383394,2214.094017094017,1.3812902348577858,1.0,0.0,7386.644859428308,7731.852744837515,15.0,19.0,1.0,0.706231411859984,0.9597102550955,62.0
2025-12-17 13:08:07.065,1,2025-12-17 13:08:07,32617.372405372407,101.92928876678876,6862.0,151.0,14869362.22027192,14051526.675503105,0.0139763702393286,0.0132076504920224,3.008039683907181,6862.0,5776.853479853478,2564.6898656898657,1746.402930402931,1720.076923076923,1.1878438710501718,1.0,0.0,3856.081199906444,3748.53660453024,15.0,19.0,1.0,0.5723950711599162,0.799419944007581,65.0
2025-12-17 13:08:07.946,1,2025-12-17 13:08:08,29723.8021978022,92.88688186813184,7616.853479853478,151.0,10501060.297797734,9749169.699515786,0.0118856907725894,0.011034658696536,3.0416874563467937,7616.853479853478,3394.0,2281.168498168498,2188.8192918192926,1303.5409035409036,2.244211396538372,1.0,0.0,3240.5339525759846,3122.366041884869,15.0,19.0,1.0,0.5646781680784654,0.6664064360715283,54.0
2025-12-17 13:08:13.097,1,2025-12-17 13:08:13,27825.15873015873,86.95362103174605,5608.853479853478,154.0,4682531.887570743,7380942.517032874,0.0060479117113171,0.0095331520982936,3.2422619061244684,5608.853479853478,2457.076923076923,2343.4420024420024,2023.1062271062272,1785.3833943833945,2.282734181894232,1.0,0.0,2163.915868875392,2716.789008560082,15.0,19.0,1.0,0.5109714616452937,0.7885463059602885,97.0
2025-12-17 13:08:13.958,1,2025-12-17 13:08:14,16189.031746031746,50.59072420634921,3796.857142857143,135.0,2328531.7752756705,3981557.639137977,0.0088846519504827,0.0151918707831843,3.060106318438629,3796.857142857143,1847.924297924298,1582.076923076923,1121.0,680.4029304029309,2.054660543789565,1.0,0.0,1525.9527434608422,1995.384083112316,15.0,19.0,1.0,0.5576776570639405,0.8292266949607433,42.0
2025-12-17 13:08:21.125,1,2025-12-17 13:08:21,21312.11721611721,66.60036630036629,5717.0,138.0,8722228.729818072,6569273.815809146,0.0192032298037339,0.0144631926811745,2.733137572806833,5717.0,4539.700854700855,1852.076923076923,1172.402930402931,844.2588522588524,1.259334080147328,1.0,0.0,2953.341959512659,2563.0594639627748,15.0,19.0,1.0,0.6627891268238982,0.618994886397982,125.0
2025-12-17 13:08:21.988,1,2025-12-17 13:08:22,29348.717948717946,91.71474358974358,4371.540903540904,145.0,5570239.342532585,6870242.94071838,0.0064668916901485,0.0079761594162366,3.286544257984504,4371.540903540904,2948.2466422466423,2036.8534798534783,2007.6898656898657,1737.076923076923,1.482759563225752,1.0,0.0,2360.1354500393795,2621.1148278391734,15.0,19.0,1.0,0.4464047743857132,0.3716911709642668,12.0
2025-12-17 13:08:22.891,1,2025-12-17 13:08:23,37364.70207570207,116.76469398656896,5733.246642246642,140.0,12757539.972561149,13080029.062951108,0.0091378471687298,0.0093688365309348,3.149170456711958,5733.246642246642,4202.404151404151,3296.8534798534783,3183.8571428571427,2739.3724053724054,1.3642777885438804,1.0,0.0,3571.76986556541,3616.632281964965,15.0,19.0,1.0,0.5126692508593588,0.3962905187167492,109.0
2025-12-17 13:08:28.007,1,2025-12-17 13:08:28,25367.90964590965,79.27471764346765,8855.853479853478,133.0,6773304.185217027,10032068.338886565,0.0105252208072725,0.0155891026791447,3.020296077481829,8855.853479853478,2036.8192918192929,1349.1367521367522,1286.6410256410256,1079.3333333333333,4.347883739818204,1.0,0.0,2602.5572395659287,3167.3440512338666,15.0,19.0,1.0,0.5758371141604361,0.9220170773281025,7.0
2025-12-17 13:08:28.914,1,2025-12-17 13:08:29,31849.297924297924,99.52905601343102,6836.853479853478,146.0,8423189.974348066,15740080.406061452,0.0083037997822738,0.0155169806981518,3.043731384454519,6836.853479853478,6327.641025641025,1665.076923076923,1597.8192918192926,1389.3833943833945,1.0804742955783884,1.0,0.0,2902.273242537316,3967.3770183915535,15.0,19.0,1.0,0.559408692685219,0.8955951553743646,86.0
2025-12-17 13:08:34.103,1,2025-12-17 13:08:34,19820.94993894994,61.94046855921856,3259.8571428571427,145.0,2954914.927004156,4994879.015588249,0.007521354397587,0.0127138195776751,3.130885632114921,3259.8571428571427,2430.7008547008545,2228.076923076923,1762.4041514041514,1070.6898656898657,1.3411181950059383,1.0,0.0,1718.986598843678,2234.922597225293,15.0,19.0,1.0,0.542442666514196,0.6565534992821239,103.0
2025-12-17 13:08:34.969,1,2025-12-17 13:08:35,21879.89865689865,68.3746833028083,9595.853479853478,148.0,8646306.456615457,8842817.916777696,0.0180609259592711,0.018471410939181,2.559822057727494,9595.853479853478,2477.8192918192926,1063.3345543345542,948.6898656898657,890.8571428571429,3.872701093066407,1.0,0.0,2940.460245712473,2973.68759569288,15.0,19.0,1.0,0.6844892003113368,0.885144660017347,31.0
2025-12-17 13:08:40.005,1,2025-12-17 13:08:40,42884.43345543346,134.01385454822957,15082.162393162393,152.0,30843543.89825259,38206638.45265252,0.0167712301329504,0.0207749254822877,2.383078912586808,15082.162393162393,8948.246642246642,4552.136752136752,2176.3724053724054,1405.076923076923,1.6854880063267923,1.0,0.0,5553.696417545039,6181.151871023112,15.0,19.0,1.0,0.7500156239540852,0.2776373939204632,5.0
2025-12-17 13:08:40.875,1,2025-12-17 13:08:41,92854.4065934066,290.1700206043956,23522.1684981685,122.0,130577411.34697092,99943736.99554633,0.0151447816698434,0.0115917911103612,2.8053526391440555,23522.1684981685,10388.246642246642,10189.162393162393,9975.540903540905,7911.582417582417,2.264305932293416,1.0,0.0,11427.047359093727,9997.186453975251,15.0,19.0,1.0,0.6675687576802816,0.1581149419537776,125.0
2025-12-17 13:08:46.994,1,2025-12-17 13:08:47,14304.362637362636,44.70113324175824,5984.853479853478,138.0,5254381.848614102,3511506.90214462,0.0256793843532554,0.0171615497307385,2.3668224391356367,5984.853479853478,2378.7008547008545,1885.8192918192929,607.2588522588524,368.002442002442,2.516017711106266,0.0,0.0,2292.2438458013366,1873.901518795644,15.0,19.0,1.0,0.7847001089944177,0.6992895513403252,6.0
2025-12-17 13:08:47.875,1,2025-12-17 13:08:48,4960.826617826618,15.50258318070818,876.2222222222222,138.0,420495.9118901364,93020.8852913743,0.0170865224170976,0.0037798309016726,3.416427958524457,876.2222222222222,782.5750915750916,366.18070818070817,287.42124542124543,286.7032967032967,1.1196653607483558,1.0,0.0,648.456561297776,304.9932545014304,15.0,19.0,1.0,0.5239252980062281,0.6607151955108752,125.0
2025-12-17 13:08:53.106,0,2025-12-17 13:08:53,23350.29548229548,72.96967338217338,8551.853479853478,144.0,17639839.82937635,6453464.383384006,0.032352651241585,0.0118360872045965,2.422287344008869,8551.853479853478,3395.7008547008545,2732.8192918192926,2099.990231990232,862.0,2.5184354705486385,0.0,0.0,4199.980932025329,2540.366978092733,15.0,19.0,1.0,0.7555520602186722,0.6581967729162796,106.0
2025-12-17 13:08:53.944,0,2025-12-17 13:08:54,3004.923076923077,9.390384615384615,826.4358974358975,116.0,107636.97557643488,53836.11766029929,0.0119205081324175,0.0059622065275483,3.3739042894713096,826.4358974358975,253.1062271062271,180.18070818070817,146.36996336996336,139.92918192918194,3.265174100539938,0.0,0.0,328.0807455131052,232.0261141774764,15.0,19.0,1.0,0.5144963576254102,0.6420233463032882,56.0
2025-12-17 13:08:58.864,0,2025-12-17 13:08:59,12776.577533577532,39.92680479242979,4518.700854700855,149.0,3744194.6558083766,1771502.295662133,0.0229366163019465,0.0108520715851636,2.833332043132609,4518.700854700855,1342.990231990232,992.2588522588524,916.8192918192926,715.8534798534783,3.364656530674123,0.0,0.0,1934.9921591077248,1330.977947098348,15.0,19.0,1.0,0.6642328658295811,0.1989876354367387,136.0
2025-12-17 13:08:59.871,0,2025-12-17 13:09:00,34022.10256410256,106.3190705128205,7694.7008547008545,132.0,15178657.15194903,14879492.4741978,0.0131132714835699,0.0128548146518242,2.819427752859377,7694.7008547008545,6775.258852258852,5756.853479853478,2303.5396825396824,991.4310134310134,1.1357058117616166,1.0,0.0,3895.979613903162,3857.3945188686366,15.0,19.0,1.0,0.6913677318579812,0.258067028321953,129.0
2025-12-17 13:09:00.914,0,2025-12-17 13:09:01,93969.6862026862,293.65526938339434,18227.01587301588,113.0,121008692.50072712,90737472.2904838,0.0137038001110358,0.0102756930692559,2.585090980274188,18227.01587301588,17664.421245421247,14769.234432234432,10474.442002442003,8130.641025641025,1.0318490269099203,1.0,0.0,11000.395106573542,9525.62188471093,15.0,19.0,1.0,0.7371074372787874,0.9748267090471608,86.0
2025-12-17 13:09:01.952,0,2025-12-17 13:09:02,110489.00976800975,345.2781555250305,26766.603174603173,128.0,203586534.85228792,163380427.28815535,0.0166767296302003,0.0133832584494256,2.534034579811639,26766.603174603173,26441.442002442003,12995.225885225886,12021.234432234432,4281.076923076923,1.0122974069315178,2.0,4.0,14268.375340321263,12782.035334333705,15.0,19.0,1.0,0.7467311236729878,0.9536288334535454,48.0
2025-12-17 13:09:03.008,0,2025-12-17 13:09:03,44574.196581196586,139.29436431623932,8579.641025641025,133.0,17601871.26959262,30536717.473324656,0.0088591446408529,0.0153693429982291,3.0167281553382885,8579.641025641025,7757.383394383394,3790.0,3259.8534798534783,2739.3724053724054,1.1059967761619036,2.0,4.0,4195.458409946716,5526.003752561579,15.0,19.0,1.0,0.5861294719616091,0.922548585972903,8.0
2025-12-17 13:09:04.026,0,2025-12-17 13:09:04,22419.262515262515,70.06019536019537,4236.853479853478,136.0,4025005.7284308407,7757246.925165387,0.0080079961958602,0.0154335193682546,2.918744320566613,4236.853479853478,3450.3724053724054,2845.136752136752,1463.0,1229.076923076923,1.2279409240739505,1.0,0.0,2006.241692426623,2785.183463466166,15.0,19.0,1.0,0.5898695174043338,0.846340383204358,26.0
2025-12-17 13:09:05.036,0,2025-12-17 13:09:05,34078.018315018315,106.49380723443224,9474.162393162393,150.0,12031874.975512136,18943713.065341048,0.010360593788319,0.0163123466884359,2.7651928887827406,9474.162393162393,7348.246642246642,2114.168498168498,2003.6898656898657,1236.4041514041514,1.2893092535424866,2.0,4.0,3468.6993204243195,4352.437600396018,15.0,19.0,1.0,0.6507617709946931,0.2700543466713538,36.0
2025-12-17 13:09:06.052,0,2025-12-17 13:09:06,23232.317460317456,72.60099206349204,3451.8534798534783,158.0,4589022.399197422,6477265.9407439325,0.0085022742690666,0.0120007022740879,3.2969099963493966,3451.8534798534783,2692.136752136752,1994.0,1917.076923076923,1296.3724053724054,1.282198416225497,1.0,0.0,2142.2003639243044,2545.0473356587954,15.0,19.0,1.0,0.4886055633420205,0.8146722377589538,52.0
2025-12-17 13:09:07.070,1,2025-12-17 13:09:07,22230.58485958486,69.47057768620269,6698.700854700855,139.0,10708421.22088446,6506499.019956509,0.0216682415755324,0.0131657496158652,2.610960468860545,6698.700854700855,5144.853479853478,1564.8192918192926,1535.2588522588524,808.0769230769231,1.302019752541199,0.0,0.0,3272.3724147603466,2550.784001038996,15.0,19.0,1.0,0.7085602786072109,0.538218062883894,70.0
2025-12-17 13:09:10.894,1,2025-12-17 13:09:11,14684.284493284493,45.88838904151404,2682.7008547008545,153.0,2593391.79545401,1807516.35375081,0.012027145160959,0.0083825597063565,3.178555448384285,2682.7008547008545,2285.136752136752,1569.5982905982903,1053.0,834.6410256410256,1.1739782541203192,1.0,0.0,1610.4011287421558,1344.4390479864865,15.0,19.0,1.0,0.5737478681327208,0.6070436203464472,106.0
2025-12-17 13:09:12.007,1,2025-12-17 13:09:12,15193.68498168498,47.48026556776557,3205.136752136752,148.0,1669206.7086392357,3036038.1729729963,0.0072307589875934,0.0131516727031355,3.1979763467595896,3205.136752136752,1345.3345543345542,1345.0,1196.6898656898657,851.3724053724054,2.3824087040711843,2.0,4.0,1291.977828230514,1742.4230751952855,15.0,19.0,1.0,0.522818104173443,0.8573976174793475,7.0
2025-12-17 13:09:13.030,1,2025-12-17 13:09:13,8476.660561660561,26.48956425518925,1810.7008547008545,155.0,1310628.4895390214,425852.6732540913,0.0182402177577341,0.0059266569854588,3.281105484546888,1810.7008547008545,1283.990231990232,502.0,468.33455433455424,453.13675213675214,1.410213886045528,0.0,0.0,1144.8268382331985,652.573883368076,15.0,19.0,1.0,0.5330120700594339,0.4503102320023495,30.0
2025-12-17 13:09:14.109,1,2025-12-17 13:09:14,9096.307692307691,28.425961538461536,1675.8534798534783,134.0,755507.3639018775,768549.226374312,0.0091307913126023,0.0092884105897307,3.224831742231982,1675.8534798534783,1480.8192918192926,822.1367521367522,517.5982905982906,474.22222222222223,1.131706947032977,1.0,0.0,869.1992659349625,876.6693939988506,15.0,19.0,1.0,0.546444799886542,0.7697320062776036,109.0
2025-12-17 13:09:16.870,1,2025-12-17 13:09:17,14246.10012210012,44.51906288156288,2983.8534798534783,134.0,2107909.538405537,2209016.250488864,0.0103862789988689,0.0108844609659898,3.0046548657740715,2983.8534798534783,1857.136752136752,1751.3724053724054,1214.7008547008545,796.8192918192926,1.606695617012997,1.0,0.0,1451.8641597634185,1486.2759671369456,15.0,19.0,1.0,0.6039465334470651,0.7340074476607954,130.0
2025-12-17 13:09:17.978,1,2025-12-17 13:09:18,12378.179487179488,38.6818108974359,3914.700854700856,120.0,2544611.190247247,1629149.0110181535,0.0166076384301326,0.0106327905133391,2.613899776443376,3914.700854700856,1297.3345543345542,1125.990231990232,1033.2588522588524,887.3724053724054,3.0174952494854472,1.0,0.0,1595.1837481140683,1276.3812169638636,15.0,19.0,1.0,0.6671947928376712,0.4291746208642634,22.0
2025-12-17 13:09:19.106,1,2025-12-17 13:09:19,20470.86568986569,63.97145528083028,4204.853479853478,153.0,4760691.930915585,4546060.269725501,0.0113605056235231,0.010848327093738,2.8546359579000136,4204.853479853478,3662.136752136752,3189.5982905982905,1408.3345543345542,966.6410256410256,1.1481967398947943,1.0,0.0,2181.9009901724653,2132.1492137572127,15.0,19.0,1.0,0.6561307326251903,0.845241747123346,106.0
2025-12-17 13:22:49.909,1,2025-12-17 13:22:50,14290.56043956044,44.65800137362637,3923.700854700856,137.0,3972245.5159836095,2526766.4983316674,0.019450804167447,0.0123727599762284,2.664632147836969,3923.700854700856,2516.258852258852,2251.8534798534783,1125.8192918192926,453.990231990232,1.5593391161553107,0.0,0.0,1993.049300941552,1589.5806045406025,15.0,19.0,1.0,0.7187697609246412,0.3991295602371874,91.0
2025-12-17 13:22:50.945,0,2025-12-17 13:22:51,84066.60683760683,262.7081463675213,13140.819291819293,138.0,143422131.60115135,62121206.792516194,0.0202940691573063,0.0087900803921152,2.864962532312909,13140.819291819293,12968.258852258852,9595.01343101343,9241.334554334557,8140.853479853478,1.01330636915297,0.0,0.0,11975.89794550502,7881.700755072867,15.0,19.0,1.0,0.6314787952822554,0.7065040191181539,55.0
2025-12-17 13:22:55.948,0,2025-12-17 13:22:56,15411.521367521367,48.16100427350428,2129.0,143.0,1036537.0298048598,2357410.0401668563,0.0043640909824039,0.009925310531412,3.5447119074181823,2129.0,1257.3833943833945,945.7228327228328,846.9242979242979,808.0769230769231,1.6931987566468083,1.0,0.0,1018.1046261582646,1535.3859580466587,15.0,19.0,1.0,0.3884825712745299,0.8269785476764067,52.0
2025-12-17 13:22:56.982,0,2025-12-17 13:22:57,17526.459096459093,54.77018467643467,2917.924297924298,139.0,2759415.5237839697,2679930.1042394387,0.0089831517455536,0.0087243905770477,3.117407765896168,2917.924297924298,2406.076923076923,1887.857142857143,1452.3833943833945,860.6703296703297,1.212731093481253,1.0,0.0,1661.148856600145,1637.049206419721,15.0,19.0,1.0,0.5434590087758161,0.8414942138764773,18.0
2025-12-17 13:22:57.981,0,2025-12-17 13:22:58,47993.68986568987,149.98028083028083,18583.85347985348,112.0,57239288.64895336,32533661.391167115,0.0248499744359392,0.0141242260859716,2.532219087250173,18583.85347985348,6377.700854700855,5224.819291819293,2490.990231990232,2439.334554334554,2.913879766899515,0.0,0.0,7565.66511609874,5703.828660747719,15.0,19.0,1.0,0.731694072928579,0.7157163161864436,19.0
2025-12-17 13:22:59.032,1,2025-12-17 13:22:59,52501.39072039072,164.066846001221,9244.857142857143,145.0,26305711.029804107,36833885.61510813,0.0095435165218057,0.0133630600416698,3.022137735165645,9244.857142857143,7634.924297924298,4128.853479853478,4083.372405372405,3208.076923076923,1.2108642839286992,1.0,0.0,5128.909341156666,6069.092651715587,15.0,19.0,1.0,0.5390349448037078,0.8124255514226703,32.0
2025-12-17 13:23:00.124,1,2025-12-17 13:23:00,12934.175824175823,40.419299450549445,1636.8534798534783,155.0,1562712.901438231,1697497.241344607,0.0093411786258203,0.0101468573873317,3.372076276382828,1636.8534798534783,1265.924297924298,1238.0,925.8192918192926,669.0769230769231,1.2930105556359808,1.0,0.0,1250.0851576745606,1302.8803634043331,15.0,19.0,1.0,0.4434510610218204,0.7863713043124674,124.0
2025-12-17 13:23:04.884,1,2025-12-17 13:23:05,26416.576312576315,82.55180097680099,4123.540903540904,151.0,6418006.07998788,6076159.9739331305,0.0091970185559209,0.0087071522420734,3.1624695013965995,4123.540903540904,3866.2466422466414,3522.168498168498,2137.162393162393,1738.0,1.066548848302053,2.0,4.0,2533.37839257934,2464.986810093136,15.0,19.0,1.0,0.5824796618247765,0.2842544937004334,116.0
2025-12-17 13:23:05.995,1,2025-12-17 13:23:06,77093.63614163615,240.9176129426129,18605.162393162394,144.0,66308432.07258137,80484919.50999975,0.0111565958044383,0.0135418330257446,2.648968826034446,18605.162393162394,14000.853479853478,11150.431013431013,4958.168498168498,4572.641025641025,1.3288591599028556,1.0,0.0,8142.99896061527,8971.338780249007,15.0,19.0,1.0,0.6912017525331995,0.4143767704395319,5.0
2025-12-17 13:23:06.993,1,2025-12-17 13:23:07,145834.32478632475,455.7322649572649,37599.64102564102,158.0,318216131.2711155,358396823.2985796,0.0149624489303518,0.0168517357809135,2.557628122494215,37599.64102564102,21894.442002442003,19377.01587301588,15233.853479853478,10084.234432234432,1.717314422603034,1.0,0.0,17838.613490714895,18931.37140564781,15.0,19.0,1.0,0.7144352810344426,0.9257807411075876,7.0
2025-12-17 13:23:08.016,1,2025-12-17 13:23:08,46383.50183150183,144.94844322344323,9129.383394383394,153.0,20318125.49332996,33260264.413421977,0.0094440128893092,0.0154596134335968,2.9924295402999084,9129.383394383394,6577.853479853478,5031.372405372405,4742.641025641025,1759.0,1.387897043061738,2.0,3.0,4507.563143576578,5767.171266177377,15.0,19.0,1.0,0.5872831767684522,0.9165251749442944,16.0
2025-12-17 13:23:09.064,1,2025-12-17 13:23:09,25128.50915750916,78.52659111721611,6014.700854700855,86.0,5414074.027805164,6064058.605716263,0.008574143411071,0.009603508905036,3.231258205544348,6014.700854700855,3172.3833943833943,1503.6410256410256,1307.2588522588524,1259.8534798534783,1.895956480338347,2.0,5.0,2326.816285787334,2462.5309349765057,15.0,19.0,1.0,0.5276014396132702,0.5680782093549759,64.0
2025-12-17 13:23:10.127,1,2025-12-17 13:23:10,21469.703296703294,67.09282280219779,5077.383394383394,138.0,2892842.5770917227,4995004.64425947,0.0062758523199172,0.0108363696431032,3.2392661433595733,5077.383394383394,1679.3345543345542,1338.3724053724054,1332.6410256410256,1213.6703296703297,3.0234496046514763,1.0,0.0,1700.8358466035818,2234.950702870081,15.0,19.0,1.0,0.4956473576900905,0.8327245588481711,127.0
2025-12-17 13:23:17.017,1,2025-12-17 13:23:17,16373.529914529914,51.16728098290598,3265.168498168498,117.0,1446440.4799799165,2379595.3693748554,0.0053953041500218,0.0088760242467351,3.4055674543827648,3265.168498168498,1627.6898656898657,1342.076923076923,1080.5409035409036,925.0,2.006013901660936,2.0,5.0,1202.680539453398,1542.5937149407991,15.0,18.0,0.9473684210526316,0.5032803698097541,0.4530334667892249,17.0
2025-12-17 13:23:19.936,1,2025-12-17 13:23:20,37976.09645909647,118.67530143467646,7476.853479853478,138.0,8127540.095161681,15230471.67764394,0.0056355781550224,0.0105607000977226,2.965821518990433,7476.853479853478,6556.076923076923,3714.162393162393,3098.2466422466423,3047.6898656898657,1.1404462710823826,2.0,5.0,2850.8840900958567,3902.623691523939,15.0,19.0,1.0,0.6291596960146636,0.6648827327697091,64.0
2025-12-17 13:23:21.055,1,2025-12-17 13:23:21,20911.60683760684,65.34877136752137,4159.0,148.0,3863715.227986733,5425691.842828536,0.0088354830781347,0.0124073865789184,3.1077629228494894,4159.0,2753.2466422466423,1668.4041514041514,1474.722832722833,1356.8534798534783,1.510580249579368,2.0,4.0,1965.633543666452,2329.3114525173605,15.0,19.0,1.0,0.5457364991055176,0.5554721700259552,55.0
2025-12-17 13:23:22.093,1,2025-12-17 13:23:22,46683.105006105005,145.88470314407814,5735.372405372405,157.0,14888412.78973136,28584487.316186585,0.0068317022931854,0.0131162878344029,3.139106702173204,5735.372405372405,5613.246642246642,4629.1623931623935,4072.136752136752,3683.700854700856,1.0217567071087867,2.0,3.0,3858.5506073824354,5346.446232422672,15.0,19.0,1.0,0.508398467593678,0.5540923143686864,93.0
2025-12-17 13:23:23.111,1,2025-12-17 13:23:23,101271.60927960929,316.47377899877904,22954.162393162394,135.0,132688012.57242422,115266283.74554162,0.0129376758738292,0.0112389792368521,2.8957560769293145,22954.162393162394,14214.168498168498,8336.853479853478,7678.431013431013,6056.136752136752,1.614879012874966,1.0,0.0,11519.028282473491,10736.213659644707,15.0,19.0,1.0,0.5849591268288385,0.3204761508383569,111.0
2025-12-17 13:23:26.873,1,2025-12-17 13:23:27,83182.25152625154,259.94453601953603,29069.3833943834,151.0,111785454.18899436,121793596.89986669,0.0161556320311897,0.0176020444658444,2.558930170500366,29069.3833943834,10236.641025641024,7104.372405372405,5255.442002442002,4236.853479853478,2.839738476866264,1.0,0.0,10572.864048544006,11036.013632642298,15.0,19.0,1.0,0.672050723345103,0.8867335657801414,127.0
2025-12-17 13:23:27.944,1,2025-12-17 13:23:28,50273.94993894994,157.10609355921855,8959.442002442003,144.0,20946687.075120497,26079150.89170985,0.0082876104259177,0.0103182828890363,3.1511167717833586,8959.442002442003,7272.383394383394,4025.8534798534783,2862.6898656898657,2783.924297924298,1.2319815274536166,1.0,0.0,4576.755081399976,5106.774999127125,15.0,19.0,1.0,0.5152627368995145,0.8704950276707191,56.0
2025-12-17 13:23:29.000,1,2025-12-17 13:23:29,12512.216117216118,39.100675366300365,1953.7008547008545,140.0,633510.9475657996,1177128.3015361468,0.0040465568854586,0.0075189176318923,3.3804004150015827,1953.7008547008545,1318.3833943833945,1172.8192918192926,822.0769230769231,663.6898656898657,1.4818912791397187,2.0,2.0,795.9340095546863,1084.955437580801,15.0,19.0,1.0,0.4739904005901545,0.6181755461450853,0.0
2025-12-17 13:23:30.089,1,2025-12-17 13:23:30,26433.482295482296,82.60463217338217,5964.689865689866,148.0,7910040.372842911,11104911.670955213,0.0113206128961649,0.0158930170198114,2.891851625391084,5964.689865689866,5368.076923076923,2417.4786324786323,2176.948717948718,977.7228327228328,1.1111409078448635,1.0,0.0,2812.4793995410723,3332.4032875621783,15.0,19.0,1.0,0.6395266723826821,0.6775927799417196,89.0
2025-12-17 13:23:31.124,1,2025-12-17 13:23:31,56735.69230769231,177.2990384615385,9524.853479853478,128.0,40088250.707057625,37473256.69313667,0.0124538717343103,0.0116414940560389,2.9650322638626285,9524.853479853478,8939.700854700855,5542.0,4857.076923076923,4764.689865689866,1.065455504010949,1.0,0.0,6331.528307372369,6121.540385649405,15.0,19.0,1.0,0.592718970290262,0.7286846154130763,124.0
2025-12-17 13:23:36.851,1,2025-12-17 13:23:37,24996.418803418805,78.11380876068377,4829.700854700855,158.0,5607238.571006516,6044152.520242274,0.0089741525858253,0.0096734152260117,3.404593063540811,4829.700854700855,2056.8534798534783,1404.2588522588524,1397.2466422466423,1198.0,2.348101555120277,2.0,5.0,2367.960846594917,2458.485818596941,15.0,19.0,1.0,0.4355047782913001,0.4429066688771406,149.0
2025-12-17 13:23:37.924,1,2025-12-17 13:23:38,75544.39926739926,236.07624771062268,28197.162393162394,157.0,99058242.96064945,88087898.27140611,0.0173574561352917,0.0154351801990204,2.439080472449681,28197.162393162394,7421.246642246642,6408.136752136752,5791.853479853478,5655.168498168498,3.79951829557068,1.0,0.0,9952.80075961784,9385.515343943884,15.0,19.0,1.0,0.70784291468505,0.3312449997666871,76.0
2025-12-17 13:23:38.947,1,2025-12-17 13:23:39,45934.11843711844,143.5441201159951,12957.162393162393,159.0,36059101.0404706,30785970.22025494,0.0170900811050523,0.0145908997390528,2.6198813229037325,12957.162393162393,9568.431013431013,5202.168498168498,3732.5982905982905,2365.136752136752,1.3541574762856452,1.0,0.0,6004.923066990167,5548.510630813907,15.0,19.0,1.0,0.736391555958599,0.234854595992881,53.0
2025-12-17 13:23:39.963,1,2025-12-17 13:23:40,117679.01831501831,367.7469322344323,20248.43101343101,119.0,167369871.88563058,145794715.20693848,0.0120859059418978,0.0105279474433781,2.868417408144082,20248.43101343101,17793.196581196582,14434.162393162393,11245.076923076924,8082.168498168498,1.1379872594016034,2.0,4.0,12937.1508411099,12074.548240283711,15.0,19.0,1.0,0.6101600475356039,0.4062857248036977,37.0
2025-12-17 13:23:41.009,1,2025-12-17 13:23:41,40894.24175824176,127.79450549450549,6236.689865689866,147.0,10391001.533358192,17827969.437899128,0.0062134540171289,0.010660499660745,3.151878222788353,6236.689865689866,5281.383394383394,3876.641025641026,3412.076923076923,2166.4420024420024,1.1808818637028382,2.0,4.0,3223.507644377192,4222.3180171440345,15.0,19.0,1.0,0.5128651934720319,0.8763648177448128,9.0
2025-12-17 13:23:42.009,1,2025-12-17 13:23:42,312396.72649572656,976.2397702991454,84370.64102564103,159.0,2115848429.800643,1762846109.6675737,0.0216806153653255,0.0180634812558687,2.089168751959964,84370.64102564103,76623.442002442,48984.3833943834,47515.442002442,10659.015873015873,1.101107426405499,1.0,0.0,45998.352468329154,41986.26096317191,15.0,19.0,1.0,0.8583730287634485,0.9847173914791224,9.0
2025-12-17 13:23:43.028,1,2025-12-17 13:23:43,22143.48107448108,69.19837835775337,4363.853479853478,142.0,2737149.439858416,8603266.792450141,0.0055822170450105,0.0175457363899257,3.1301541295844104,4363.853479853478,3014.3833943833943,2610.641025641026,1685.8192918192926,1031.3724053724054,1.447676990253815,2.0,3.0,1654.4332684815113,2933.1325903290053,15.0,19.0,1.0,0.5738063294714733,0.8872583739161954,28.0
2025-12-17 13:23:44.117,1,2025-12-17 13:23:44,25168.719169719167,78.65224740537239,4492.383394383394,154.0,5467067.539099285,9391469.97391924,0.0086304255241636,0.0148255681117271,3.081683057466811,4492.383394383394,4400.853479853478,2015.924297924298,1939.4420024420024,1586.7008547008545,1.0207982190154492,1.0,0.0,2338.176113790252,3064.5505337519303,15.0,19.0,1.0,0.5735414635906768,0.8577663486290299,117.0
2025-12-17 13:23:47.903,1,2025-12-17 13:23:48,12883.34432234432,40.260451007326,1960.1684981684984,142.0,720933.2216997223,1392622.2085552788,0.0043434798488961,0.0083902729377958,3.3755595320338028,1960.1684981684984,1672.5409035409036,1196.4786324786326,657.9487179487179,628.6898656898657,1.1719704397168953,1.0,0.0,849.077865510415,1180.0941524112725,15.0,19.0,1.0,0.4747080000973904,0.2559783438479731,97.0
2025-12-17 13:23:48.962,1,2025-12-17 13:23:49,19201.14652014652,60.003582875457866,2409.2466422466423,130.0,2038420.0607166176,3252088.5722554647,0.0055289079743934,0.0088208013584088,3.5055242292524778,2409.2466422466423,2276.4041514041514,1622.7008547008545,1171.5409035409036,995.5750915750916,1.05835628561804,1.0,0.0,1427.7324891997862,1803.354810417369,15.0,19.0,1.0,0.4414042481564548,0.3961862142058745,38.0
2025-12-17 13:23:50.008,1,2025-12-17 13:23:50,32235.907203907205,100.73721001221,8393.246642246642,137.0,12496095.27087256,17743996.005602054,0.0120252616253301,0.0170754295338593,2.7169204484367464,8393.246642246642,6687.404151404151,3055.5409035409034,1924.1684981684984,1609.162393162393,1.2550829069427576,1.0,0.0,3534.9816507122864,4212.362283280257,15.0,19.0,1.0,0.6722169303768014,0.2101400057148835,8.0
2025-12-17 13:23:51.072,1,2025-12-17 13:23:51,37754.91697191697,117.98411553724054,13087.853479853478,154.0,15860195.924114969,16927793.690390058,0.0111265752352861,0.0118755386733368,2.9816457942395163,13087.853479853478,2880.162393162393,2468.2466422466423,2294.7008547008545,1500.076923076923,4.544137341324905,1.0,0.0,3982.486148640691,4114.340006658426,15.0,19.0,1.0,0.5888250346193501,0.608869355557324,72.0
2025-12-17 13:23:52.108,1,2025-12-17 13:23:52,503269.3540903542,1572.7167315323568,172674.01343101345,119.0,5878766933.611062,3636778666.077521,0.023210541459953,0.0143587257264874,2.332529575175234,172674.01343101345,89498.42124542124,56920.33455433456,35130.40293040293,32899.57509157509,1.929352619053552,0.0,0.0,76673.11741158737,60305.7100619628,14.0,19.0,1.0,0.7692158167517681,0.963127030767495,108.0
2025-12-17 13:23:53.140,1,2025-12-17 13:23:53,76301.23687423687,238.44136523199023,11242.598290598293,157.0,39698168.88936745,65943542.30562023,0.0068187900511209,0.0113268491416407,3.1940844734547627,11242.598290598293,8952.136752136752,4833.1623931623935,4812.383394383394,4443.700854700855,1.2558564063393671,1.0,0.0,6300.648291197299,8120.562930340497,15.0,19.0,1.0,0.449324061961009,0.7658328686376065,140.0
