timestamp_camera,people_count,timestamp_radar,total_energy,mean_energy,max_energy,active_cells,var_range,var_doppler,var_range_norm,var_doppler_norm,entropy,top1,top2,top3,top4,top5,peak_ratio_12,number_of_range_peaks,distance_between_top2_range_peaks,std_range_sum,std_doppler_sum,width_range,width_doppler,doppler_width_rel,energy_top5_ratio,doppler_pos_frac,time_diff_ms
2025-12-26 14:40:08.191,0,2025-12-26 14:40:08.205,17791.588522588525,55.59871413308914,5756.853479853478,130.0,6689712.036006207,3585866.748120489,0.0211338184351114,0.011328298793639,2.67728154962274,5756.853479853478,1986.7008547008545,1677.402930402931,1574.0,1352.8192918192926,2.897695174504474,0.0,0.0,2586.4477640204154,1893.6384945708328,15.0,19.0,1.0,0.6940232762858077,0.6967015527977839,14.0
2025-12-26 14:40:08.636,0,2025-12-26 14:40:08.627,189924.43223443223,593.5138507326008,85403.70085470086,149.0,954433483.1401026,945168435.3372293,0.0264596437834582,0.0262027899860681,1.6473891373204097,85403.70085470086,54049.258852258856,20105.40293040293,11976.853479853478,4102.0,1.5801086391979275,0.0,0.0,30893.90689343293,30743.59177677893,15.0,19.0,1.0,0.9247742065139798,0.2271790316192193,9.0
2025-12-26 14:40:09.099,0,2025-12-26 14:40:09.050,231415.0647130647,723.1720772283272,102737.0,134.0,1557529241.1184478,1349705709.1470425,0.0290839208578765,0.0252032083828283,1.4927806196577118,102737.0,55106.40293040293,40436.85347985348,23776.81929181929,2054.7008547008545,1.864338707241528,0.0,0.0,39465.54498696867,36738.341132215566,15.0,19.0,1.0,0.968440740168128,0.9816187805579284,49.0
2025-12-26 14:40:09.480,0,2025-12-26 14:40:09.472,611720.0439560441,1911.6251373626376,177950.0,146.0,9730691326.843824,8500914405.775355,0.0260038872387416,0.0227174834972056,1.548345752300635,177950.0,173325.40293040292,124997.8192918193,115456.85347985348,5508.598290598291,1.0266815884539038,0.0,0.0,98644.26656853312,92200.4035011526,15.0,19.0,1.0,0.9763268016040164,0.9899067386032964,8.0
2025-12-26 14:40:09.875,0,2025-12-26 14:40:09.895,7607.350427350428,23.772970085470085,2255.0,155.0,630411.1118655715,593218.9869203786,0.0108932385724407,0.0102505743134858,3.424683978135862,2255.0,476.0854700854701,425.4029304029309,254.8693528693529,197.1367521367521,4.736544468770346,2.0,5.0,793.984327216584,770.2071065112153,15.0,19.0,1.0,0.4743431421958089,0.7732120788003645,20.0
2025-12-26 14:40:10.254,0,2025-12-26 14:40:10.317,23567.336996336995,73.6479281135531,5207.853479853478,138.0,17499105.555949975,4145326.383720352,0.0315061130444797,0.0074634169863242,2.76425107742958,5207.853479853478,4109.0,3870.700854700856,2095.334554334554,1187.990231990232,1.2674260111589706,0.0,0.0,4183.193224792512,2036.0074616072388,15.0,19.0,1.0,0.6988858827553763,0.707667360441557,63.0
2025-12-26 14:40:10.693,0,2025-12-26 14:40:10.740,4013.065934065934,12.540831043956045,689.5750915750916,126.0,74094.01654319103,89338.0492648611,0.0046007702636627,0.0055473283761289,3.802305078120145,689.5750915750916,219.42124542124543,196.5409035409035,187.48473748473748,154.95604395604397,3.1426997428991026,2.0,6.0,272.2021611655408,298.8947126746492,15.0,19.0,1.0,0.3608159062840533,0.8244327670814368,47.0
2025-12-26 14:40:11.113,0,2025-12-26 14:40:11.162,5528.774114774115,17.27741910866911,422.1062271062271,141.0,140771.99240207678,94974.58234678223,0.0046053067623442,0.0031070604235193,3.923590796610753,422.1062271062271,359.2588522588524,338.74236874236874,326.7643467643468,296.1965811965812,1.1749361900230009,1.0,0.0,375.1959386801472,308.179464511804,15.0,19.0,1.0,0.3152721272171699,0.4546062270292941,49.0
2025-12-26 14:40:11.492,0,2025-12-26 14:40:11.585,25974.240537240537,81.16950167887668,9949.0,144.0,25201865.08487095,7777114.096161418,0.0373548473663359,0.0115274369192258,2.2690389639284234,9949.0,4496.853479853478,3246.7008547008545,1961.402930402931,824.8192918192926,2.212435883128208,0.0,0.0,5020.145922667084,2788.747764886853,15.0,19.0,1.0,0.7884263844948363,0.7708389400355639,93.0
2025-12-26 14:40:11.898,0,2025-12-26 14:40:11.796,7238.870573870574,22.621470543345545,2301.7008547008545,151.0,1200974.0513118156,312243.4804808083,0.0229188066281283,0.0059587032227854,3.313519580218219,2301.7008547008545,761.5750915750916,279.8852258852259,275.990231990232,248.6153846153846,3.022290093465962,0.0,0.0,1095.88961639018,558.7875092383582,15.0,19.0,1.0,0.5343052827505087,0.3667083569826274,102.0
2025-12-26 14:40:12.327,0,2025-12-26 14:40:12.430,2715.677655677656,8.486492673992673,407.0854700854701,131.0,77965.28958870967,24536.98438311112,0.0105717006821269,0.0033270915289185,3.746615831303707,407.0854700854701,270.7008547008545,227.990231990232,150.75213675213675,129.43589743589746,1.5038204091886869,0.0,0.0,279.2226523559822,156.64285615089864,15.0,19.0,1.0,0.4367103689514339,0.3563354824784898,103.0
2025-12-26 14:40:12.773,0,2025-12-26 14:40:12.852,9289.264957264955,29.02895299145299,3020.334554334554,143.0,2257181.3032016056,751094.4848532337,0.0261579522952222,0.0087042603428124,2.928537077008171,3020.334554334554,1494.0,697.013431013431,406.7032967032967,373.8412698412698,2.021642941320303,0.0,0.0,1502.3918607346106,866.6570745417323,15.0,19.0,1.0,0.6450340882144566,0.7503458243710864,79.0
2025-12-26 14:40:13.220,0,2025-12-26 14:40:13.275,3720.233211233212,11.625728785103783,391.8852258852259,136.0,189204.82460667228,33195.55456287336,0.0136707353368413,0.002398499307468,3.702372980268237,391.8852258852259,339.3577533577534,253.1062271062271,244.33455433455424,202.36996336996336,1.154784948941311,1.0,0.0,434.9768092745546,182.1964724215959,15.0,19.0,1.0,0.3846677460252452,0.6372002621704291,55.0
2025-12-26 14:40:13.605,0,2025-12-26 14:40:13.697,5481.59706959707,17.129990842490844,728.4358974358975,139.0,267172.50986109447,115123.9327287067,0.0088915515779124,0.0038313462198697,3.6150882904119737,728.4358974358975,685.8192918192926,443.990231990232,363.5750915750916,231.67643467643467,1.0621397008277391,2.0,5.0,516.8873280136537,339.29917879167743,15.0,19.0,1.0,0.4475879778002083,0.5043577934649107,92.0
2025-12-26 14:40:13.994,0,2025-12-26 14:40:13.908,12705.980463980462,39.70618894993895,6431.853479853478,132.0,5147034.700685094,2233829.840135741,0.0318816455934402,0.0138367381260863,2.4237724528753803,6431.853479853478,898.5750915750916,742.0,469.81929181929263,354.7008547008545,7.157836379118937,0.0,0.0,2268.707716010393,1494.6002275310082,15.0,19.0,1.0,0.7002174088941444,0.7848910812574732,86.0
2025-12-26 14:40:14.429,0,2025-12-26 14:40:14.331,19069.63003663004,59.59259386446887,4891.853479853478,143.0,9762451.83957396,3697444.9877742254,0.026845677543325,0.0101675703508824,2.7098215180839627,4891.853479853478,4289.700854700855,2232.8192918192926,1253.990231990232,636.0854700854701,1.1403717055215206,0.0,0.0,3124.4922530827243,1922.874147669115,15.0,19.0,1.0,0.6976773698751724,0.514830778561183,98.0
2025-12-26 14:40:14.870,0,2025-12-26 14:40:14.964,6826.117216117216,21.3316163003663,1011.990231990232,135.0,274130.0381670736,286202.29913583223,0.0058831394586714,0.0061422237798774,3.7343144720015786,1011.990231990232,544.1245421245421,321.996336996337,304.2588522588524,297.33455433455424,1.859850371823042,2.0,6.0,523.5742909722302,534.9787838184167,15.0,19.0,1.0,0.3632672043558376,0.3133050357832972,94.0
2025-12-26 14:40:15.287,0,2025-12-26 14:40:15.387,11194.150183150185,34.981719322344325,2113.258852258852,137.0,579430.836006597,1439843.8476228449,0.0046240161820885,0.0114903467978581,3.52520123406018,2113.258852258852,844.4786324786324,801.4700854700855,720.3345543345542,552.3577533577534,2.5024420642280973,2.0,5.0,761.2035443996547,1199.9349347455657,15.0,19.0,1.0,0.4495115569803248,0.2766378174366729,100.0
2025-12-26 14:40:15.676,0,2025-12-26 14:40:15.598,34249.969474969475,107.0311546092796,6473.402930402931,153.0,11722726.700465351,12013393.124367377,0.009993284753421,0.0102410694554388,3.127189233771734,6473.402930402931,4726.0,2745.334554334554,2535.8534798534783,2332.8192918192926,1.3697424736355397,2.0,6.0,3423.8467694196465,3466.0342070394195,15.0,19.0,1.0,0.5492971393787345,0.7046008614750395,78.0
2025-12-26 14:40:16.086,0,2025-12-26 14:40:16.021,184236.8070818071,575.7400221306473,62935.819291819294,98.0,764717365.4321682,628232918.3530147,0.0225293237236664,0.0185083580303424,2.2220529463772127,62935.819291819294,41137.85347985348,27250.01343101343,10248.421245421245,7441.334554334554,1.529876110882631,0.0,0.0,27653.523562688504,25064.574968529083,15.0,19.0,1.0,0.8088147225449605,0.9231102509845786,65.0
2025-12-26 14:40:16.519,0,2025-12-26 14:40:16.443,102315.17582417582,319.73492445054944,21717.81929181929,150.0,144389473.5706818,156465435.67012376,0.0137928947807057,0.0149464586139574,2.6266421498979726,21717.81929181929,15355.853479853478,14725.402930402932,10877.015873015873,10351.0,1.4143023258401854,1.0,0.0,12016.217107337974,12508.614458449176,15.0,19.0,1.0,0.7137464309359616,0.9034787991220842,76.0
2025-12-26 14:40:16.997,0,2025-12-26 14:40:17.077,176520.08058608058,551.6252518315018,74237.8192918193,99.0,727764160.8759179,625080055.7106756,0.023356213184645,0.0200607611964248,2.1112463651976228,74237.8192918193,29233.40293040293,26750.01587301588,10189.598290598293,5560.853479853478,2.5394860621788555,2.0,6.0,26977.104382715315,25001.60106294546,15.0,19.0,1.0,0.826940988135939,0.9331779718586825,80.0
2025-12-26 14:40:17.436,0,2025-12-26 14:40:17.499,371110.2087912088,1159.7194024725277,103757.01587301587,148.0,3186084861.1521444,2655799268.5108094,0.0231340428766854,0.0192836590445934,1.930567713861254,103757.01587301587,85507.8192918193,77902.01343101343,57754.23443223443,12397.598290598293,1.2134213775106917,1.0,0.0,56445.414881566285,51534.447396967495,15.0,19.0,1.0,0.9089447644606836,0.988006639918754,63.0
2025-12-26 14:40:17.823,0,2025-12-26 14:40:17.922,89917.6227106227,280.992570970696,22859.22588522589,117.0,140752358.24988106,75823757.30495395,0.0174086882237972,0.0093781174773313,2.9709435715520334,22859.22588522589,13267.455433455434,9483.421245421245,5845.2344322344325,3977.3333333333335,1.722954789626198,1.0,0.0,11863.90990567111,8707.683808278407,15.0,19.0,1.0,0.6164828279331389,0.946898567435197,99.0
2025-12-26 14:40:18.219,0,2025-12-26 14:40:18.133,170884.06959706958,534.0127174908424,69780.23443223443,109.0,663539262.5091321,543186503.2390039,0.0227228849407865,0.0186014078018754,2.2245545595983987,69780.23443223443,31562.01343101343,21686.01587301588,6485.225885225886,6055.0,2.210892995934944,1.0,0.0,25759.25586093535,23306.36186192525,15.0,19.0,1.0,0.7933360315045634,0.9819267684945088,86.0
2025-12-26 14:40:18.658,0,2025-12-26 14:40:18.555,85218.83150183152,266.3088484432235,14914.234432234432,104.0,92053648.24109589,68416780.09980907,0.0126756387954716,0.0094208802004572,2.968583381356148,14914.234432234432,12985.225885225886,9714.442002442003,8138.015873015873,6051.641025641025,1.1485541001795088,2.0,4.0,9594.459246934966,8271.443652701086,15.0,18.0,0.9473684210526316,0.6078886357112894,0.9509397790702422,103.0
2025-12-26 14:40:19.079,0,2025-12-26 14:40:18.978,120705.76556776556,377.20551739926736,30953.442002442003,150.0,228966211.97889,211678712.0391624,0.0157150356106423,0.0145285126087382,2.569704631844272,30953.442002442003,27024.234432234432,11666.641025641024,9557.225885225886,7877.603174603175,1.1453957032551374,2.0,4.0,15131.629521597795,14549.18252133646,15.0,19.0,1.0,0.7214166291937282,0.9689406288141108,101.0
2025-12-26 14:40:19.466,0,2025-12-26 14:40:19.400,76124.26373626375,237.8883241758242,18038.603174603173,143.0,63573613.49080048,65105145.82290746,0.010970607736331,0.011234897266664,2.928854249675509,18038.603174603173,13935.796092796092,6281.853479853478,5474.442002442002,3942.700854700856,1.2944078009240298,1.0,0.0,7973.306308602503,8068.77598046367,15.0,19.0,1.0,0.6262575592134696,0.8937153428784116,66.0
2025-12-26 14:40:19.870,0,2025-12-26 14:40:19.823,56873.39804639805,177.7293688949939,8139.442002442002,154.0,25652914.19076308,29496458.352620125,0.0079308247696997,0.0091190903607204,3.1357221424693407,8139.442002442002,6690.442002442002,5233.076923076923,4508.689865689866,4189.383394383394,1.2165776191572844,1.0,0.0,5064.870599606971,5431.064200745571,15.0,19.0,1.0,0.5057027569298754,0.9274612315557176,47.0
2025-12-26 14:40:20.285,0,2025-12-26 14:40:20.245,31261.818070818063,97.69318147130646,6807.689865689866,135.0,6198948.165784036,8715393.44287913,0.0063429245022234,0.0089178165612817,3.4028729169130507,6807.689865689866,2968.076923076923,1604.4847374847377,1408.7960927960928,1393.8534798534783,2.293636601112828,2.0,4.0,2489.7686972455967,2952.184520466011,15.0,19.0,1.0,0.4536812627714681,0.855848605278586,40.0
2025-12-26 14:40:20.778,0,2025-12-26 14:40:20.879,27923.22344322344,87.26007326007326,4636.853479853478,155.0,6069744.73823873,6087433.097613757,0.0077846541726005,0.0078073400954117,3.3503940964896515,4636.853479853478,2599.0,2379.6898656898657,2122.4420024420024,1637.722832722833,1.7840913735481705,1.0,0.0,2463.6851946299325,2467.2724003672065,15.0,19.0,1.0,0.4790173386645227,0.875718392312397,101.0
2025-12-26 14:40:21.257,0,2025-12-26 14:40:21.301,40870.290598290594,127.7196581196581,9538.106227106227,144.0,15665423.245324343,16729888.466540309,0.0093783552938471,0.0100156143634663,3.1187713461090985,9538.106227106227,4447.442002442002,3350.924297924298,2462.6898656898657,2342.094017094017,2.144627455932398,1.0,0.0,3957.95695344509,4090.218633097784,15.0,19.0,1.0,0.5417445309572115,0.8818490601075861,44.0
2025-12-26 14:40:21.663,0,2025-12-26 14:40:21.724,23330.310134310133,72.90721916971917,5080.853479853478,140.0,4091728.1499394896,4803566.788864378,0.0075173669101097,0.0088251645040604,2.93589356581962,5080.853479853478,3134.106227106227,2584.4420024420024,1688.076923076923,1589.094017094017,1.6211490969606013,1.0,0.0,2022.8020540674488,2191.7040833252054,15.0,19.0,1.0,0.6033598597075951,0.9340031706881138,61.0
2025-12-26 14:40:22.091,0,2025-12-26 14:40:22.146,16973.942612942614,53.04357066544567,2344.334554334554,141.0,1889710.8638335264,1511679.9714712803,0.0065588832548848,0.0052467986724244,3.458213089598961,2344.334554334554,1549.076923076923,1164.2222222222222,1027.990231990232,930.924297924298,1.513375171632214,1.0,0.0,1374.667546657564,1229.5039534183209,15.0,19.0,1.0,0.4133717421783732,0.8041680492953641,55.0
2025-12-26 14:40:22.545,1,2025-12-26 14:40:22.569,31924.028083028083,99.76258775946276,6035.689865689866,114.0,8051557.861254273,11481570.997103209,0.0079003175860599,0.0112659014351143,3.260220403040207,6035.689865689866,5322.722832722833,2099.4847374847377,1674.133089133089,1631.8534798534783,1.1339478036659634,1.0,0.0,2837.526715513754,3388.446693855934,15.0,19.0,1.0,0.5251180697274146,0.8205554709232159,24.0
2025-12-26 14:40:23.027,1,2025-12-26 14:40:22.991,34035.02808302808,106.35946275946276,7019.700854700855,134.0,12639042.94226912,10551579.852875376,0.0109109348563455,0.009108885928477,3.2277273322681594,7019.700854700855,3074.0,2551.258852258852,2490.924297924298,1784.6703296703297,2.2835721713398085,1.0,0.0,3555.143167619149,3248.3195429137472,15.0,19.0,1.0,0.4971511788759608,0.4963559771502948,36.0
2025-12-26 14:40:23.440,1,2025-12-26 14:40:23.414,23498.590964590963,73.43309676434676,3392.4786324786323,144.0,3497253.2727578967,4002108.392848437,0.0063334951449027,0.0072477833598512,3.3303799854919127,3392.4786324786323,3110.924297924298,1834.1062271062272,1681.8534798534783,1188.857142857143,1.090505042099901,1.0,0.0,1870.0944555711344,2000.5270287722776,15.0,19.0,1.0,0.4769741214317273,0.6430993238572834,26.0
2025-12-26 14:40:23.850,1,2025-12-26 14:40:23.836,162643.4822954823,508.2608821733822,61447.819291819294,129.0,741679786.2821705,394789622.2936805,0.0280377471227905,0.014924246017352,2.071072387083788,61447.819291819294,33666.40293040293,25630.0,8108.334554334554,7275.013431013431,1.8251970493802327,0.0,0.0,27233.79860177736,19869.31358385791,15.0,19.0,1.0,0.836969107438685,0.9205807135845552,14.0
2025-12-26 14:40:24.268,1,2025-12-26 14:40:24.259,549655.7765567766,1717.674301739927,196605.01343101345,140.0,7356214549.719466,5366405752.039606,0.0243485326743711,0.0177624109403459,2.014032917140845,196605.01343101345,125979.42124542124,69025.33455433455,66094.5750915751,16893.234432234432,1.5606121340088115,1.0,0.0,85768.37732940659,73255.75576048346,15.0,19.0,1.0,0.8634450850814526,0.9856424071967892,9.0
2025-12-26 14:40:24.722,1,2025-12-26 14:40:24.681,113532.52625152626,354.78914453601953,42172.819291819294,123.0,266646046.2770795,184068324.67867264,0.0206868585702947,0.0142803369975416,2.4368573317047577,42172.819291819294,15142.015873015873,12451.01343101343,9960.402930402932,4129.076923076923,2.7851522310824817,2.0,4.0,16329.300238438862,13567.178213566467,15.0,19.0,1.0,0.7386018017739687,0.895258558651147,41.0
2025-12-26 14:40:25.173,1,2025-12-26 14:40:25.104,165313.85470085472,516.605795940171,59047.819291819294,141.0,478913779.5370289,510607250.25317705,0.017524225284018,0.0186839403404507,2.4328603843176184,59047.819291819294,21365.40293040293,15841.853479853478,15486.015873015873,9789.598290598293,2.763711945155576,2.0,6.0,21884.098782838395,22596.62032811936,15.0,19.0,1.0,0.7351512677845797,0.9416282257701536,69.0
2025-12-26 14:40:25.557,1,2025-12-26 14:40:25.526,33280.75824175824,104.0023695054945,8078.689865689866,115.0,7101991.247407277,12035017.86207822,0.0064120028696415,0.0108657651607222,3.350505159142992,8078.689865689866,2867.4786324786323,2262.015873015873,1363.2222222222222,1182.013431013431,2.8173496305023464,3.0,5.0,2664.9561436179915,3469.152326156668,15.0,19.0,1.0,0.4733491920461513,0.7296382965351614,31.0
2025-12-26 14:40:25.944,1,2025-12-26 14:40:25.949,46251.74603174604,144.53670634920636,20562.40293040293,129.0,33854216.97856697,49387039.45051353,0.0158254660590572,0.0230864272263698,2.3151177993819547,20562.40293040293,5417.015873015873,4600.598290598291,3933.136752136752,1067.8192918192926,3.795891208816269,1.0,0.0,5818.437675060804,7027.591297913783,15.0,19.0,1.0,0.7692892958797812,0.9280933195143012,5.0
2025-12-26 14:40:26.371,1,2025-12-26 14:40:26.371,485079.304029304,1515.8728250915751,126867.01343101345,130.0,5658458226.8682575,4423941281.73769,0.0240476488997343,0.0188011261073052,1.907202137022212,126867.01343101345,116294.01587301587,103165.8192918193,85621.23443223443,10317.598290598293,1.090916092961665,1.0,0.0,75222.72413884157,66512.71518843363,15.0,19.0,1.0,0.9117389211310546,0.977173041327656,0.0
2025-12-26 14:40:26.835,1,2025-12-26 14:40:26.794,57003.7203907204,178.13662622100122,16407.819291819294,159.0,28049665.07755772,58655822.29146999,0.0086321957008392,0.0180511437699385,2.816249430671052,16407.819291819294,8970.015873015873,6684.076923076923,2847.6898656898657,1900.4847374847373,1.8291850899814377,2.0,4.0,5296.193451674299,7658.708918053355,15.0,19.0,1.0,0.6457488465450817,0.9146717219386608,41.0
2025-12-26 14:40:27.276,1,2025-12-26 14:40:27.216,51253.01221001221,160.16566315628816,13829.819291819293,148.0,32245600.007386945,45559308.74487398,0.0122752875220937,0.0173435635876849,2.5243953392221337,13829.819291819293,9395.015873015873,8487.0,5753.402930402931,1430.6410256410256,1.4720378846340725,2.0,4.0,5678.520934837428,6749.76360659201,15.0,19.0,1.0,0.7588993786648135,0.9550551446786932,60.0
2025-12-26 14:40:27.683,1,2025-12-26 14:40:27.638,18292.10744810745,57.16283577533578,1838.015873015873,145.0,2242521.5672695828,2096024.9335849285,0.0067020728003847,0.0062642482022644,3.513936360664438,1838.015873015873,1811.990231990232,1403.3345543345542,1230.7008547008545,994.5982905982906,1.014363013974993,1.0,0.0,1497.505114271595,1447.76549675178,15.0,19.0,1.0,0.3979114940849789,0.6435667924862455,45.0
2025-12-26 14:40:28.080,1,2025-12-26 14:40:28.061,56231.789987789976,175.7243437118437,18353.01587301588,134.0,55558453.90973806,40702958.02846895,0.0175705896000801,0.0128724779164915,2.655892204663985,18353.01587301588,8677.598290598291,5634.641025641025,3466.2344322344325,2797.136752136752,2.114987956160434,2.0,4.0,7453.754349972774,6379.886991825871,15.0,19.0,1.0,0.6922885859062735,0.8547686885409354,19.0
2025-12-26 14:40:28.514,1,2025-12-26 14:40:28.483,123579.65811965812,386.1864316239317,42297.01587301587,139.0,277031616.8206439,252976179.2407796,0.0181399196000222,0.0165647791570286,2.480031916010208,42297.01587301587,20076.641025641027,10569.598290598293,10306.234432234432,5797.136752136752,2.106777514176492,1.0,0.0,16644.26678531211,15905.224903810054,15.0,19.0,1.0,0.7205605495963157,0.9308824055391126,31.0
2025-12-26 14:40:28.929,1,2025-12-26 14:40:28.906,100492.82783882786,314.04008699633704,31982.01587301588,154.0,228745325.3147641,147843145.35454524,0.0226507242427901,0.0146396623056864,2.462656096658342,31982.01587301588,19957.59829059829,9035.641025641024,7941.136752136752,6395.4310134310135,1.6024982268573116,2.0,4.0,15124.32892113776,12159.076665378225,15.0,19.0,1.0,0.7494248552305504,0.8553304565220406,23.0
2025-12-26 14:40:29.332,1,2025-12-26 14:40:29.328,98735.98534798536,308.5499542124542,37592.43101343101,155.0,179101850.29077017,160631853.10258025,0.0183716914671657,0.0164770985905988,2.4558023598580774,37592.43101343101,12936.196581196582,7649.258852258852,6108.076923076923,5424.598290598291,2.905987921370228,2.0,4.0,13382.89394304424,12674.06221787554,15.0,19.0,1.0,0.7060299384755506,0.253921645880604,4.0
2025-12-26 14:40:29.738,1,2025-12-26 14:40:29.751,408796.28083028086,1277.4883775946278,164947.43101343102,145.0,4267612058.028007,3227351269.130634,0.0255370696835808,0.0193122273375676,1.9950674055600928,164947.43101343102,72954.5982905983,43048.258852258856,34706.40293040293,27841.162393162394,2.26096003375137,1.0,0.0,65326.962718528455,56809.78145645901,15.0,19.0,1.0,0.8402665816386475,0.3556893233767934,13.0
2025-12-26 14:40:30.139,2,2025-12-26 14:40:30.173,32075.66666666667,100.23645833333336,3154.5982905982905,139.0,6120578.518108577,9314920.36575136,0.0059489605709051,0.0090537346776985,3.5249648223884105,3154.5982905982905,2754.6898656898657,2644.8192918192926,2528.402930402931,2225.015873015873,1.145173665423541,2.0,5.0,2473.980298650047,3052.035446345825,15.0,19.0,1.0,0.414879178968247,0.6937634228830871,34.0
2025-12-26 14:40:30.589,2,2025-12-26 14:40:30.596,104795.93284493285,327.4872901404151,27864.59829059829,129.0,122301547.35494351,138485871.04119033,0.0111363557488101,0.0126100442672461,2.870985062594367,27864.59829059829,11907.431013431013,11072.402930402932,5584.819291819293,5414.168498168498,2.3401015936322462,2.0,3.0,11059.003000042252,11768.001998690786,15.0,19.0,1.0,0.5901318719680612,0.6025127455978141,7.0
2025-12-26 14:40:31.072,2,2025-12-26 14:40:31.018,99841.54090354092,312.00481532356537,33813.59829059829,156.0,136615438.008415,166286547.6154608,0.013704942845917,0.0166814795189865,2.744180561647702,33813.59829059829,10378.402930402932,8806.015873015873,6635.4310134310135,5060.404151404151,3.2580733777005366,2.0,4.0,11688.26069218235,12895.214136084009,15.0,19.0,1.0,0.6479652825205667,0.7480914629288812,54.0
2025-12-26 14:40:31.460,2,2025-12-26 14:40:31.441,65732.10989010989,205.4128434065934,9517.598290598293,117.0,25711943.824684367,38185838.42601536,0.00595086044061,0.0088378613779773,3.271027115558008,9517.598290598293,8059.853479853478,5294.0,5182.4310134310135,3916.258852258852,1.180864926935388,1.0,0.0,5070.694609684591,6179.4691055150815,15.0,19.0,1.0,0.4863702335067051,0.5665665414646458,19.0
2025-12-26 14:40:31.859,2,2025-12-26 14:40:31.863,40118.66178266178,125.37081807081806,6167.4310134310135,99.0,10803785.558154654,21095764.028725367,0.0067124811524351,0.0131069723363913,3.117271440271578,6167.4310134310135,6009.076923076923,5671.258852258852,3132.6898656898657,2385.948717948718,1.0263524818171206,2.0,4.0,3286.911248901414,4593.01252216074,15.0,19.0,1.0,0.5824323228673378,0.4284533635018644,4.0
2025-12-26 14:40:32.274,1,2025-12-26 14:40:32.285,322805.1941391942,1008.766231684982,65028.19658119658,112.0,1621264285.5331905,1893089198.834991,0.015558681391669,0.0181672858358173,2.378695220303408,65028.19658119658,59606.43101343101,59385.76434676435,58715.258852258856,12408.162393162393,1.0909594061510377,1.0,0.0,40264.92624522228,43509.64489437935,15.0,19.0,1.0,0.790395625036919,0.069695644319201,11.0
2025-12-26 14:40:32.724,2,2025-12-26 14:40:32.708,110412.67887667888,345.0396214896215,22058.40293040293,156.0,172448348.93437922,220885961.31154075,0.014145592618646,0.0181188329328687,2.5453882314913656,22058.40293040293,20528.25885225885,19282.43101343101,16474.59829059829,4497.076923076923,1.074538424771209,2.0,4.0,13131.959066886371,14862.232716235496,15.0,19.0,1.0,0.7502831092640458,0.5414751256646345,16.0
2025-12-26 14:40:33.181,2,2025-12-26 14:40:33.131,250065.8205128205,781.4556891025641,70974.01587301587,98.0,1150153265.0737813,935726785.5457764,0.0183927659959206,0.0149637481588633,2.494477001279216,70974.01587301587,38293.59829059829,37748.819291819294,19044.40293040293,12625.01343101343,1.8534172561798488,2.0,5.0,33913.90961056807,30589.65160876757,15.0,19.0,1.0,0.714555269690238,0.9080841118914752,50.0
2025-12-26 14:40:33.576,2,2025-12-26 14:40:33.553,471519.452991453,1473.4982905982906,161274.0158730159,101.0,3949121331.1423807,4141933396.4062896,0.0177623837112783,0.0186296150774999,2.3828154317253647,161274.0158730159,85089.5982905983,46987.819291819294,34701.40293040293,21716.641025641027,1.89534348631228,2.0,4.0,62842.03474699384,64357.854193612526,15.0,18.0,0.9473684210526316,0.7417922530925077,0.9426588267759768,23.0
2025-12-26 14:40:33.971,2,2025-12-26 14:40:33.975,61375.9768009768,191.7999275030525,17869.59829059829,133.0,45691892.83121041,53804453.09968629,0.012129483708171,0.0142830641687472,2.9019372586930388,17869.59829059829,8817.015873015873,4416.402930402931,3909.076923076923,3216.5409035409034,2.0267172644301863,2.0,3.0,6759.577858950248,7335.151879796784,15.0,18.0,0.9473684210526316,0.6228599024109689,0.8251954540684423,4.0
2025-12-26 14:40:34.413,2,2025-12-26 14:40:34.398,57447.79731379732,179.52436660561662,11881.853479853478,115.0,37581820.92529435,39475388.754891545,0.0113875699032725,0.0119613349709361,3.073928608346921,11881.853479853478,6234.598290598291,6139.700854700855,5072.819291819293,4774.0,1.905792951852132,0.0,0.0,6130.401367389769,6282.9442743742,15.0,19.0,1.0,0.5936341080353444,0.7229213734756275,15.0
2025-12-26 14:40:34.897,2,2025-12-26 14:40:34.820,94850.98412698413,296.4093253968253,15659.819291819293,159.0,46348257.83239269,137627483.8300051,0.0051516901184983,0.0152975361241151,3.1295687702295845,15659.819291819293,8147.689865689866,7923.015873015873,7864.598290598291,6866.402930402931,1.9219950133057075,2.0,5.0,6807.955481081871,11731.474068931198,15.0,19.0,1.0,0.4898370499701325,0.8760331674299221,77.0
2025-12-26 14:40:35.337,2,2025-12-26 14:40:35.243,81206.11233211233,253.76910103785104,17930.015873015873,118.0,71099063.08978939,89520862.3226085,0.0107816800229669,0.0135752181674114,2.924688154335206,17930.015873015873,14661.598290598293,6623.853479853478,5726.372405372405,3995.857142857143,1.2229236893301203,1.0,0.0,8432.026037067804,9461.546507976827,15.0,19.0,1.0,0.6026356364845279,0.8219687475482099,94.0
2025-12-26 14:40:35.773,2,2025-12-26 14:40:35.877,49151.87912087912,153.59962225274725,8027.853479853478,155.0,20581164.625920262,27848451.49808985,0.0085190211139123,0.0115271196073718,3.09353414945457,8027.853479853478,5357.0,5140.2344322344325,4985.402930402931,4013.015873015873,1.4985726115086764,0.0,0.0,4536.646848270236,5277.163205557495,15.0,19.0,1.0,0.5599685547691402,0.9110565047576424,104.0
2025-12-26 14:40:36.173,2,2025-12-26 14:40:36.088,74126.79242979243,231.6462263431013,21326.01587301588,158.0,86834906.69408053,102258459.61380404,0.0158031595925783,0.0186101052962648,2.4682458186159373,21326.01587301588,15647.641025641024,9793.598290598293,8153.136752136752,1967.6898656898657,1.3628901530951922,2.0,5.0,9318.52492050542,10112.29250040781,15.0,19.0,1.0,0.7674429169582824,0.938807484644611,85.0
2025-12-26 14:40:36.672,2,2025-12-26 14:40:36.722,55375.71306471306,173.04910332722832,8598.076923076924,158.0,16867350.34505765,34394382.9380482,0.005500576415047,0.0112162804310611,3.271828887526735,8598.076923076924,8298.015873015873,4763.689865689866,2958.3833943833943,2389.2344322344325,1.0361605779805478,2.0,3.0,4106.987989397784,5864.672449340048,15.0,19.0,1.0,0.4877120129692716,0.8345055639344346,50.0
2025-12-26 14:40:37.168,2,2025-12-26 14:40:37.144,28752.943833943835,89.85294948107449,3637.383394383394,159.0,3323621.3840834736,7163990.624448123,0.0040201930880524,0.0086654351573265,3.45524961175112,3637.383394383394,2892.6898656898657,2294.641025641026,2115.4420024420024,1946.722832722833,1.2574398097511474,2.0,4.0,1823.0801913474552,2676.5632113679144,15.0,19.0,1.0,0.4481933813561473,0.8533928107419483,24.0
2025-12-26 14:40:37.595,2,2025-12-26 14:40:37.566,205130.20146520148,641.0318795787546,54677.442002442,124.0,839004808.4259181,626633470.1020851,0.0199390855483005,0.0148920461984421,2.3784539786438854,54677.442002442,41521.23443223443,34956.64102564102,20867.01587301588,8998.225885225886,1.3168549237542089,1.0,0.0,28965.579718450623,25032.6480840938,15.0,19.0,1.0,0.7849675867737796,0.9482723546113062,29.0
2025-12-26 14:40:38.004,2,2025-12-26 14:40:37.989,51536.90598290598,161.05283119658117,9242.641025641024,144.0,20902117.83307949,29080730.096898302,0.0078696171969483,0.0109488529104061,3.16394124072514,9242.641025641024,7053.015873015873,6206.442002442002,2955.3724053724054,2797.2344322344325,1.3104523216800243,1.0,0.0,4571.883401080948,5392.655199148033,15.0,19.0,1.0,0.5482421810125128,0.8985153449075735,15.0
2025-12-26 14:40:38.436,2,2025-12-26 14:40:38.411,115515.7509157509,360.9867216117216,33366.64102564102,135.0,225631998.86055925,180868432.4467427,0.0169090138392509,0.0135544020474491,2.7197841982301703,33366.64102564102,17609.442002442003,9270.136752136752,6826.015873015873,5681.924297924298,1.894815350822132,2.0,3.0,15021.051855997275,13448.733488575894,15.0,19.0,1.0,0.6298202571891784,0.960790361007693,25.0
2025-12-26 14:40:38.911,2,2025-12-26 14:40:38.834,91257.76434676436,285.18051358363863,21003.641025641027,136.0,103960021.67912492,113966806.4235599,0.0124832224923706,0.0136848086250053,2.771549995999316,21003.641025641027,13758.383394383394,11013.442002442003,8214.442002442003,6200.853479853478,1.5266067548469284,2.0,4.0,10196.078740335664,10675.523707226728,15.0,19.0,1.0,0.6595686661361365,0.881548299588368,77.0
2025-12-26 14:40:39.335,2,2025-12-26 14:40:39.256,58715.072039072045,183.4846001221001,5916.641025641025,157.0,33229449.854530625,32111352.86262553,0.0096388218848261,0.009314496992235,3.170310481253884,5916.641025641025,5828.076923076923,5599.857142857143,5418.372405372405,4932.246642246642,1.0151961107809693,1.0,0.0,5764.499098319872,5666.687997642497,15.0,19.0,1.0,0.4716879870429837,0.7719879767867057,79.0
2025-12-26 14:40:39.729,2,2025-12-26 14:40:39.679,59018.16361416361,184.4317612942613,8862.442002442003,146.0,43297908.26897799,27935717.27066953,0.012430698469235,0.0080202599108534,3.1761566477382286,8862.442002442003,5650.442002442002,4837.246642246642,4265.853479853478,3878.700854700856,1.5684511049950205,1.0,0.0,6580.114609106591,5285.424984868249,15.0,19.0,1.0,0.4658681886721081,0.7623483228068398,50.0
2025-12-26 14:40:40.119,2,2025-12-26 14:40:40.101,43647.45299145299,136.3982905982906,15304.383394383394,148.0,30967934.52894865,24419686.98089717,0.01625527901303,0.0128180594322258,2.725061015493859,15304.383394383394,4859.442002442002,4167.641025641025,3147.7008547008545,1919.924297924298,3.149411678684378,1.0,0.0,5564.884053504497,4941.6279686857415,15.0,19.0,1.0,0.6735580099220867,0.8348142392100084,18.0
2025-12-26 14:40:40.576,2,2025-12-26 14:40:40.524,32705.89133089133,102.2059104090354,5686.383394383394,150.0,7783122.880025861,11268102.216310706,0.0072761544350197,0.0105341330439322,3.26849514519163,5686.383394383394,4706.0,3116.641025641026,2174.076923076923,2079.3724053724054,1.2083262631496356,1.0,0.0,2789.824883397856,3356.799400665864,15.0,19.0,1.0,0.5430970698449125,0.7751689354096333,52.0
2025-12-26 14:40:41.067,2,2025-12-26 14:40:41.157,83776.55311355312,261.8017284798535,15497.246642246642,108.0,63345853.07273767,84614464.73792545,0.0090255403763326,0.0120558999661272,3.070021176920431,15497.246642246642,9958.076923076924,8031.372405372405,6190.689865689866,5028.1623931623935,1.556248938621035,1.0,0.0,7959.010809939742,9198.612109330705,15.0,19.0,1.0,0.5336284027937092,0.5281204375899738,90.0
2025-12-26 14:40:41.458,2,2025-12-26 14:40:41.369,52664.08791208791,164.5752747252747,10996.383394383394,157.0,32720311.5022646,24124714.11827438,0.0117974540766944,0.0086982731476754,3.206043998456277,10996.383394383394,7354.924297924298,4090.4420024420015,3374.106227106227,2366.3724053724054,1.4951049050885936,1.0,0.0,5720.167086918405,4911.691574017487,15.0,19.0,1.0,0.5351318031800407,0.7288250168877236,89.0
2025-12-26 14:40:41.868,2,2025-12-26 14:40:41.791,72317.48473748474,225.99213980463983,8738.168498168498,118.0,35815559.295728,41903860.11376751,0.0068483368245782,0.0080124882579543,3.3162845472037183,8738.168498168498,7561.853479853478,7559.857142857143,6623.0,4470.924297924298,1.1555590863335077,1.0,0.0,5984.610204159331,6473.319095623782,14.0,19.0,1.0,0.4833382071526212,0.5800455257494598,77.0
2025-12-26 14:40:42.306,2,2025-12-26 14:40:42.214,32133.107448107447,100.41596077533578,3425.2466422466423,102.0,7768632.589363789,5249591.354916861,0.0075238326975166,0.0050841697854009,3.5975967814507834,3425.2466422466423,3122.990231990232,2833.334554334554,2545.162393162393,1949.5824175824173,1.0967842957557667,2.0,3.0,2787.2266842443564,2291.1986720746986,15.0,17.0,0.8947368421052632,0.4318386032762319,0.3263463200518649,92.0
2025-12-26 14:40:42.802,2,2025-12-26 14:40:42.847,44542.47863247863,139.19524572649573,8033.246642246642,149.0,21727873.624607336,17476423.684506472,0.010951370347967,0.0088085374313968,3.018010234671653,8033.246642246642,5951.372405372405,5405.168498168498,2662.136752136752,2310.5409035409034,1.3498141428678776,2.0,4.0,4661.316726484839,4180.481274268128,15.0,19.0,1.0,0.5469490237056656,0.4174564675883788,45.0
2025-12-26 14:40:43.284,2,2025-12-26 14:40:43.270,129283.13186813188,404.00978708791206,35809.16239316239,159.0,244418956.5536822,257136491.1446989,0.0146234941983858,0.015384379507495,2.602166957666898,35809.16239316239,22327.1684981685,14162.431013431013,8784.540903540903,7433.246642246642,1.6038380503151672,1.0,0.0,15633.904072677502,16035.476018649988,15.0,19.0,1.0,0.6846720695228453,0.175777860605138,14.0
2025-12-26 14:40:43.700,2,2025-12-26 14:40:43.692,203873.3858363858,637.1043307387056,59886.168498168496,156.0,830568133.0445784,666672998.5203282,0.0199827011399348,0.0160395357797587,2.317606997842188,59886.168498168496,45936.19658119658,24634.162393162394,20990.43101343101,11977.582417582418,1.303681474636515,1.0,0.0,28819.57898798278,25820.01159024388,15.0,19.0,1.0,0.8015982087759751,0.0942908956583052,8.0
2025-12-26 14:40:44.125,2,2025-12-26 14:40:44.115,36583.184371184376,114.32245115995116,8888.431013431013,152.0,11518541.360935656,15091481.325496484,0.0086066565854014,0.0112763580963515,2.9903621714020554,8888.431013431013,4313.1623931623935,3113.196581196581,2778.168498168498,2094.6898656898657,2.0607689215503866,2.0,5.0,3393.8976650652944,3884.775582385228,15.0,19.0,1.0,0.5791635888410178,0.3841024593189558,10.0
2025-12-26 14:40:44.594,2,2025-12-26 14:40:44.537,168120.88156288158,525.377754884005,40595.43101343101,154.0,451821685.1641785,410795664.8506512,0.0159854090464447,0.0145339122772686,2.5522059695331145,40595.43101343101,29989.162393162394,23862.13675213676,16677.59829059829,6904.853479853478,1.3536700519080027,1.0,0.0,21256.097599610763,20268.094751373428,15.0,19.0,1.0,0.7020495064739193,0.4631061803152512,57.0
2025-12-26 14:40:45.045,2,2025-12-26 14:40:44.960,160441.11355311354,501.3784798534798,35775.431013431014,142.0,421988273.29119545,307640585.9208473,0.0163934004331309,0.0119512214762502,2.785395304554448,35775.431013431014,23610.59829059829,14729.258852258852,12786.641025641024,12483.015873015873,1.5152276351961496,1.0,0.0,20542.35315856476,17539.686026860552,15.0,19.0,1.0,0.61944811310502,0.4801745145967812,85.0
2025-12-26 14:40:45.438,2,2025-12-26 14:40:45.382,70333.62026862026,219.79256333943832,23781.59829059829,135.0,107530149.5333534,74549950.0477386,0.0217372352263961,0.0150702831469711,2.2229495119803726,23781.59829059829,17442.431013431014,7160.258852258852,4376.853479853478,3112.136752136752,1.3634337021189664,1.0,0.0,10369.674514340042,8634.231294547222,15.0,19.0,1.0,0.7944035608416671,0.5683849006049667,56.0
2025-12-26 14:40:45.858,2,2025-12-26 14:40:45.805,28148.7557997558,87.96486187423687,10482.598290598293,149.0,13241281.756705064,13089572.689602476,0.016711353268774,0.0165198866221902,2.5878313401400206,10482.598290598293,4109.015873015873,1681.8534798534783,1638.857142857143,1372.076923076923,2.5511213912400588,2.0,3.0,3638.8572047697976,3617.951449315272,15.0,19.0,1.0,0.6850889554972203,0.871019354657336,53.0
2025-12-26 14:40:46.263,2,2025-12-26 14:40:46.227,44092.78632478633,137.78995726495728,7901.819291819293,122.0,15326194.998467784,20385874.11300678,0.0078831403612621,0.0104856232767441,3.183801523492908,7901.819291819293,4965.1623931623935,4747.015873015873,3858.5982905982905,2827.431013431013,1.5914523365236604,1.0,0.0,3914.868452255808,4515.071883481677,15.0,19.0,1.0,0.5511111655097716,0.6744262681493575,36.0
2025-12-26 14:40:46.721,2,2025-12-26 14:40:46.650,54427.09768009768,170.08468025030524,13778.015873015873,157.0,35532801.79819795,50860531.21026019,0.011994968200636,0.0171692189656001,2.672626936320634,13778.015873015873,10671.641025641024,6325.598290598291,5517.136752136752,2097.7228327228327,1.2910868946874985,2.0,5.0,5960.939674094844,7131.656975083714,15.0,19.0,1.0,0.7053492912621749,0.925849754372272,71.0
2025-12-26 14:40:47.165,2,2025-12-26 14:40:47.072,70640.64346764347,220.75201083638584,15711.641025641024,158.0,40451236.17971202,69745993.6795467,0.0081062968776915,0.0139768715172062,2.850423019681713,15711.641025641024,11281.015873015873,6675.689865689866,6649.076923076923,4239.442002442002,1.392750546803306,2.0,4.0,6360.1286291797605,8351.406688669083,15.0,19.0,1.0,0.6307539612131939,0.9097581843282506,93.0
2025-12-26 14:40:47.566,2,2025-12-26 14:40:47.495,35925.782661782665,112.26807081807084,4762.0,150.0,7169876.6809526775,15220828.95730992,0.0055551937373595,0.0117930415631408,3.2379973200669574,4762.0,4124.641025641025,3755.6898656898657,2642.7228327228327,2511.4420024420024,1.154524713883135,2.0,4.0,2677.6625405290856,3901.388080838655,15.0,19.0,1.0,0.4953683513046159,0.8901396774573955,71.0
2025-12-26 14:40:47.973,2,2025-12-26 14:40:47.917,118501.8827838828,370.3183836996337,32826.64102564102,141.0,243810298.13887,222472062.1239964,0.0173620716607038,0.0158425460884401,2.472335452979609,32826.64102564102,30319.442002442003,9850.015873015873,8536.234432234432,6381.383394383394,1.082692782505562,2.0,4.0,15614.42596251524,14915.497381046212,15.0,19.0,1.0,0.7418761175976265,0.9414087504851134,56.0
2025-12-26 14:40:48.433,2,2025-12-26 14:40:48.339,155016.87912087914,484.4277472527473,39398.442002442,115.0,338273488.78705657,279867532.7949893,0.0140769959004649,0.0116464761278065,2.699718452054168,39398.442002442,27945.603174603173,14975.442002442003,9589.076923076924,8593.225885225886,1.4098261453252765,1.0,0.0,18392.21272134097,16729.241847585003,15.0,19.0,1.0,0.6483280437443204,0.9515705422728176,94.0
2025-12-26 14:40:48.935,2,2025-12-26 14:40:48.973,66642.51404151403,208.2578563797313,16495.442002442003,110.0,51229449.97664401,60588094.133177616,0.0115349827341602,0.0136422042407346,2.924135876210592,16495.442002442003,7900.857142857143,7454.442002442002,6434.106227106227,3931.372405372405,2.0878041083621923,2.0,5.0,7157.475111842444,7783.835438469753,15.0,18.0,0.9473684210526316,0.6334727971685032,0.9077424185490948,38.0
2025-12-26 14:40:49.383,2,2025-12-26 14:40:49.396,70893.894993895,221.54342185592185,10219.857142857143,125.0,44358151.16169907,49097340.66419605,0.0088258341309722,0.0097687792125156,3.2055518341923226,10219.857142857143,9156.076923076924,6438.924297924298,6151.442002442002,4215.372405372405,1.116182971016545,1.0,0.0,6660.19152590217,7006.949454947998,15.0,19.0,1.0,0.5103637312463652,0.8691697854538379,13.0
2025-12-26 14:40:49.792,2,2025-12-26 14:40:49.818,41794.19047619048,130.60684523809525,6352.442002442002,110.0,10751573.622896396,13305429.674523402,0.0061551720631823,0.0076172299882555,3.399836319504684,6352.442002442002,4544.853479853478,3463.106227106227,2563.6898656898657,2440.7960927960926,1.3977220675209536,1.0,0.0,3278.9592286114807,3647.6608497122375,15.0,19.0,1.0,0.4633392212470077,0.8702417643851538,26.0
2025-12-26 14:40:50.197,2,2025-12-26 14:40:50.241,163234.53724053723,510.1079288766789,37682.10622710623,106.0,522745223.0772962,371368529.380716,0.0196185076471466,0.0139373752488368,2.493339782972429,37682.10622710623,34240.442002442,21519.9242979243,17257.383394383396,11147.372405372404,1.1005145968740029,1.0,0.0,22863.622265015143,19270.924455788725,15.0,19.0,1.0,0.746454949957541,0.9840809443487348,44.0
2025-12-26 14:40:50.642,2,2025-12-26 14:40:50.663,74751.23076923075,233.5975961538461,13519.857142857143,124.0,60301048.45502642,67141053.47656466,0.0107916578604053,0.0120157658294558,3.0729890752047004,13519.857142857143,9576.372405372404,6767.689865689866,6459.404151404151,6021.924297924298,1.4117931687024834,1.0,0.0,7765.3749719525085,8193.964454192163,15.0,19.0,1.0,0.5664822830004497,0.7693755002551462,21.0
2025-12-26 14:40:51.083,2,2025-12-26 14:40:51.086,81864.99511599512,255.8281097374848,17190.9242979243,151.0,78697654.68356614,93424530.20583569,0.0117426281754995,0.0139400535516459,2.8612645917492063,17190.9242979243,10731.857142857143,8397.076923076924,7905.67032967033,6041.853479853478,1.601859218687471,1.0,0.0,8871.16985992074,9665.6365649571,15.0,19.0,1.0,0.6140277917583373,0.8347996659260416,3.0
2025-12-26 14:40:51.497,2,2025-12-26 14:40:51.508,32212.920634920632,100.66537698412698,6942.076923076923,150.0,7439942.882115587,12428838.366454206,0.0071698388776444,0.0119776146048076,3.2488120574300323,6942.076923076923,3255.6898656898657,2422.8571428571427,1912.4786324786328,1705.2466422466423,2.1322906079703623,1.0,0.0,2727.625869160869,3525.4557671958114,15.0,19.0,1.0,0.5040942853454092,0.6428469574885038,11.0
2025-12-26 14:40:51.918,2,2025-12-26 14:40:51.930,45841.266178266174,143.2539568070818,10165.168498168498,153.0,31432493.88138588,27614937.876947265,0.0149577279554804,0.0131410740054412,2.672149598845483,10165.168498168498,7323.404151404151,7193.246642246642,7163.540903540904,1518.076923076923,1.388038716423713,1.0,0.0,5606.468931634766,5254.991710454667,15.0,19.0,1.0,0.7278035687036575,0.1699132353968561,12.0
2025-12-26 14:40:52.323,2,2025-12-26 14:40:52.353,129647.6446886447,405.14888965201465,19989.07692307692,156.0,146151417.98061517,136221526.13816103,0.0086950837737257,0.0081043180964086,2.996079491262649,19989.07692307692,17824.540903540903,14201.035409035409,8674.948717948719,8282.168498168498,1.121435723435935,1.0,0.0,12089.310070496793,11671.397779964533,15.0,19.0,1.0,0.531994010515263,0.3431968856397177,30.0
2025-12-26 14:40:52.805,2,2025-12-26 14:40:52.775,91084.89377289376,284.64029304029305,20431.540903540903,121.0,110640249.5909277,92886591.1054981,0.013335841786497,0.0111959335562773,2.7973054361177887,20431.540903540903,15386.246642246642,11327.168498168498,6418.1623931623935,4457.853479853478,1.3279093581822523,1.0,0.0,10518.566898153364,9637.7689900463,15.0,19.0,1.0,0.6369988426581216,0.2555819331984647,30.0
2025-12-26 14:40:53.271,2,2025-12-26 14:40:53.198,172738.53235653235,539.8079136141636,34729.58241758242,124.0,387053375.96625113,300917974.5795769,0.0129715659814212,0.0100848554866886,2.9320921317041244,34729.58241758242,29567.03540903541,17512.540903540903,17206.1684981685,8540.946275946277,1.1746048238224185,1.0,0.0,19673.67215255584,17346.987478509833,15.0,19.0,1.0,0.6226536258990364,0.2047890769266839,73.0
2025-12-26 14:40:53.683,2,2025-12-26 14:40:53.620,84251.23076923078,263.2850961538462,17625.582417582416,102.0,71519174.78670473,60193001.36598488,0.0100755784062887,0.0084799538946242,3.242230021301488,17625.582417582416,13511.168498168498,5450.282051282052,4668.076923076923,4528.540903540904,1.3045194736465866,1.0,0.0,8456.901015543739,7758.4148745723105,15.0,19.0,1.0,0.5434181836352567,0.2614857870722625,63.0
2025-12-26 14:40:54.068,2,2025-12-26 14:40:54.043,101699.7094017094,317.81159188034184,18653.582417582416,91.0,114520278.50744668,77719112.43970338,0.0110724307202665,0.0075142978985443,3.29322627481254,18653.582417582416,11019.28205128205,8639.168498168498,6829.1623931623935,6712.540903540904,1.692812864828199,2.0,4.0,10701.4147899914,8815.84439743031,15.0,17.0,0.8947368421052632,0.509871036690142,0.2709077606939275,25.0
2025-12-26 14:40:54.535,2,2025-12-26 14:40:54.465,124100.82783882784,387.815086996337,24994.162393162394,109.0,150427418.91563308,221504789.0613915,0.0097673701585388,0.0143824794857716,2.97697607176684,24994.162393162394,23107.43101343101,11996.196581196582,9254.168498168498,6673.246642246642,1.0816504170729169,1.0,0.0,12264.885605484997,14883.03695693159,13.0,18.0,0.9473684210526316,0.6126083641193749,0.1799613135083398,70.0
2025-12-26 14:40:55.005,2,2025-12-26 14:40:55.099,184621.1001221001,576.940937881563,29283.196581196586,109.0,276591697.452008,260986507.4698373,0.0081147747759525,0.0076569425155924,3.2721743938193475,29283.196581196586,20613.07692307692,12647.431013431013,11498.168498168498,10849.162393162393,1.4206125893030457,2.0,4.0,16631.046192347854,16155.07683268134,15.0,17.0,0.8947368421052632,0.4598122064752719,0.424843084057693,94.0
2025-12-26 14:40:55.417,2,2025-12-26 14:40:55.521,92087.6691086691,287.77396596459096,17410.28205128205,127.0,109881669.81343745,67001855.99274264,0.0129575319910133,0.0079010329380439,3.0399278528546643,17410.28205128205,13548.196581196582,9711.214896214897,6836.258852258852,5987.4310134310135,1.2850626979715023,2.0,4.0,10482.445793489103,8185.466143888363,15.0,18.0,0.9473684210526316,0.5808962688724083,0.2679513301818415,104.0
2025-12-26 14:40:55.825,2,2025-12-26 14:40:55.733,296641.95482295484,927.0061088217338,71657.19658119658,98.0,1941269077.3503928,830578575.4127959,0.022060765990482,0.00943877373965,2.5684503596555626,71657.19658119658,41879.43101343101,32618.764346764347,24755.28205128205,24721.752136752137,1.7110355811236768,1.0,0.0,44059.8351943172,28819.76015536555,14.0,19.0,1.0,0.6594900786916166,0.0781317130005324,92.0
2025-12-26 14:40:56.206,2,2025-12-26 14:40:56.155,102686.43223443224,320.8951007326008,16913.015873015873,112.0,178742235.11501685,59530948.71558236,0.0169512236780809,0.0056456854016447,3.2838030383582035,16913.015873015873,11824.598290598293,8359.431013431013,6035.46398046398,5422.136752136752,1.4303247736087523,2.0,4.0,13369.451563733526,7715.630156739134,15.0,19.0,1.0,0.4728438300280566,0.567557280609165,51.0
2025-12-26 14:40:56.633,2,2025-12-26 14:40:56.578,281068.1807081807,878.3380647130647,81415.8192918193,111.0,1290003451.731423,1341526956.1835246,0.0163292977167281,0.0169814995712878,2.5073844782757844,81415.8192918193,64115.01587301587,33289.23443223443,15202.01343101343,10512.402930402932,1.2698401175329592,2.0,4.0,35916.61804417869,36626.86112927949,15.0,18.0,0.9473684210526316,0.727704165740637,0.9180661477902772,55.0
2025-12-26 14:40:57.086,2,2025-12-26 14:40:57.000,279288.4261294261,872.7763316544566,101987.8192918193,116.0,1377704195.696389,1389422646.7620366,0.0176624157671402,0.0178126484190512,2.3534925454228635,101987.8192918193,39747.01587301587,30027.01343101343,24634.234432234432,18559.85347985348,2.5659239329475287,2.0,5.0,37117.43789240293,37274.960050441856,15.0,19.0,1.0,0.7696557264722534,0.9330069940825207,86.0
2025-12-26 14:40:57.483,2,2025-12-26 14:40:57.423,46998.85592185592,146.87142475579975,3694.076923076923,140.0,8933202.065426523,16338085.111187484,0.0040441996319108,0.0073965054533486,3.694955598608128,3694.076923076923,3677.8192918192926,2608.258852258852,2286.015873015873,2264.4847374847377,1.0044204540698312,2.0,5.0,2988.846276646981,4042.039721624156,15.0,19.0,1.0,0.3091704126120688,0.639361158688727,60.0
2025-12-26 14:40:57.866,2,2025-12-26 14:40:57.845,99365.96336996336,310.51863553113554,13307.431013431013,117.0,125182160.18079253,39491812.52049264,0.0126784787388005,0.0039997400961497,3.760359265978648,13307.431013431013,8081.258852258852,6755.225885225886,4074.5982905982905,3828.857142857143,1.646702729947786,2.0,4.0,11188.483372682487,6284.251150335466,15.0,19.0,1.0,0.362773830815264,0.5182363455011728,21.0
2025-12-26 14:40:58.274,2,2025-12-26 14:40:58.267,58495.85347985348,182.7995421245421,11505.598290598293,146.0,31597569.281344064,41909243.196508095,0.0092342900350422,0.0122478442369986,3.151669466539271,11505.598290598293,6787.4310134310135,4189.1623931623935,4044.136752136752,3770.402930402931,1.695132999190598,1.0,0.0,5621.171522142343,6473.734872274898,15.0,19.0,1.0,0.5179295553002803,0.7049266236877049,7.0
2025-12-26 14:40:58.718,2,2025-12-26 14:40:58.690,148177.80341880344,463.0556356837607,36920.258852258856,155.0,316345317.91808856,365887650.5748352,0.0144077148970914,0.0166640840096575,2.498811687019093,36920.258852258856,34184.431013431014,21784.59829059829,11257.853479853478,7025.402930402931,1.080031399023487,2.0,6.0,17786.0990078794,19128.189945074133,15.0,19.0,1.0,0.7502644930720863,0.4028291886176616,28.0
2025-12-26 14:40:59.165,2,2025-12-26 14:40:59.112,125472.14774114774,392.1004616910867,16057.670329670327,118.0,108810169.73713176,195725011.26321003,0.0069115399677832,0.0124323051908525,3.0202710621144964,16057.670329670327,15007.431013431013,12525.924297924295,12201.076923076924,11584.598290598293,1.0699812856243234,2.0,4.0,10431.2113264535,13990.175526533254,15.0,19.0,1.0,0.5369853156072548,0.7535319704603083,53.0
2025-12-26 14:40:59.570,2,2025-12-26 14:40:59.535,255170.6056166057,797.4081425518928,84881.01587301587,150.0,1602334280.0372438,953777051.0979508,0.0246088792483681,0.0146482444847828,2.274991678153296,84881.01587301587,35344.23443223443,30733.81929181929,29173.59829059829,22510.01343101343,2.4015519712488334,1.0,0.0,40029.16786591053,30883.281093464648,15.0,19.0,1.0,0.794145864994934,0.94888407299201,35.0
2025-12-26 14:40:59.967,2,2025-12-26 14:40:59.957,67585.54456654457,211.2048267704518,13981.598290598293,150.0,46404595.44514336,55064600.850488685,0.0101590560387032,0.0120549346551298,3.171566977949818,13981.598290598293,10138.015873015873,4187.689865689866,3592.3833943833943,3319.3724053724054,1.3791257052389725,1.0,0.0,6812.09185530725,7420.552597380379,15.0,19.0,1.0,0.5211034409049216,0.8347807068944707,10.0
2025-12-26 14:41:00.408,2,2025-12-26 14:41:00.380,41610.59096459096,130.03309676434677,5548.853479853478,151.0,11178156.86436206,18975394.117285755,0.0064559838042176,0.0109593055980821,3.228818955984556,5548.853479853478,4402.4310134310135,3847.8192918192926,3596.258852258852,3233.5982905982905,1.2604066850618847,3.0,5.0,3343.375070847132,4356.0755408148925,15.0,19.0,1.0,0.495762267484134,0.688025883567125,28.0
2025-12-26 14:41:00.892,2,2025-12-26 14:41:00.802,178951.01587301586,559.2219246031746,50166.43101343101,159.0,572910348.07741,660835305.6515484,0.0178903291296037,0.0206359706335258,2.198153316042949,50166.43101343101,41274.59829059829,29025.40293040293,18713.25885225885,6893.0,1.2154311148040158,2.0,3.0,23935.54570251972,25706.717130966925,15.0,19.0,1.0,0.8162719299137361,0.5451876852105705,90.0
2025-12-26 14:41:01.326,2,2025-12-26 14:41:01.225,34362.76312576313,107.38363476800978,9767.853479853478,129.0,18224879.02644485,10625477.838710552,0.0154343554400093,0.0089985454194036,2.7868927461793245,9767.853479853478,3979.990231990232,2733.402930402931,2322.431013431013,2298.5982905982905,2.454240566054484,1.0,0.0,4269.060672612285,3259.674498889506,15.0,19.0,1.0,0.6141030006534637,0.6868059645021886,101.0
2025-12-26 14:41:01.738,2,2025-12-26 14:41:01.647,22355.23076923077,69.86009615384614,5733.598290598291,157.0,4717779.923532726,6340255.976083302,0.0094401601740835,0.0126866943623979,3.181099102489939,5733.598290598291,2032.4310134310133,1998.076923076923,1065.015873015873,956.2588522588524,2.8210543200265352,2.0,4.0,2172.045101634109,2517.98649243464,15.0,19.0,1.0,0.5271867275287337,0.7023460786957573,91.0
2025-12-26 14:41:02.141,2,2025-12-26 14:41:02.070,64968.08547008548,203.02526709401712,8004.598290598291,153.0,24491753.43821717,49176176.72242392,0.0058025613515764,0.0116507698473956,3.193237406589825,8004.598290598291,6605.700854700855,6268.819291819293,4713.402930402931,4013.136752136752,1.2117712361892257,1.0,0.0,4948.914369658984,7012.5727605796665,15.0,19.0,1.0,0.4556954065283265,0.6977251646539524,71.0
2025-12-26 14:41:02.590,2,2025-12-26 14:41:02.492,12943.9010989011,40.44969093406594,2996.8534798534783,138.0,2148849.3957060445,1317503.4989961958,0.012825538441127,0.0078635998439262,3.3352986120937773,2996.8534798534783,1240.3345543345542,946.0,692.7228327228327,565.5750915750916,2.4161654364768457,1.0,0.0,1465.8954245463913,1147.8255525105703,15.0,19.0,1.0,0.4976464134937126,0.7939606010910564,98.0
2025-12-26 14:41:03.043,2,2025-12-26 14:41:03.126,36085.04884004884,112.76577762515262,6775.853479853478,155.0,11252614.763227131,12368494.692227015,0.0086416934436518,0.0094986580220406,3.2952478669410743,6775.853479853478,2936.5982905982905,2921.334554334554,2885.402930402931,1970.0,2.3073818102886268,1.0,0.0,3354.4917294915385,3516.8870741363044,15.0,19.0,1.0,0.4846658052954737,0.7914926258697733,83.0
2025-12-26 14:41:03.438,2,2025-12-26 14:41:03.337,98535.8192918193,307.9244352869353,39621.59829059829,152.0,183863538.9726873,207144890.9851768,0.0189368330849119,0.0213346716096946,2.353896769554473,39621.59829059829,13274.402930402932,7922.431013431013,7763.015873015873,6073.136752136752,2.9848120852086133,2.0,4.0,13559.629013092035,14392.528998934718,15.0,19.0,1.0,0.7576390534541597,0.8543833424476458,101.0
2025-12-26 14:41:03.861,2,2025-12-26 14:41:03.760,40185.905982905984,125.5809561965812,7990.076923076923,151.0,13595386.584986389,21519850.09646272,0.0084186806119747,0.0133257516178142,3.1904823660865365,7990.076923076923,7104.598290598291,2129.0,2105.8534798534783,1765.948717948718,1.124634581190788,1.0,0.0,3687.192235968501,4638.949244868144,15.0,19.0,1.0,0.5249471648206797,0.7682391396007685,101.0
2025-12-26 14:41:04.248,2,2025-12-26 14:41:04.182,48580.28449328449,151.81338904151403,6125.076923076923,157.0,10312832.933965622,38764835.50820117,0.0043697629166427,0.0164254712316334,3.254843939731166,6125.076923076923,5109.598290598291,4167.689865689866,3464.3724053724054,2951.8571428571427,1.1987394262178932,1.0,0.0,3211.3599819960423,6226.141301657164,15.0,19.0,1.0,0.4491244721016461,0.7308693063077113,66.0
2025-12-26 14:41:04.703,2,2025-12-26 14:41:04.605,50423.43101343101,157.57322191697193,8961.853479853478,142.0,17714233.516565304,29306034.25595518,0.0069671887847447,0.0115263622895396,2.9582219275415387,8961.853479853478,5373.700854700855,5227.819291819293,5053.598290598291,3810.2466422466414,1.667724669119249,0.0,0.0,4208.828045497381,5413.504803355695,15.0,19.0,1.0,0.5637700169916243,0.6554143796648473,98.0
2025-12-26 14:41:05.136,2,2025-12-26 14:41:05.238,64133.62148962149,200.4175671550672,12916.598290598293,134.0,42021021.54986641,53019288.04014598,0.0102163338760101,0.0128902803527441,2.910034902802778,12916.598290598293,8378.246642246642,7763.015873015873,5066.372405372405,3639.404151404152,1.5416827460611902,1.0,0.0,6482.3623433025095,7281.434476814715,15.0,19.0,1.0,0.5888274587573061,0.5874928863036858,102.0
2025-12-26 14:41:05.536,2,2025-12-26 14:41:05.449,53838.32967032967,168.24478021978024,12874.598290598293,147.0,28323283.86543792,40579358.01824472,0.0097714823086649,0.013999805984931,2.920204200255382,12874.598290598293,8505.015873015873,4024.076923076923,3587.6898656898657,3185.2466422466423,1.5137653453939357,2.0,4.0,5321.962407367973,6370.192934146086,15.0,19.0,1.0,0.597652783651636,0.783357273319882,87.0
2025-12-26 14:41:05.933,2,2025-12-26 14:41:05.872,109443.53113553114,342.0110347985348,26937.59829059829,141.0,138307496.65907204,181200378.62248808,0.0115469032515428,0.0151279091274013,2.6478711025873607,26937.59829059829,20261.40293040293,12452.819291819293,6257.015873015873,5695.4310134310135,1.3295031140304785,1.0,0.0,11760.420768793609,13461.068999989862,15.0,19.0,1.0,0.654257649185263,0.769397718631036,61.0
2025-12-26 14:41:06.346,2,2025-12-26 14:41:06.294,78837.7741147741,246.36804410866907,18837.59829059829,149.0,49033722.84614824,99639429.536793,0.0078890763637446,0.0160310705128819,2.940640433354152,18837.59829059829,8248.076923076924,6817.136752136752,3741.162393162393,3610.540903540904,2.2838776197505064,2.0,4.0,7002.408360424879,9981.955196092247,15.0,19.0,1.0,0.5232836127825644,0.6496882974957054,52.0
2025-12-26 14:41:06.788,2,2025-12-26 14:41:06.717,290334.34065934067,907.2948145604396,107672.431013431,159.0,1501290382.530322,1961440561.779356,0.0178101627579115,0.0232690331276096,2.176861442999647,107672.431013431,62732.258852258856,33186.59829059829,22810.162393162394,8459.689865689867,1.71638058286741,2.0,5.0,38746.48864775132,44288.153740919886,15.0,19.0,1.0,0.8089333830844018,0.2737940816621979,71.0
2025-12-26 14:41:07.248,2,2025-12-26 14:41:07.351,213884.6788766789,668.3896214896215,78752.431013431,158.0,1020540520.4609988,937069333.3661972,0.0223085272861208,0.0204838870904839,2.005785952786543,78752.431013431,42020.258852258856,31265.40293040293,29109.59829059829,6068.196581196581,1.87415387635566,1.0,0.0,31945.899900628858,30611.5882202508,15.0,19.0,1.0,0.8753122881505284,0.3527132647657293,103.0
2025-12-26 14:41:07.642,2,2025-12-26 14:41:07.562,108533.60195360196,339.1675061050061,25432.59829059829,135.0,150268356.53352037,148711400.06438002,0.0127567223689523,0.0126245477589709,2.827238557988533,25432.59829059829,18752.43101343101,12437.402930402932,8156.258852258852,5274.1623931623935,1.3562294015310012,1.0,0.0,12258.399427882923,12194.728371898243,15.0,19.0,1.0,0.6454485267134171,0.6171831684048208,80.0
2025-12-26 14:41:08.041,2,2025-12-26 14:41:07.984,205500.0512820513,642.1876602564104,32492.81929181929,129.0,297746311.14273405,617221545.4457543,0.0070505422662422,0.0146156188370524,2.971226987912546,32492.81929181929,22157.3833943834,22084.59829059829,19629.01587301588,14330.402930402932,1.4664556149736674,1.0,0.0,17255.327036678675,24843.94383840364,15.0,19.0,1.0,0.5386578693758577,0.818708326956496,57.0
2025-12-26 14:41:08.503,2,2025-12-26 14:41:08.407,58141.136752136765,181.69105235042736,9459.431013431013,156.0,22161868.9076696,40012156.96178811,0.0065560060287186,0.0118365442624172,3.21071543384076,9459.431013431013,6044.819291819293,5226.1623931623935,4936.258852258852,3642.015873015873,1.564882349126845,1.0,0.0,4707.639419886532,6325.516339540047,15.0,19.0,1.0,0.5040955347783046,0.5396944377131458,96.0
2025-12-26 14:41:08.994,2,2025-12-26 14:41:09.040,101099.89987789988,315.9371871184371,17048.258852258852,155.0,124509077.42214176,114655037.82620709,0.0121814661896201,0.0112173866810869,2.8479863332403124,17048.258852258852,15840.431013431013,13216.853479853478,10508.819291819293,7568.196581196581,1.0762496827139774,2.0,6.0,11158.363563809064,10707.709270717389,15.0,19.0,1.0,0.6348429552954352,0.4344808405153636,46.0
2025-12-26 14:41:09.398,2,2025-12-26 14:41:09.463,195661.69963369964,611.4428113553114,39700.40293040293,150.0,782585926.0928808,526485733.529569,0.0204418590701226,0.0137522881621107,2.4260055162563776,39700.40293040293,37829.59829059829,33643.431013431014,19254.01587301588,17352.258852258852,1.0494534630114891,1.0,0.0,27974.73728371512,22945.27693294568,15.0,19.0,1.0,0.7552817298243151,0.6751058609970733,65.0
2025-12-26 14:41:09.806,2,2025-12-26 14:41:09.885,45388.0,141.8375,10304.402930402932,145.0,23766836.44776465,20352672.81286068,0.0115369041691242,0.0098795999351271,2.93807744883524,10304.402930402932,7160.4310134310135,5392.258852258852,3278.015873015873,2159.641025641026,1.4390757918166164,1.0,0.0,4875.124249469407,4511.393666358621,15.0,19.0,1.0,0.6233971467072591,0.589357312389819,79.0
2025-12-26 14:41:10.199,2,2025-12-26 14:41:10.097,72755.91941391942,227.36224816849816,15407.431013431013,153.0,80560303.89556633,67182296.0166988,0.0152189408577025,0.0126916525921779,2.698446268424681,15407.431013431013,13957.598290598293,9657.258852258852,6957.402930402931,5142.015873015873,1.103874082965134,2.0,4.0,8975.53919804077,8196.480709225076,15.0,19.0,1.0,0.7026467038216799,0.6074299003451972,102.0
2025-12-26 14:41:10.689,2,2025-12-26 14:41:10.730,222598.59706959708,695.6206158424909,72425.40293040292,130.0,1229243174.5131867,821727316.7115337,0.0248080689216983,0.0165837552166154,2.090845021931799,72425.40293040292,39076.59829059829,34192.258852258856,26066.43101343101,20971.81929181929,1.8534213851420736,1.0,0.0,35060.56437813269,28665.786518278783,15.0,19.0,1.0,0.8658298521003269,0.6917110295792345,41.0
2025-12-26 14:41:11.157,2,2025-12-26 14:41:11.153,122047.31013431016,381.3978441697192,32429.81929181929,128.0,276706732.3615805,289873494.70951426,0.0185764747404695,0.019460414303785,2.235097990607257,32429.81929181929,31001.40293040293,17406.015873015873,14868.598290598293,7147.853479853478,1.0460758619415405,2.0,5.0,16634.50427159104,17025.671637545292,15.0,19.0,1.0,0.8427362287009931,0.9558476427809244,4.0
2025-12-26 14:41:11.578,2,2025-12-26 14:41:11.575,58059.87545787545,181.4371108058608,14900.819291819293,157.0,34946147.17792811,41443291.26468965,0.0103668568540767,0.0122942499473648,3.0466479046982853,14900.819291819293,9342.015873015873,2329.076923076923,2257.5982905982905,2201.258852258852,1.595032538411571,2.0,5.0,5911.526636828097,6437.646407243073,15.0,19.0,1.0,0.5344615190103645,0.7858128354632207,3.0
2025-12-26 14:41:11.987,2,2025-12-26 14:41:11.998,32463.10744810745,101.44721077533578,12362.015873015873,138.0,16654142.242168358,15738872.397606883,0.0158030928290181,0.0149345945234985,2.6663301761314626,12362.015873015873,3263.641025641026,2320.2344322344325,1897.5982905982903,1585.013431013431,3.787798895739156,1.0,0.0,4080.948693890718,3967.224772760788,15.0,19.0,1.0,0.6600878577861357,0.9226757451917053,11.0
2025-12-26 14:41:12.438,2,2025-12-26 14:41:12.420,66298.1684981685,207.18177655677653,12557.015873015873,152.0,56797376.46024441,76034109.95324771,0.0129218654145794,0.0172983788506658,2.6809101486429867,12557.015873015873,11951.641025641024,10881.598290598293,8950.136752136752,2529.076923076923,1.0506520272885562,2.0,4.0,7536.403416766144,8719.754007610978,15.0,19.0,1.0,0.7069496778898641,0.9480717224511904,18.0
2025-12-26 14:41:12.924,2,2025-12-26 14:41:12.843,52083.3540903541,162.76048153235655,11692.819291819293,141.0,25119123.81115717,44015006.532860935,0.0092599064209532,0.0162256790752751,2.828821103765061,11692.819291819293,7517.015873015873,5541.598290598291,4577.402930402931,3284.641025641026,1.5555134496645018,2.0,4.0,5011.898224341469,6634.380644254665,15.0,19.0,1.0,0.6261785167464252,0.9079914564488089,81.0
2025-12-26 14:41:13.359,2,2025-12-26 14:41:13.265,128230.2442002442,400.7195131257632,41140.819291819294,139.0,226860109.6115541,314460548.5417213,0.0137967628361882,0.0191242859619373,2.438447476635562,41140.819291819294,27342.01587301588,10596.402930402932,8314.598290598291,6763.853479853478,1.5046739597726626,2.0,4.0,15061.87603227281,17733.035514026393,15.0,19.0,1.0,0.7342861308027504,0.8828076823426046,94.0
2025-12-26 14:41:13.757,2,2025-12-26 14:41:13.688,216398.81684981685,676.2463026556777,63081.01587301587,158.0,876421945.5664327,875931123.217029,0.0187155881570459,0.0187051068711811,2.257765112143104,63081.01587301587,43835.64102564102,41082.59829059829,20952.13675213676,9127.853479853478,1.439034867452175,2.0,4.0,29604.42442552181,29596.13358560589,15.0,19.0,1.0,0.8229215298567623,0.9429656321654648,69.0
2025-12-26 14:41:14.158,2,2025-12-26 14:41:14.110,88029.13064713065,275.09103327228325,27904.234432234432,129.0,169479985.97360194,111894998.34276004,0.0218708465544102,0.0144396892937061,2.4037890687568844,27904.234432234432,25302.01587301588,8502.01343101343,3284.641025641026,2303.4420024420024,1.1028462938398784,2.0,5.0,13018.44790954751,10578.04321898715,15.0,19.0,1.0,0.7644781479679369,0.8955849724404316,48.0
2025-12-26 14:41:14.599,2,2025-12-26 14:41:14.533,93856.81684981684,293.3025526556777,29802.01587301588,137.0,116395386.85960206,181448532.18409592,0.0132130818720815,0.020597846495492,2.5867057674084903,29802.01587301588,14619.641025641024,11117.819291819293,7633.598290598291,6801.136752136752,2.038491630590985,1.0,0.0,10788.66937391271,13470.283300068188,15.0,19.0,1.0,0.7455421308947473,0.9332601332195656,66.0
2025-12-26 14:41:15.076,2,2025-12-26 14:41:15.166,96294.13308913309,300.91916590354083,13614.015873015873,125.0,61792977.2094454,90564543.50578073,0.0066640686887297,0.0097669406126902,3.3498895895311405,13614.015873015873,8709.598290598291,7236.641025641025,5927.4310134310135,5302.136752136752,1.5631049123941991,1.0,0.0,7860.850921461709,9516.540521942872,15.0,19.0,1.0,0.4235961386875574,0.6488866307372811,90.0
2025-12-26 14:41:15.467,2,2025-12-26 14:41:15.378,50655.67399267398,158.2989812271062,7164.076923076923,144.0,11566251.73608329,24946313.54632309,0.0045075073545833,0.0097218783012474,3.1602504093327406,7164.076923076923,6966.015873015873,4324.641025641025,4190.700854700855,3240.5409035409034,1.0284324718275832,3.0,2.0,3400.91924868605,4994.628469298102,15.0,19.0,1.0,0.511018283632329,0.6545949324796747,89.0
2025-12-26 14:41:15.850,2,2025-12-26 14:41:15.800,61681.21001221001,192.7537812881563,15286.431013431013,149.0,53305977.104438365,57480049.755333945,0.0140110324494077,0.015108152707485,2.649638477845831,15286.431013431013,11529.598290598293,8064.1623931623935,5613.136752136752,4169.853479853478,1.325842464597823,1.0,0.0,7301.094240210735,7581.559849749518,15.0,19.0,1.0,0.72409704544285,0.505373556985691,50.0
2025-12-26 14:41:16.253,2,2025-12-26 14:41:16.222,39902.42246642247,124.6950702075702,7908.246642246642,159.0,13831654.537435375,13636437.738522012,0.0086871157565635,0.0085645077977545,3.1854524030862965,7908.246642246642,4872.540903540904,2974.076923076923,2599.6898656898657,2369.162393162393,1.6230231410675382,1.0,0.0,3719.093241293552,3692.754762846026,15.0,19.0,1.0,0.5193598645584747,0.4602837006171593,31.0
2025-12-26 14:41:16.697,2,2025-12-26 14:41:16.645,193190.34920634923,603.7198412698414,72344.431013431,144.0,673836340.1920786,606874941.0785079,0.0180544213575059,0.0162602923647895,2.495082287533987,72344.431013431,17928.196581196582,16762.59829059829,15981.162393162393,11153.258852258852,4.035231914475053,2.0,4.0,25958.357810001744,24634.831866252058,15.0,19.0,1.0,0.6944945629107903,0.2842015039340435,52.0
2025-12-26 14:41:17.151,2,2025-12-26 14:41:17.067,24602.8717948718,76.88397435897437,3332.6898656898657,152.0,3031774.187180867,6430392.592046706,0.0050087025823359,0.0106234574188941,3.18577427734413,3332.6898656898657,2380.8571428571427,2175.924297924298,2128.258852258852,2046.3724053724047,1.3997857350185563,1.0,0.0,1741.1990659257967,2535.8218770344865,15.0,19.0,1.0,0.4903534296600572,0.7164145246055343,84.0
2025-12-26 14:41:17.588,2,2025-12-26 14:41:17.490,38840.08913308913,121.37527854090354,6727.442002442002,156.0,14639420.31497088,16371549.17139417,0.0097042828031273,0.0108524886686969,3.0032155591629004,6727.442002442002,5221.383394383394,4590.924297924298,3929.076923076923,2862.106227106227,1.288440532767116,1.0,0.0,3826.149541637242,4046.177105786914,15.0,19.0,1.0,0.6006920520956237,0.9190075345096076,98.0
2025-12-26 14:41:17.978,2,2025-12-26 14:41:17.912,142787.52747252746,446.2110233516484,46257.01587301587,129.0,327365376.41674846,404235689.2787662,0.0160565485907717,0.0198268676366244,2.327126939802727,46257.01587301587,22144.81929181929,19594.59829059829,17739.641025641027,7377.136752136752,2.088841424418486,1.0,0.0,18093.24118052784,20105.613377332367,15.0,19.0,1.0,0.7921785133156929,0.921776351099634,66.0
2025-12-26 14:41:18.407,2,2025-12-26 14:41:18.335,30054.040293040296,93.91887591575092,4617.015873015873,126.0,5599940.6592231095,12112232.105473408,0.0061998002359149,0.0134096812867635,3.206536039032895,4617.015873015873,4369.598290598291,2733.076923076923,2034.857142857143,1726.1367521367522,1.056622500733963,2.0,4.0,2366.4193751791145,3480.26322359005,15.0,19.0,1.0,0.5150949699521556,0.8491450016837517,72.0
2025-12-26 14:41:18.847,2,2025-12-26 14:41:18.757,48804.82051282051,152.51506410256408,15980.853479853478,103.0,26949770.025519047,33938571.51053704,0.0113143503778502,0.0142484662774612,3.007136992175369,15980.853479853478,4125.598290598291,3134.7008547008545,2773.8192918192926,2526.136752136752,3.8735844728915847,0.0,0.0,5191.316791096364,5825.682063976461,14.0,19.0,1.0,0.584801016973531,0.834224601204832,90.0
2025-12-26 14:41:19.288,2,2025-12-26 14:41:19.391,100687.07570207569,314.64711156898653,22833.59829059829,152.0,74317000.5910042,190089543.55809817,0.0073306201801606,0.0187504101748313,2.854760158855091,22833.59829059829,8959.853479853478,8397.076923076924,8305.136752136752,7493.819291819293,2.5484343401304304,2.0,5.0,8620.730861765967,13787.29645572685,15.0,19.0,1.0,0.5560741966839141,0.8931346124124006,103.0
2025-12-26 14:41:19.682,2,2025-12-26 14:41:19.602,30224.04761904761,94.4501488095238,4609.598290598291,141.0,4693193.598942464,14474057.68207094,0.0051376346825336,0.0158447375282274,3.143440580713276,4609.598290598291,3046.136752136752,2893.8192918192926,2239.4847374847377,2207.6898656898657,1.5132604560065517,2.0,5.0,2166.377990781494,3804.478634723941,15.0,19.0,1.0,0.4961853265569002,0.879472575488806,80.0
2025-12-26 14:41:20.081,2,2025-12-26 14:41:20.025,32893.84004884005,102.79325015262516,6226.0,143.0,11934602.785136396,11503096.182268929,0.0110300839173752,0.010631281030826,2.993310036234442,6226.0,4362.015873015873,4129.598290598291,2603.7008547008545,2017.2588522588524,1.4273217203343076,1.0,0.0,3454.649444608873,3391.6214680103863,15.0,19.0,1.0,0.587908673534613,0.6764910093910144,56.0
2025-12-26 14:41:20.516,2,2025-12-26 14:41:20.447,73451.00122100122,229.53437881562883,18703.43101343101,140.0,48261026.05838291,85052089.83002087,0.0089454277184036,0.0157648393333624,2.956440152443548,18703.43101343101,8997.162393162393,6698.700854700855,5553.258852258852,3952.8534798534783,2.0788144301633427,2.0,5.0,6947.01562243694,9222.36899229373,15.0,19.0,1.0,0.5977509613695026,0.3356743766287713,69.0
2025-12-26 14:41:20.979,2,2025-12-26 14:41:21.081,59348.5641025641,185.46426282051283,11423.431013431013,135.0,35839371.14747054,45995227.39173032,0.010175129583692,0.0130584712833408,2.8237257054452094,11423.431013431013,7905.598290598291,6682.1623931623935,5889.136752136752,4456.853479853478,1.4449799488313044,2.0,5.0,5986.599297386668,6781.978132649081,15.0,19.0,1.0,0.6126042386863836,0.6156005473674041,102.0
2025-12-26 14:41:21.379,2,2025-12-26 14:41:21.292,36952.88644688645,115.47777014652016,5202.598290598291,154.0,9431838.08788672,17265140.372519143,0.0069071613614038,0.0126436765950673,3.111897440763486,5202.598290598291,4736.853479853478,3225.402930402931,3214.431013431013,3018.162393162393,1.098323668385479,1.0,0.0,3071.129773859568,4155.134218351935,15.0,19.0,1.0,0.5249237602948325,0.7226723768713781,87.0
2025-12-26 14:41:21.770,2,2025-12-26 14:41:21.715,138433.4468864469,432.6045215201466,37234.59829059829,151.0,404282294.0538517,286968490.6518513,0.0210961233498857,0.0149744937271865,2.3561405592903566,37234.59829059829,31283.43101343101,18784.25885225885,9197.136752136752,9102.015873015873,1.1902338421450975,1.0,0.0,20106.77234301547,16940.144351564755,15.0,19.0,1.0,0.7628318383783503,0.5427672526118202,55.0
2025-12-26 14:41:22.177,2,2025-12-26 14:41:22.137,59232.19291819292,185.10060286935283,19237.59829059829,149.0,64515503.77657372,62768631.294498086,0.0183885916954205,0.0178906877353414,2.4463747281469246,19237.59829059829,9245.402930402932,7802.015873015873,7501.819291819293,2376.136752136752,2.0807744600653977,2.0,6.0,8032.154367078219,7922.665668479144,15.0,19.0,1.0,0.7793561383372926,0.8943640934130356,40.0
2025-12-26 14:41:22.640,2,2025-12-26 14:41:22.559,80616.62759462759,251.9269612332112,22465.59829059829,131.0,143373132.62135875,82082232.02971236,0.0220606610204224,0.0126298997831716,2.484807281449956,22465.59829059829,14043.015873015873,13067.431013431013,4516.258852258852,3501.136752136752,1.5997701984916994,2.0,4.0,11973.852037726154,9059.924504636469,15.0,19.0,1.0,0.7144114371918749,0.7148373060647922,81.0
2025-12-26 14:41:23.090,2,2025-12-26 14:41:23.193,107993.97924297926,337.4811851343102,42011.43101343101,133.0,219192372.4397618,201904140.73111743,0.0187943084230779,0.017311955934233,2.503578256394922,42011.43101343101,13444.258852258852,7595.015873015873,7049.1623931623935,6420.196581196581,3.1248603195682514,1.0,0.0,14805.146822634411,14209.297686061667,15.0,19.0,1.0,0.7085586182624029,0.245858412786972,103.0
2025-12-26 14:41:23.487,2,2025-12-26 14:41:23.404,158304.90964590965,494.7028426434677,15610.598290598293,104.0,262887237.391324,168116225.0220601,0.0104901267115,0.0067084295161704,3.60180323371454,15610.598290598293,11082.51282051282,10970.015873015873,9214.431013431013,9132.136752136752,1.4085793125998418,1.0,0.0,16213.797747330018,12965.96409921222,14.0,17.0,0.8947368421052632,0.353808955609619,0.577702466440839,83.0
2025-12-26 14:41:23.884,2,2025-12-26 14:41:23.827,154235.86446886449,481.9870764652016,38722.43101343101,106.0,255081706.96371207,274988350.6735016,0.0107228090107544,0.0115596198549581,3.1129754784619426,38722.43101343101,12070.076923076924,11948.689865689868,11321.258852258852,11010.402930402932,3.208134567841397,2.0,5.0,15971.277562039675,16582.772707647586,13.0,18.0,0.9473684210526316,0.5515763786705565,0.4942948446947131,57.0
2025-12-26 14:41:24.320,2,2025-12-26 14:41:24.249,100885.54334554334,315.26732295482293,21330.43101343101,110.0,107452587.30801776,76270340.09854674,0.0105574492507401,0.0074937259781274,3.5632030705797635,21330.43101343101,7156.258852258852,6544.598290598291,5753.1623931623935,5045.819291819293,2.9806678955855745,2.0,5.0,10365.933981461476,8733.289191281068,15.0,19.0,1.0,0.4542798534007594,0.3761016909356738,71.0
2025-12-26 14:41:24.753,2,2025-12-26 14:41:24.672,185934.4761904762,581.0452380952381,32699.43101343101,116.0,615412091.0952811,258784394.02463305,0.0178010727620029,0.007485455509177,2.9935285342063764,32699.43101343101,21300.234432234432,21234.59829059829,20763.01343101343,10765.819291819293,1.53516765824625,1.0,0.0,24807.500702313428,16086.776993065858,13.0,19.0,1.0,0.574197419685228,0.6963353429952992,81.0
2025-12-26 14:41:25.183,2,2025-12-26 14:41:25.094,251178.91941391944,784.9341231684982,84484.5982905983,109.0,1705602820.013441,983304289.8164146,0.0270340759708261,0.0155855293866873,2.3247441165144505,84484.5982905983,46098.01587301587,33602.431013431014,24840.40293040293,15357.136752136752,1.8327165863997787,1.0,0.0,41298.94453873418,31357.683106639342,15.0,18.0,0.9473684210526316,0.8136932244810744,0.7881853648048474,89.0
2025-12-26 14:41:25.574,2,2025-12-26 14:41:25.517,152488.01343101345,476.525041971917,26230.43101343101,115.0,183622491.8580245,298843088.8633092,0.0078968604518572,0.0128520321550816,3.185246096145612,26230.43101343101,14960.258852258852,13772.404151404153,11416.076923076924,10809.598290598293,1.7533407190657482,2.0,4.0,13550.73768685766,17287.078667701757,15.0,18.0,0.9473684210526316,0.5061956510154776,0.3388829945704071,57.0
2025-12-26 14:41:25.961,2,2025-12-26 14:41:25.939,75094.15750915752,234.66924221611723,8658.598290598291,89.0,44071678.56124111,43710902.37949671,0.0078153295074522,0.0077513522587787,3.3674811422681543,8658.598290598291,8122.015873015873,7019.404151404151,5696.4310134310135,5025.246642246642,1.066065177164214,2.0,8.0,6638.650356905469,6611.422114756908,14.0,19.0,1.0,0.4597121416068312,0.5450905875350718,22.0
2025-12-26 14:41:26.372,2,2025-12-26 14:41:26.362,69054.05494505494,215.7939217032967,13093.598290598293,157.0,35829369.88253397,55828121.0456506,0.0075138201988193,0.0117077823291397,2.894662764593153,13093.598290598293,9422.168498168498,8760.540903540903,5739.404151404151,5298.246642246642,1.3896586855926067,1.0,0.0,5985.763934748343,7471.821802321747,15.0,19.0,1.0,0.6127657314204983,0.3771035594542494,10.0
2025-12-26 14:41:26.821,2,2025-12-26 14:41:26.784,84478.7264957265,263.9960202991453,13869.598290598293,134.0,46954221.64079237,80113006.71296622,0.0065793036268834,0.0112255677382849,3.0905253062361457,13869.598290598293,9291.015873015873,9058.246642246642,6646.076923076923,5540.404151404151,1.4927967490485743,2.0,3.0,6852.315057029439,8950.586947958565,15.0,19.0,1.0,0.5256393381189012,0.6210454006403369,37.0
2025-12-26 14:41:27.261,2,2025-12-26 14:41:27.207,56531.64102564103,176.66137820512822,10533.402930402932,150.0,24350926.08427851,57459755.53848735,0.0076196021792537,0.0179796233213122,2.894908736090965,10533.402930402932,9481.598290598293,6052.819291819293,3870.6898656898657,2867.015873015873,1.110931153964461,2.0,3.0,4934.665752032098,7580.221338357301,15.0,19.0,1.0,0.580303802549197,0.8559387598296451,54.0
2025-12-26 14:41:27.684,2,2025-12-26 14:41:27.629,17739.737484737485,55.43667963980464,3894.383394383394,147.0,2329167.595857768,2941154.627702545,0.0074012719460909,0.0093459505764392,3.307233305247557,3894.383394383394,1290.924297924298,1137.1367521367522,1065.7008547008545,937.2588522588524,3.01674033143712,2.0,4.0,1526.16106484793,1714.9794831724796,15.0,19.0,1.0,0.4693081934592609,0.7319057364848617,55.0
2025-12-26 14:41:28.095,2,2025-12-26 14:41:28.052,161646.39682539683,505.14499007936513,35317.59829059829,159.0,224776124.1898572,419003140.58571166,0.0086023700658747,0.0160356002536886,2.795292437991156,35317.59829059829,16734.136752136754,14694.383394383394,14589.924297924295,10622.015873015873,2.1105121114829264,1.0,0.0,14992.535615760838,20469.566204141007,15.0,19.0,1.0,0.5688840606041284,0.8873695949748533,43.0
2025-12-26 14:41:28.540,2,2025-12-26 14:41:28.474,110790.68986568988,346.2209058302809,23289.106227106226,146.0,101267396.23558109,116907934.38949127,0.0082501740433119,0.0095243962184396,3.036435608830629,23289.106227106226,14320.442002442003,9622.924297924295,7759.0,6281.853479853478,1.6262840367031417,1.0,0.0,10063.1702875178,10812.39725451721,15.0,19.0,1.0,0.5530548287189683,0.8541700943627742,66.0
2025-12-26 14:41:29.016,2,2025-12-26 14:41:29.108,381280.5934065935,1191.5018543956046,140550.0158730159,135.0,3907715883.8706274,2396980649.2283816,0.0268802670079428,0.0164882713531135,2.2510631004884445,140550.0158730159,84066.5982905983,28902.641025641027,23747.81929181929,13032.136752136752,1.6718889396138776,1.0,0.0,62511.72597097786,48958.96903763785,14.0,19.0,1.0,0.7613794571590968,0.8684633904803136,92.0
2025-12-26 14:41:29.422,2,2025-12-26 14:41:29.319,87139.58730158731,272.31121031746034,19032.59829059829,156.0,144531306.43975422,84570529.90037164,0.0190340379481619,0.0111375086482791,2.840478484023473,19032.59829059829,17207.431013431014,9785.402930402932,8097.196581196581,4083.015873015873,1.1060685511824258,2.0,4.0,12022.117385874844,9196.223676073329,15.0,19.0,1.0,0.6679586912340559,0.5902219786248882,103.0
2025-12-26 14:41:29.830,2,2025-12-26 14:41:29.741,331059.5189255189,1034.560996642247,128729.5982905983,109.0,2922133821.7710166,1832345105.5787868,0.02666170640403,0.0167184154510057,2.241003560605121,128729.5982905983,45841.01587301587,41207.43101343101,24397.13675213676,19989.40293040293,2.808175077253724,1.0,0.0,54056.76481043808,42805.9003593989,15.0,18.0,0.9473684210526316,0.7858544158584226,0.7925573815163284,89.0
2025-12-26 14:41:30.231,2,2025-12-26 14:41:30.164,148336.80830280832,463.552525946276,35584.59829059829,154.0,357032802.498176,343864282.04537535,0.0162259546702621,0.0156274891666823,2.60534320741978,35584.59829059829,26807.43101343101,17930.40293040293,9799.689865689868,8696.819291819293,1.327415457033851,2.0,5.0,18895.311653904413,18543.577919198207,15.0,19.0,1.0,0.6661795040797699,0.6826231407543389,67.0
2025-12-26 14:41:30.670,2,2025-12-26 14:41:30.586,48862.43101343101,152.69509691697192,4442.700854700855,149.0,9091555.338888912,28688523.19666489,0.0038079220185171,0.0120159483264686,3.4608975447310097,4442.700854700855,3748.8534798534783,3387.6898656898657,3041.402930402931,2809.5982905982905,1.185082553526021,1.0,0.0,3015.220611976661,5356.166838016241,15.0,19.0,1.0,0.3567207987759336,0.7910378871122674,84.0
2025-12-26 14:41:31.099,2,2025-12-26 14:41:31.009,59894.59462759463,187.17060821123323,14349.598290598293,159.0,32965108.359853752,57933765.0043873,0.0091892326677124,0.0161494037917445,2.9123941426847253,14349.598290598293,8101.076923076923,4314.67032967033,3890.924297924298,3642.857142857143,1.771319841405271,2.0,4.0,5741.524915895929,7611.423323162843,15.0,19.0,1.0,0.572658137138875,0.8020133578987927,90.0
2025-12-26 14:41:31.493,2,2025-12-26 14:41:31.431,114432.5824175824,357.60182005494505,33617.01587301587,147.0,229074626.66889903,202873280.9270895,0.0174935354639672,0.0154926409188,2.436139318264193,33617.01587301587,19780.81929181929,15410.234432234432,7824.598290598291,6285.013431013431,1.6994754047885712,2.0,4.0,15135.211484115413,14243.359186901434,15.0,19.0,1.0,0.7245985327509344,0.9476282535845812,62.0
2025-12-26 14:41:31.898,2,2025-12-26 14:41:31.854,35696.081807081806,111.55025564713064,5809.598290598291,132.0,8126270.63265217,17655457.43361368,0.0063774958582987,0.0138560000951497,3.150205930563573,5809.598290598291,3787.857142857143,3492.4041514041514,2632.431013431013,2176.8534798534783,1.533742712961618,3.0,4.0,2850.6614377460137,4201.839767722429,15.0,19.0,1.0,0.5014316185983341,0.6210405502072662,44.0
2025-12-26 14:41:32.308,2,2025-12-26 14:41:32.276,85958.58974358975,268.620592948718,13272.196581196582,158.0,41930593.29062359,84375856.74494655,0.0056748246162087,0.0114193039328399,3.2534007958592333,13272.196581196582,9146.168498168498,7587.404151404151,6383.4310134310135,3800.8534798534783,1.4511209348322045,1.0,0.0,6475.383640420357,9185.633170606508,15.0,19.0,1.0,0.4675513388939745,0.2531575068410754,32.0
2025-12-26 14:41:32.743,2,2025-12-26 14:41:32.699,54242.87667887668,169.50898962148963,8472.076923076924,144.0,17496900.828917917,41526574.99154864,0.0059466955293153,0.0141136936343538,3.145245788813776,8472.076923076924,6321.948717948718,6316.689865689866,3617.258852258852,3362.7228327228327,1.3401052904814637,2.0,5.0,4182.929694474666,6444.111652628983,15.0,19.0,1.0,0.5178688689022974,0.5824099701167589,44.0
2025-12-26 14:41:33.188,2,2025-12-26 14:41:33.121,104593.32600732602,326.8541437728938,21638.01587301588,137.0,130224474.88625604,124068900.8691214,0.0119037738591131,0.0113410949837558,2.852970230821615,21638.01587301588,16802.431013431014,10810.162393162393,8147.404151404151,7279.857142857143,1.287790787875769,1.0,0.0,11411.593880184137,11138.622036370629,15.0,19.0,1.0,0.6183747380720996,0.5662488428057151,67.0
2025-12-26 14:41:33.597,2,2025-12-26 14:41:33.544,48436.10012210012,151.3628128815629,14349.076923076924,153.0,24589752.366231017,48486853.264045335,0.0104813160958222,0.0206673913581223,2.775835872775997,14349.076923076924,6115.857142857143,4115.689865689866,2860.948717948718,2641.670329670329,2.346208648747332,2.0,4.0,4958.8055382552575,6963.250193985948,15.0,19.0,1.0,0.6210913534204248,0.836212563682315,53.0
2025-12-26 14:41:34.005,2,2025-12-26 14:41:33.966,99678.78144078144,311.49619200244194,21184.59829059829,153.0,94102181.56548676,163948728.00362238,0.0094709654312411,0.01650070922466,2.8340513269670264,21184.59829059829,15396.136752136752,8660.819291819293,7155.015873015873,6783.853479853478,1.3759684414115645,2.0,4.0,9700.62789542444,12804.246483242285,15.0,19.0,1.0,0.5937113479119106,0.8537207343510489,39.0
2025-12-26 14:41:34.455,2,2025-12-26 14:41:34.389,140964.8021978022,440.5150068681319,39577.59829059829,124.0,388212620.6244152,365423407.9360926,0.019536568185851,0.0183897146732806,2.3362927909688245,39577.59829059829,35623.431013431014,19085.40293040293,7440.1623931623935,7432.136752136752,1.1109990577739504,2.0,5.0,19703.111952796065,19116.05105496668,15.0,19.0,1.0,0.7743687053634762,0.5604222784490721,66.0
2025-12-26 14:41:34.900,2,2025-12-26 14:41:34.811,57190.01221001221,178.71878815628816,12096.431013431013,155.0,21827976.177957483,47571731.44609541,0.0066737985401499,0.0145448276692716,3.0233941556662094,12096.431013431013,8696.258852258852,4917.076923076923,3689.700854700856,3036.6898656898657,1.3909925197647002,2.0,5.0,4672.041970911379,6897.226358913807,15.0,19.0,1.0,0.5671647243236358,0.3755801729427488,89.0
2025-12-26 14:41:35.316,2,2025-12-26 14:41:35.234,58646.28449328449,183.26963904151404,9963.431013431013,147.0,40294063.062863246,37404803.03070592,0.011715479169629,0.0108754282254099,3.009916756469993,9963.431013431013,9514.162393162393,6243.015873015873,4137.598290598291,3638.168498168498,1.04722103761761,1.0,0.0,6347.760476172935,6115.94661771225,15.0,19.0,1.0,0.5711593898537787,0.3772443668876155,82.0
2025-12-26 14:41:35.724,2,2025-12-26 14:41:35.656,49513.7264957265,154.7303952991453,6932.598290598291,138.0,17312348.549568117,29989241.321078885,0.0070616267774515,0.0122324726158352,3.1205629196847244,6932.598290598291,6326.700854700855,5636.853479853478,5497.076923076923,2954.402930402931,1.0957683079714675,1.0,0.0,4160.811044684451,5476.243358460149,15.0,19.0,1.0,0.5523242626666827,0.6896880780115299,68.0
2025-12-26 14:41:36.106,2,2025-12-26 14:41:36.078,41571.31501831501,129.91035943223443,8017.598290598291,146.0,10398539.19054155,22550239.40421555,0.0060170664484384,0.0130485913874114,3.1963655385399194,8017.598290598291,2817.7008547008545,2804.8534798534783,2564.4041514041514,2445.136752136752,2.845439847604634,2.0,5.0,3224.676602473735,4748.7092355939785,15.0,19.0,1.0,0.4486192828029763,0.7154811742517291,28.0
2025-12-26 14:41:36.560,2,2025-12-26 14:41:36.501,52067.38095238095,162.71056547619045,17370.59829059829,158.0,58172525.9459445,36584258.827276304,0.0214578624251698,0.0134946863674436,2.312811910617113,17370.59829059829,8449.258852258852,6842.015873015873,6403.4310134310135,2565.136752136752,2.0558724255385217,1.0,0.0,7627.091578442238,6048.49227719407,15.0,19.0,1.0,0.799549353548506,0.662172419813376,59.0
2025-12-26 14:41:37.003,2,2025-12-26 14:41:36.923,474932.42002442,1484.1638125763125,163310.0158730159,134.0,4520923613.986891,4446555041.044756,0.0200430373629962,0.0197133321493313,2.1472215016767566,163310.0158730159,76477.8192918193,69744.5982905983,44084.64102564102,34130.40293040293,2.1353905927922128,1.0,0.0,67237.81386977785,66682.49426232312,15.0,19.0,1.0,0.8164266347442432,0.9708874588498726,80.0
2025-12-26 14:41:37.417,2,2025-12-26 14:41:37.346,211834.1196581197,661.981623931624,58349.59829059829,156.0,886516073.622575,610986059.4072878,0.0197558076822765,0.0136156844137958,2.574831237927369,58349.59829059829,49387.01587301587,21684.40293040293,8824.234432234432,7679.404151404151,1.1814764925385626,2.0,4.0,29774.41978649752,24718.13219900096,15.0,19.0,1.0,0.688862851334637,0.8387891673066149,71.0
2025-12-26 14:41:37.806,2,2025-12-26 14:41:37.768,40415.89499389499,126.29967185592184,10882.598290598293,146.0,22885091.585020944,20070365.42315249,0.014010326417647,0.0122871420398367,2.8002180802390653,10882.598290598293,6530.4310134310135,6401.258852258852,1883.015873015873,1616.3724053724054,1.6664441088520177,2.0,3.0,4783.836492295796,4479.996140975179,15.0,19.0,1.0,0.675815206833886,0.5305742025722772,38.0
2025-12-26 14:41:38.217,2,2025-12-26 14:41:38.191,77327.26617826619,241.64770680708185,9293.246642246642,154.0,28879219.753633734,57672071.02155455,0.0048296998609453,0.0096449556383248,3.188247116128617,9293.246642246642,9027.015873015873,8787.404151404151,5747.689865689866,5608.853479853478,1.0294926665660988,1.0,0.0,5373.938942119991,7594.212995535123,15.0,19.0,1.0,0.4974210509852521,0.6645119672850337,26.0
2025-12-26 14:41:38.664,2,2025-12-26 14:41:38.613,220635.92796092795,689.4872748778998,77107.01587301587,154.0,893375295.2212892,749177976.9831816,0.0183519184806174,0.0153897843768599,2.520621609413574,77107.01587301587,29848.234432234432,18388.85347985348,17111.641025641027,14730.598290598293,2.583302407654035,1.0,0.0,29889.384323222337,27371.11574238766,15.0,19.0,1.0,0.7124240578314981,0.8974022227070588,51.0
2025-12-26 14:41:39.117,2,2025-12-26 14:41:39.036,42449.10622710623,132.65345695970694,9209.598290598293,154.0,10751747.412449049,24265586.43796164,0.0059668064704823,0.0134664675995302,3.191915442925362,9209.598290598293,4150.136752136752,3585.2466422466423,3314.402930402931,1962.540903540904,2.2191071862522094,1.0,0.0,3278.985729223146,4926.011209686965,15.0,19.0,1.0,0.5234957221486799,0.672380123487946,81.0
2025-12-26 14:41:39.500,2,2025-12-26 14:41:39.458,47730.10256410256,149.15657051282048,10944.540903540905,143.0,23556207.642550007,25367499.40270008,0.0103400023790603,0.011135069284282,2.9139752732212134,10944.540903540905,8418.246642246642,3997.076923076923,3253.948717948718,2588.168498168498,1.3000974393663938,1.0,0.0,4853.473770666738,5036.615868090406,15.0,18.0,0.9473684210526316,0.6118147692174385,0.3026489197475138,42.0
2025-12-26 14:41:39.888,2,2025-12-26 14:41:39.881,66689.3601953602,208.40425061050064,11120.246642246642,146.0,29111496.856364988,54560996.07544403,0.0065456297311289,0.0122678706572023,3.0026601891568467,11120.246642246642,8098.404151404151,6988.819291819293,5640.372405372405,3832.5982905982905,1.373140489699711,1.0,0.0,5395.507099093188,7386.541550376876,15.0,19.0,1.0,0.535024487818113,0.5424759256858013,7.0
2025-12-26 14:41:40.325,2,2025-12-26 14:41:40.303,89922.23565323566,281.0069864163614,19768.59829059829,151.0,120049355.02118038,82103377.84493946,0.0148465532212398,0.0101537585820714,3.00248057306505,19768.59829059829,9787.431013431013,9756.196581196582,5640.246642246642,4483.282051282052,2.019794393796328,2.0,3.0,10956.703656719952,9061.091426806124,15.0,19.0,1.0,0.5497611821996018,0.3802334512043608,22.0
2025-12-26 14:41:40.777,2,2025-12-26 14:41:40.726,106962.9426129426,334.25919566544565,27305.24664224664,99.0,144595538.91638958,129980493.95651336,0.0126382869006197,0.0113608676064105,2.745124250247655,27305.24664224664,13576.540903540905,13330.162393162393,12537.168498168498,5725.819291819293,2.0112079237446365,2.0,4.0,12024.788518572355,11400.898822308412,15.0,19.0,1.0,0.6775705301152357,0.3133824947076343,51.0
2025-12-26 14:41:41.225,2,2025-12-26 14:41:41.148,432285.7997557998,1350.8931242368744,98678.01587301587,130.0,2155016725.9167604,2291904284.839877,0.0115321081376941,0.0122646324439891,2.6085798885688765,98678.01587301587,65089.16239316239,59224.819291819294,37898.24664224664,32169.59829059829,1.5160437197972063,1.0,0.0,46422.15770423388,47873.8371643623,15.0,19.0,1.0,0.6779307639908427,0.6813903584960948,77.0
2025-12-26 14:41:41.621,2,2025-12-26 14:41:41.571,75887.66056166057,237.14893925518928,17880.162393162394,133.0,78403530.09097429,96537579.57106438,0.0136142364022235,0.0167630899840087,2.475314330492563,17880.162393162394,13206.136752136752,8836.598290598291,7329.246642246642,6662.0,1.3539283083879947,1.0,0.0,8854.576787795919,9825.3539158172,15.0,19.0,1.0,0.7104467798732155,0.5855560804694298,50.0
2025-12-26 14:41:42.041,2,2025-12-26 14:41:41.993,68836.63247863247,215.11447649572648,15314.168498168498,145.0,50033126.95703535,45213726.94752512,0.010558893599946,0.0095418168148053,3.028351414895877,15314.168498168498,8746.598290598291,5197.015873015873,5104.1623931623935,4090.540903540904,1.7508713661433302,2.0,4.0,7073.409853602105,6724.115328243941,15.0,19.0,1.0,0.5586049836244009,0.4461113022246054,48.0
2025-12-26 14:41:42.485,2,2025-12-26 14:41:42.416,57497.26739926741,179.67896062271066,24850.162393162394,153.0,68184438.21465185,66590454.99280145,0.0206248527491056,0.0201426947949444,2.314676509192463,24850.162393162394,7054.4310134310135,4570.168498168498,3746.2466422466414,3573.136752136752,3.5226317113097223,1.0,0.0,8257.38688779034,8160.297481881494,15.0,19.0,1.0,0.7616735069343927,0.219956113219328,69.0
2025-12-26 14:41:42.938,2,2025-12-26 14:41:42.838,117677.51037851036,367.7422199328449,38567.64102564102,152.0,302141553.6386742,249195864.6383448,0.0218184309011004,0.0179950843833741,2.18918600254204,38567.64102564102,23562.01587301588,14052.598290598293,11717.136752136752,8087.442002442002,1.636856592979743,1.0,0.0,17382.21946814256,15785.938826637608,15.0,19.0,1.0,0.815676960152292,0.9486051991535198,100.0
2025-12-26 14:41:43.381,2,2025-12-26 14:41:43.472,96873.99145299144,302.7312232905983,33196.64102564102,152.0,164828488.13242924,172870437.01791972,0.01756377588614,0.0184207089898342,2.305447548069348,33196.64102564102,20697.3833943834,9097.136752136752,7568.372405372405,4442.442002442002,1.603905208358266,2.0,4.0,12838.554752480097,13148.020269908307,15.0,19.0,1.0,0.7742220017471856,0.9337210067799548,91.0
2025-12-26 14:41:43.800,2,2025-12-26 14:41:43.894,36013.61416361416,112.54254426129424,8214.383394383394,147.0,10751537.610948583,17064665.07219345,0.008289668501126,0.0131572265893554,2.9100724722148748,8214.383394383394,4211.641025641025,3622.136752136752,3341.5982905982905,2087.924297924298,1.950399700347488,1.0,0.0,3278.9537372382347,4130.939974411811,15.0,19.0,1.0,0.5963767941508863,0.8651133152399393,94.0
2025-12-26 14:41:44.209,2,2025-12-26 14:41:44.105,19654.545787545787,61.420455586080585,3225.3833943833943,148.0,3006692.0604469143,2918046.726069982,0.0077832848902673,0.0075538128067357,3.432627947414543,3225.3833943833943,2710.4420024420024,963.3724053724054,951.6410256410256,789.0769230769231,1.189984287240332,1.0,0.0,1733.981562891288,1708.2291198987275,15.0,19.0,1.0,0.4395886755312372,0.846918504997729,104.0
2025-12-26 14:41:44.650,2,2025-12-26 14:41:44.739,37986.968253968254,118.7092757936508,4190.372405372405,141.0,7995006.587186507,20380081.91512584,0.0055405076422341,0.0141233153930206,3.175975574039929,4190.372405372405,3864.076923076923,3144.136752136752,3113.015873015873,3087.6898656898657,1.0844433195275451,1.0,0.0,2827.544267944625,4514.430408714464,15.0,19.0,1.0,0.4580331787197513,0.8494451875999794,89.0
2025-12-26 14:41:45.087,2,2025-12-26 14:41:45.162,56270.783882783886,175.84619963369963,6959.4310134310135,146.0,20669079.643685773,37805130.905654535,0.0065276251707583,0.0119394636015616,3.263845115194819,6959.4310134310135,6104.1623931623935,5917.0,3912.136752136752,3200.402930402931,1.140112363528453,1.0,0.0,4546.32595000466,6148.58771635036,15.0,19.0,1.0,0.4637065860586998,0.4789168335945334,75.0
2025-12-26 14:41:45.485,2,2025-12-26 14:41:45.584,86197.894993895,269.36842185592184,27755.43101343101,106.0,139445824.47524422,80658793.20527396,0.0187677493211165,0.0108557141608001,2.796001915561523,27755.43101343101,12984.598290598293,6039.196581196581,5586.1623931623935,4198.136752136752,2.137565629082699,1.0,0.0,11808.718155466504,8981.024062169858,14.0,19.0,1.0,0.6562054100570611,0.4748641128438869,99.0
2025-12-26 14:41:45.908,2,2025-12-26 14:41:46.006,81149.2271062271,253.59133470695969,13244.196581196582,133.0,68549549.6046005,47181979.23137472,0.0104096428672772,0.0071648545672857,3.182192839105518,13244.196581196582,10231.431013431013,6473.764346764347,6470.282051282052,5719.853479853478,1.2944617975539645,1.0,0.0,8279.465538584027,6868.913977578604,15.0,19.0,1.0,0.519284397094317,0.3286050569913536,98.0
2025-12-26 14:41:46.315,2,2025-12-26 14:41:46.218,66667.68742368743,208.3365231990232,13762.431013431013,130.0,34744313.88363282,46451323.28949739,0.0078172312371744,0.0104512276927651,3.163229238521781,13762.431013431013,8823.196581196582,6626.689865689866,4613.764346764347,3586.162393162393,1.5598010184607063,2.0,5.0,5894.43075144944,6815.520764365508,15.0,19.0,1.0,0.5611750706527558,0.3682177686803128,97.0
2025-12-26 14:41:46.775,2,2025-12-26 14:41:46.851,53352.19902319904,166.725621947497,13794.598290598293,133.0,31372194.432500508,50822098.85702799,0.0110214884267552,0.0178545104832023,2.6852744888079427,13794.598290598293,10760.402930402932,4311.819291819293,3775.4310134310135,2810.924297924298,1.2819778571322011,2.0,3.0,5601.088682791989,7128.961976124434,15.0,19.0,1.0,0.664511987758164,0.8745102093121613,76.0
2025-12-26 14:41:47.212,2,2025-12-26 14:41:47.274,75257.64835164834,235.18015109890104,21834.40293040293,149.0,106700712.84819238,104705684.53419042,0.0188393551857729,0.0184871078013845,2.217616340395616,21834.40293040293,17976.59829059829,14293.819291819293,4931.015873015873,3584.8534798534783,1.214601482296072,1.0,0.0,10329.60371205945,10232.579564029318,15.0,19.0,1.0,0.8320840637098844,0.9166427439645796,62.0
2025-12-26 14:41:47.598,2,2025-12-26 14:41:47.696,60878.93894993895,190.2466842185592,16993.076923076922,146.0,41093463.27874362,46484443.88304783,0.0110876266885137,0.0125421933192231,2.8313780844796623,16993.076923076922,7595.689865689866,7503.106227106227,3420.948717948718,2648.4847374847377,2.237199941486989,1.0,0.0,6410.41833882498,6817.950123244364,15.0,19.0,1.0,0.6268392177906728,0.8572745233434272,98.0
2025-12-26 14:41:48.018,2,2025-12-26 14:41:48.119,13623.673992673994,42.57398122710623,3329.8534798534783,147.0,1300612.9455713765,1941219.18152106,0.007007443215074,0.010458901880717,3.33461302966118,3329.8534798534783,1063.8192918192926,794.4029304029309,691.5750915750916,663.4420024420025,3.130093151587609,1.0,0.0,1140.4441878370797,1393.276419638637,15.0,19.0,1.0,0.4802737352355028,0.8766706378834807,101.0
2025-12-26 14:41:48.444,2,2025-12-26 14:41:48.541,47811.21245421245,149.41003891941392,8349.076923076924,145.0,15155820.86433412,31968522.660306912,0.0066300980192516,0.0139850187374073,2.90147550713679,8349.076923076924,8183.853479853478,5749.598290598291,2955.8571428571427,2537.670329670329,1.0201889542168812,1.0,0.0,3893.047760345886,5654.071334914949,15.0,19.0,1.0,0.5809527669405161,0.827595168962117,97.0
2025-12-26 14:41:48.900,2,2025-12-26 14:41:48.964,55210.789987789976,172.53371871184368,13847.819291819293,137.0,37986847.3723906,50862708.60331538,0.0124619306235468,0.0166859739563669,2.5418236448539115,13847.819291819293,8332.853479853478,6589.402930402931,5809.598290598291,5574.015873015873,1.6618340074378848,1.0,0.0,6163.347091669477,7131.8096303333405,15.0,19.0,1.0,0.7272797559058518,0.8524416258195735,64.0
2025-12-26 14:41:49.356,2,2025-12-26 14:41:49.386,59219.770451770455,185.06178266178267,11322.015873015873,140.0,30111337.192538776,37668279.35980781,0.0085861130611165,0.0107409413050301,3.0281235398264474,11322.015873015873,6973.598290598291,6583.641025641025,4429.136752136752,4062.404151404152,1.6235543547551965,2.0,5.0,5487.379811215803,6137.4489293034285,15.0,19.0,1.0,0.5635076907292852,0.8055761622360084,30.0
2025-12-26 14:41:49.783,2,2025-12-26 14:41:49.809,97961.97802197802,306.13118131868134,18669.59829059829,146.0,77112221.05479886,92285712.73987068,0.0080354114740708,0.0096165518889124,3.1604095147548774,18669.59829059829,8376.168498168498,8339.015873015873,8276.076923076924,5971.4310134310135,2.228894785805501,2.0,4.0,8781.356447314894,9606.545307230414,15.0,19.0,1.0,0.5066485140505733,0.6442142960950371,26.0
2025-12-26 14:41:50.208,2,2025-12-26 14:41:50.231,55667.97191697192,173.96241224053725,11822.431013431013,154.0,27034438.16317281,49309758.556911245,0.0087238170531887,0.0159119013308511,2.9579632121750565,11822.431013431013,7104.598290598291,7078.076923076923,5370.402930402931,3108.6898656898657,1.664053410180037,2.0,4.0,5199.465180494319,7022.090753964324,15.0,19.0,1.0,0.6194621042532528,0.6002917744311955,23.0
2025-12-26 14:41:50.670,2,2025-12-26 14:41:50.654,131098.86324786325,409.68394764957264,23808.59829059829,154.0,102532984.5330029,290901424.5325331,0.0059657595769282,0.0169257528906555,3.107711791168441,23808.59829059829,13813.136752136752,8567.431013431013,8070.372405372405,7645.246642246642,1.7236199653864728,1.0,0.0,10125.857224600932,17055.832566384237,15.0,19.0,1.0,0.472199251543042,0.6239583155695938,16.0
2025-12-26 14:41:51.123,2,2025-12-26 14:41:51.076,171952.03663003663,537.3501144688645,37384.43101343101,158.0,309290027.72084296,498150181.2093698,0.0104604717129529,0.0168478948957455,2.8083768873071526,37384.43101343101,28964.25885225885,17200.196581196582,10015.764346764348,8672.246642246642,1.2907090495261957,1.0,0.0,17586.64344668541,22319.278241228363,15.0,19.0,1.0,0.5945663653630613,0.1862570317511506,47.0
2025-12-26 14:41:51.551,2,2025-12-26 14:41:51.499,151812.17216117217,474.413038003663,30358.43101343101,92.0,226314101.536336,382593325.178831,0.0098197046802324,0.0166006158713935,2.7888150443382047,30358.43101343101,29047.25885225885,14159.764346764348,13308.196581196582,10185.246642246642,1.045139273479816,1.0,0.0,15043.73961275374,19559.99297491773,15.0,18.0,0.9473684210526316,0.6393354106866591,0.2072204544190891,52.0
2025-12-26 14:41:51.974,2,2025-12-26 14:41:51.921,64940.84004884005,202.9401251526252,7797.1623931623935,151.0,19342181.1452206,41585191.4779047,0.004586375849379,0.0098605899952081,3.291110764025997,7797.1623931623935,7359.853479853478,6358.4310134310135,5482.924297924298,4044.6898656898657,1.059418154791386,0.0,0.0,4397.974664003944,6448.658114515352,15.0,19.0,1.0,0.4780206265689514,0.6178908621781488,53.0
2025-12-26 14:41:52.417,2,2025-12-26 14:41:52.344,60760.4481074481,189.8764003357753,9877.819291819293,125.0,24257801.35986104,38831191.43552447,0.0065706676261575,0.0105181359458534,3.325133888606821,9877.819291819293,8297.402930402932,5793.598290598291,4362.015873015873,3114.162393162393,1.1904712082408686,1.0,0.0,4925.220945283678,6231.467839564325,15.0,19.0,1.0,0.5175241420766232,0.8023177631438546,73.0
2025-12-26 14:41:52.863,2,2025-12-26 14:41:52.766,128388.81196581195,401.2150373931624,29413.07692307692,154.0,138680707.79130727,314090755.6940233,0.008413209221436,0.0190546420209315,2.774450653060329,29413.07692307692,13889.402930402932,10892.689865689868,10285.598290598293,9351.924297924295,2.1176631616533808,2.0,4.0,11776.277331623403,17722.605781713457,15.0,19.0,1.0,0.5750710764996585,0.8536387347586515,97.0
2025-12-26 14:41:53.318,2,2025-12-26 14:41:53.400,125788.5811965812,393.08931623931625,23250.01587301588,159.0,103876019.53883184,278981982.671175,0.0065649717582299,0.0176316809733606,2.987681818045555,23250.01587301588,18479.9242979243,14692.819291819293,12076.383394383394,5463.689865689866,1.258122895861976,2.0,3.0,10191.95857226823,16702.753745151575,15.0,19.0,1.0,0.5879932186153187,0.921400278126222,82.0
2025-12-26 14:41:53.751,2,2025-12-26 14:41:53.822,181334.43956043955,566.6701236263737,61806.01587301587,154.0,591633076.8734574,654970807.8346845,0.0179925143464687,0.0199187167133395,2.334196766814632,61806.01587301587,40844.819291819294,16056.234432234432,11554.598290598293,10932.402930402932,1.5131910715881989,2.0,5.0,24323.508728665307,25592.39746164248,15.0,19.0,1.0,0.7786390227930721,0.9702113363804168,71.0
2025-12-26 14:41:54.175,2,2025-12-26 14:41:54.245,216594.10134310136,676.8565666971917,77885.01587301587,125.0,762843187.4504448,975801421.101876,0.0162608042638308,0.0208002328262731,2.378219923054404,77885.01587301587,43677.819291819294,14794.598290598293,12900.234432234432,11686.641025641024,1.7831708893855351,2.0,4.0,27619.61599027845,31237.82036413354,15.0,19.0,1.0,0.7430687535592684,0.9493100673238116,70.0
2025-12-26 14:41:54.655,2,2025-12-26 14:41:54.667,135396.4065934066,423.11377060439565,31570.59829059829,152.0,252084213.78459537,359589252.9928587,0.0137509078925808,0.0196151858255271,2.529604178024566,31570.59829059829,30046.01587301588,11871.641025641024,10398.136752136752,9983.0,1.0507415833109035,2.0,5.0,15877.160129714488,18962.838737722228,15.0,19.0,1.0,0.6932930814277785,0.973260021897256,12.0
2025-12-26 14:41:55.112,2,2025-12-26 14:41:55.090,92898.55677655675,290.3079899267399,28857.59829059829,156.0,145961464.69369996,149853922.04354703,0.0169129855813386,0.0173640160993735,2.554679032624606,28857.59829059829,17602.431013431014,10000.402930402932,6936.136752136752,4480.1623931623935,1.639409821778464,2.0,5.0,12081.451266040018,12241.483653689493,15.0,19.0,1.0,0.730654315147117,0.6504775424420106,22.0
2025-12-26 14:41:55.543,2,2025-12-26 14:41:55.512,104555.29426129429,326.7352945665446,35529.59829059829,150.0,165263441.41462824,205724536.60425264,0.0151176656103278,0.0188188913748921,2.466831011407044,35529.59829059829,17601.136752136754,9944.431013431013,6925.246642246642,6084.1623931623935,2.0185967980893635,1.0,0.0,12855.482931987744,14343.100662139015,15.0,19.0,1.0,0.7276970107456376,0.6768955968709598,31.0
2025-12-26 14:41:55.997,2,2025-12-26 14:41:55.934,72534.44688644688,226.6701465201465,18053.24664224664,145.0,55568542.08198226,57927459.60586281,0.0105618597265955,0.011010216927637,2.92482929958037,18053.24664224664,8732.404151404151,8320.540903540903,5125.598290598291,4217.168498168498,2.067385605296527,1.0,0.0,7454.4310367715025,7611.009105622119,15.0,19.0,1.0,0.6127979242130706,0.290563557255231,63.0
2025-12-26 14:41:56.458,2,2025-12-26 14:41:56.357,57817.32112332112,180.6791285103785,7216.540903540904,146.0,30250185.750545613,24157021.239722803,0.0090492401743869,0.0072264907362453,3.334038990003413,7216.540903540904,6543.0,5942.700854700855,4204.853479853478,3712.035409035409,1.1029406852422132,1.0,0.0,5500.016886387315,4914.979271545589,15.0,19.0,1.0,0.4776964776389433,0.486239637428188,101.0
2025-12-26 14:41:56.928,2,2025-12-26 14:41:56.991,88588.28815628815,276.83840048840045,14874.540903540905,134.0,69997914.09155515,107679403.97819062,0.008919335067874,0.0137208186337415,2.7745566039698275,14874.540903540905,13533.168498168498,12633.168498168498,9937.598290598293,5588.404151404151,1.099117394832765,1.0,0.0,8366.475607539602,10376.868698128092,15.0,19.0,1.0,0.6385367808675111,0.1954098122596107,63.0
2025-12-26 14:41:57.359,2,2025-12-26 14:41:57.413,50236.52747252748,156.98914835164837,10206.582417582418,136.0,25799970.702615306,16617412.39980256,0.0102230383321606,0.0065845208082846,3.372821380578343,10206.582417582418,3862.946275946276,3832.5982905982905,3469.136752136752,2281.035409035409,2.6421756059963712,1.0,0.0,5079.367155720809,4076.4460501523336,15.0,18.0,0.9473684210526316,0.4708187515196636,0.4119787089722198,54.0
2025-12-26 14:41:57.756,2,2025-12-26 14:41:57.836,197781.61904761905,618.0675595238095,62774.168498168496,133.0,677498912.8034762,593950060.3150254,0.0173195557140615,0.0151837161161323,2.521489450330068,62774.168498168496,38024.19658119658,16018.582417582418,13507.28205128205,11584.162393162393,1.650900588106296,1.0,0.0,26028.8092851647,24371.09066732602,15.0,19.0,1.0,0.717500405875556,0.1507692658346064,80.0
2025-12-26 14:41:58.142,2,2025-12-26 14:41:58.047,89196.17582417582,278.73804945054945,22469.1684981685,159.0,99294001.6423328,76542031.83152844,0.0124804585905742,0.0096207187031581,2.993574291096942,22469.1684981685,9833.196581196582,8647.582417582418,5081.282051282052,4749.402930402931,2.2850319641867656,2.0,5.0,9964.637556997886,8748.830312191936,15.0,19.0,1.0,0.5693140093666245,0.2978693381785582,95.0
2025-12-26 14:41:58.607,2,2025-12-26 14:41:58.681,298669.20634920633,933.3412698412698,79736.19658119658,125.0,2243870803.1699867,1052834168.532246,0.0251545731316985,0.0118026376788187,2.486646596729769,79736.19658119658,59830.43101343101,31839.1684981685,27668.162393162394,22842.01587301588,1.332703028050988,1.0,0.0,47369.51343606969,32447.40619113099,15.0,19.0,1.0,0.7430159174143577,0.1628149992837575,74.0
2025-12-26 14:41:59.059,2,2025-12-26 14:41:59.103,806914.374847375,2521.607421398047,291202.2148962149,120.0,15980145077.282455,13251632136.995552,0.0245428963437701,0.0203523455107057,1.895565162876432,291202.2148962149,187370.7643467644,128885.28205128205,92265.19658119658,37579.35775335776,1.5541496877137655,1.0,0.0,126412.59857024717,115115.7336639764,14.0,19.0,1.0,0.9137311697641683,0.033725162829657,44.0
2025-12-26 14:41:59.465,2,2025-12-26 14:41:59.525,1915465.203907204,5985.828762210012,877010.7643467643,125.0,91674836723.50484,79946609046.43504,0.0249862804945046,0.021789713182075,1.9361589820760103,877010.7643467643,323090.99023199023,179909.2148962149,139451.25885225885,80787.19658119658,2.71443893782689,1.0,0.0,302778.527513932,282748.3139586071,15.0,19.0,1.0,0.8354364368740312,0.0725948330438129,60.0
2025-12-26 14:41:59.851,2,2025-12-26 14:41:59.948,1344608.9169719173,4201.902865537241,357437.4029304029,105.0,39398921417.217575,26052886449.78436,0.0217917625844406,0.0144099964093175,2.3548291722946177,357437.4029304029,234101.8192918193,190890.0,131500.25885225885,122361.85347985348,1.526845899838302,1.0,0.0,198491.6154834193,161409.06557496812,15.0,17.0,0.8947368421052632,0.7707009238701763,0.7971479645606476,97.0
2025-12-26 14:42:00.243,2,2025-12-26 14:42:00.159,98669.18315018316,308.3411973443223,12388.258852258852,112.0,51882952.66892404,62970365.72709896,0.0053291950794341,0.0064680467459983,3.4899881950357727,12388.258852258852,8712.819291819293,6634.0,6588.076923076923,6042.442002442002,1.4218427396846287,2.0,4.0,7202.982206622757,7935.386929891885,14.0,18.0,0.9473684210526316,0.409100347047129,0.8000832841841234,84.0
2025-12-26 14:42:00.701,2,2025-12-26 14:42:00.793,218355.37851037848,682.3605578449327,70710.70085470086,101.0,814185597.9380044,931934907.182166,0.017076372826103,0.0195459953664203,2.347627612457364,70710.70085470086,67041.25885225885,14918.990231990232,12766.764346764348,6148.402930402931,1.0547340856252032,1.0,0.0,28533.9376521714,30527.608933261807,15.0,19.0,1.0,0.7858112696223827,0.2180397857655556,92.0
2025-12-26 14:42:01.142,2,2025-12-26 14:42:01.215,29620.57997557997,92.56431242368744,2349.7008547008545,108.0,4309609.555342171,4143997.987988848,0.0049119146270704,0.0047231574160868,3.935431463471499,2349.7008547008545,2234.106227106227,1471.2588522588524,1315.4420024420024,1160.8534798534783,1.0517408824124277,2.0,6.0,2075.959911785912,2035.6812098137684,15.0,19.0,1.0,0.2880214169808497,0.7089103107246871,73.0
2025-12-26 14:42:01.555,2,2025-12-26 14:42:01.638,78311.4761904762,244.7233630952381,21120.442002442003,124.0,73198732.83433107,66169548.60608809,0.0119358332189792,0.0107896498444162,2.988753854230866,21120.442002442003,8216.796092796092,5983.106227106227,5169.383394383394,4708.853479853478,2.5703987008946645,1.0,0.0,8555.625800274991,8134.466706926035,15.0,19.0,1.0,0.5771642088146133,0.9312972200379572,83.0
2025-12-26 14:42:01.938,2,2025-12-26 14:42:01.849,48581.907203907205,151.81846001221,5714.106227106227,123.0,15079160.590794798,19152233.3638579,0.006388928769281,0.0081146595659332,3.275930352569248,5714.106227106227,5274.924297924298,4917.076923076923,4035.6898656898657,3576.3833943833943,1.0832584326098604,1.0,0.0,3883.1894868516006,4376.326469067167,15.0,19.0,1.0,0.4840934014687832,0.8128736027838172,89.0
2025-12-26 14:42:02.357,2,2025-12-26 14:42:02.272,18750.777777777777,58.59618055555556,2489.106227106227,142.0,1343218.9890383775,3392943.1769603887,0.0038203948331932,0.009650237741098,3.688854366760476,2489.106227106227,1772.3345543345542,1396.163614163614,888.4420024420025,846.6898656898657,1.4044223315610913,1.0,0.0,1158.9732477664777,1841.994347700445,15.0,19.0,1.0,0.3942629127895307,0.8665009386341965,85.0
2025-12-26 14:42:02.818,2,2025-12-26 14:42:02.905,25624.336996337,80.07605311355312,3986.6703296703295,154.0,4596306.278188784,8336787.289425204,0.0070000910022398,0.0126967756629328,3.2029577015740127,3986.6703296703295,3077.924297924298,2596.8534798534783,2346.6898656898657,1644.4847374847377,1.2952463880796483,1.0,0.0,2143.899782683133,2887.34952671567,15.0,19.0,1.0,0.532799061789338,0.866031662893701,87.0
2025-12-26 14:42:03.260,2,2025-12-26 14:42:03.328,16587.01098901099,51.83440934065934,1557.4700854700857,111.0,1354124.5039810892,1063192.1690187566,0.0049217815317011,0.0038643415481675,3.865003752704367,1557.4700854700857,999.6898656898657,945.7228327228328,877.6703296703297,820.2222222222222,1.55795326022811,1.0,0.0,1163.6685541773006,1031.112103031846,15.0,19.0,1.0,0.3135450587945333,0.6674165509855419,68.0
2025-12-26 14:42:03.661,2,2025-12-26 14:42:03.750,6844.700854700855,21.38969017094017,894.6898656898657,146.0,224621.341667687,271554.15673697484,0.0047944861960908,0.0057962553615794,3.521661212377121,894.6898656898657,860.3345543345542,670.0769230769231,587.4041514041514,460.948717948718,1.0399325020495596,2.0,6.0,473.9423400242766,521.108584401538,15.0,19.0,1.0,0.507466182407107,0.5833535207221655,89.0
2025-12-26 14:42:04.053,2,2025-12-26 14:42:03.961,10977.263736263736,34.30394917582417,3066.6898656898657,141.0,1327441.4319779547,1001924.0487699008,0.0110160822934015,0.0083147003755496,2.987273771352716,3066.6898656898657,1084.4847374847377,1038.076923076923,752.6703296703297,636.4041514041514,2.827785177318088,1.0,0.0,1152.1464455432542,1000.9615620841296,15.0,19.0,1.0,0.5992682844627029,0.6835134536596776,92.0
2025-12-26 14:42:04.485,2,2025-12-26 14:42:04.384,13242.880341880344,41.38400106837607,2015.404151404152,141.0,1138579.1364508874,1744691.856404811,0.0064922959911586,0.0099484134062496,3.330248921802569,2015.404151404152,1785.948717948718,1348.1684981684982,1072.4786324786326,670.5409035409035,1.1284781758559397,1.0,0.0,1067.0422374259078,1320.86784214198,15.0,19.0,1.0,0.5204714326189946,0.246611928412871,101.0
2025-12-26 14:42:04.931,2,2025-12-26 14:42:05.018,25543.229548229545,79.82259233821733,5716.853479853478,156.0,7896935.455025611,5839778.329810599,0.012103388560234,0.0089504475038289,3.4335303914862214,5716.853479853478,1519.0,1455.4041514041514,1310.7008547008545,1262.924297924298,3.763563844535691,1.0,0.0,2810.1486535458603,2416.563330395171,15.0,19.0,1.0,0.4410124711369214,0.6867807000079321,87.0
2025-12-26 14:42:05.349,2,2025-12-26 14:42:05.440,30219.885225885228,94.43714133089134,5353.076923076923,152.0,8776105.55721428,14013230.152259609,0.0096098413312871,0.0153444961918586,2.7071354463196284,5353.076923076923,5052.689865689866,4574.404151404151,3025.948717948718,1930.2466422466423,1.059450919286728,1.0,0.0,2962.449249728049,3743.4249227491673,15.0,19.0,1.0,0.6597101925221374,0.5509051968546513,91.0
2025-12-26 14:42:05.737,1,2025-12-26 14:42:05.651,12088.990231990234,37.77809447496948,4949.0,136.0,2064235.7948451864,2486113.6413824414,0.0141247006140427,0.0170114339479557,2.70258293796773,4949.0,699.3724053724054,668.4041514041514,533.2466422466423,523.4847374847375,7.076344393882191,1.0,0.0,1436.7448607338697,1576.7414630758085,15.0,19.0,1.0,0.6099358006755053,0.8296944828051518,86.0
2025-12-26 14:42:06.146,1,2025-12-26 14:42:06.074,38408.95848595849,120.02799526862027,6449.076923076923,146.0,11282192.103876036,21979196.28699332,0.0076476574789282,0.0148986441036851,3.083483126353705,6449.076923076923,5754.689865689866,2874.8571428571427,2696.670329670329,2453.7228327228327,1.1206645490186975,1.0,0.0,3358.8974536112346,4688.197552044209,15.0,19.0,1.0,0.5266744502174375,0.8049302765873023,72.0
2025-12-26 14:42:06.583,1,2025-12-26 14:42:06.496,23927.19536019536,74.7724855006105,4365.076923076923,147.0,4573067.938417469,6918096.439200886,0.0079877426146016,0.0120837858705531,3.058276046844,4365.076923076923,2967.6898656898657,2619.8571428571427,2489.7008547008545,1292.948717948718,1.470866943861316,1.0,0.0,2138.473272785393,2630.2274500888484,15.0,19.0,1.0,0.5740444417954041,0.562078860205383,87.0
2025-12-26 14:42:07.009,1,2025-12-26 14:42:06.919,22827.271062271066,71.33522206959707,6376.853479853478,135.0,9703296.071603645,5662813.446089424,0.0186213554972137,0.0108673652247535,2.781224437017112,6376.853479853478,4283.700854700855,1598.6898656898657,1461.076923076923,1016.2588522588524,1.4886318387181838,1.0,0.0,3115.0114079411724,2379.666667012299,15.0,19.0,1.0,0.6455690623456066,0.6157375009594267,90.0
2025-12-26 14:42:07.439,1,2025-12-26 14:42:07.341,21087.809523809523,65.89940476190476,3066.7008547008545,146.0,5244575.335806174,3366431.604846674,0.0117936269944267,0.0075701913134418,3.1510703901923383,3066.7008547008545,3039.8571428571427,2054.990231990232,1668.4041514041514,1272.076923076923,1.008830583340332,1.0,0.0,2290.103782758802,1834.783803298545,15.0,19.0,1.0,0.5264666911702639,0.513419786188502,98.0
2025-12-26 14:42:07.834,1,2025-12-26 14:42:07.764,40717.76556776557,127.24301739926742,7295.853479853478,137.0,12962329.529785734,14396447.04812541,0.0078183513391085,0.0086833528493837,3.412766328985459,7295.853479853478,3969.0,3260.168498168498,2173.670329670329,1885.8192918192929,1.838209493537828,1.0,0.0,3600.32353126573,3794.265020807773,15.0,19.0,1.0,0.4564226779237529,0.6940018322020591,70.0
2025-12-26 14:42:08.229,1,2025-12-26 14:42:08.186,11768.71794871795,36.77724358974359,1372.076923076923,138.0,962131.5753922596,636816.8954794628,0.0069466618447044,0.004597865555017,3.655440249330221,1372.076923076923,957.6703296703296,638.0,634.4358974358975,582.1062271062272,1.4327236425376328,1.0,0.0,980.883058979132,798.0080798334455,15.0,19.0,1.0,0.3555433476715147,0.7046359525987669,43.0
2025-12-26 14:42:08.680,1,2025-12-26 14:42:08.609,26722.98534798535,83.50932921245422,3777.8534798534783,151.0,5257040.332388365,7345059.330120695,0.0073615855231014,0.0102854988762036,3.1865164648862803,3777.8534798534783,3241.948717948718,2700.4041514041514,2662.076923076923,2095.0,1.1653032816147315,1.0,0.0,2292.823659243852,2710.176992397488,15.0,19.0,1.0,0.5417539651262869,0.6578930258325518,71.0
2025-12-26 14:42:09.144,1,2025-12-26 14:42:09.242,22178.490842490843,69.30778388278388,6468.853479853478,139.0,4409743.279630523,5758409.69804887,0.0089649800078208,0.0117068102486399,3.288420863376402,6468.853479853478,1499.133089133089,1208.8192918192926,971.6898656898657,864.8107448107448,4.315062836475672,1.0,0.0,2099.938875212925,2399.6686642219734,15.0,19.0,1.0,0.496576009139722,0.7523376222129978,98.0
2025-12-26 14:42:09.537,1,2025-12-26 14:42:09.454,14922.609279609278,46.633153998778994,2416.8534798534783,132.0,1322715.8937235964,1230807.0236159042,0.0059398713133826,0.0055271395517181,3.7181156212040807,2416.8534798534783,985.948717948718,941.8192918192926,750.5750915750916,643.8315018315018,2.451297350311819,1.0,0.0,1150.0938630057967,1109.4174253255194,15.0,19.0,1.0,0.3845860985497814,0.5886490306478691,83.0
2025-12-26 14:42:09.939,1,2025-12-26 14:42:09.876,10417.688644688646,32.55527701465202,979.5750915750916,156.0,472825.4239540926,434214.9088817441,0.004356704193685,0.0040009394982731,3.667409918429591,979.5750915750916,951.1062271062272,873.3833943833944,810.4420024420025,544.4358974358975,1.0299323710185897,1.0,0.0,687.6230245956665,658.9498530857595,15.0,19.0,1.0,0.3992193234784962,0.7760733100822068,63.0
2025-12-26 14:42:10.350,1,2025-12-26 14:42:10.298,31293.761904761912,97.79300595238098,5105.924297924298,158.0,6085669.32125395,11690964.265562024,0.0062143084000583,0.0119380882537492,3.0801358051387,5105.924297924298,3701.0,3513.3833943833943,2487.106227106227,2069.7228327228327,1.3796066733107049,1.0,0.0,2466.9149400119068,3419.2052096301595,15.0,19.0,1.0,0.5393131322306141,0.929970751386522,52.0
2025-12-26 14:42:10.820,1,2025-12-26 14:42:10.721,43780.47008547009,136.81396901709405,13508.853479853478,138.0,32585904.78715224,27969134.01325477,0.0170007837578137,0.0145921128278792,2.876889193436264,13508.853479853478,4381.0,3307.8192918192926,3141.924297924298,2729.7008547008545,3.083509125736223,1.0,0.0,5708.406501568738,5288.585256309552,15.0,19.0,1.0,0.6182961916912147,0.8208259909267959,99.0
2025-12-26 14:42:11.258,1,2025-12-26 14:42:11.355,18806.09035409036,58.76903235653235,2555.6898656898657,155.0,2115102.482691767,1865909.140329626,0.0059804570853727,0.0052758623424925,3.56869884430334,2555.6898656898657,1677.076923076923,1334.924297924298,1174.5750915750916,1140.857142857143,1.523895434086251,1.0,0.0,1454.3391910733092,1365.9828477435674,15.0,19.0,1.0,0.4191792750484319,0.6043886102415779,97.0
2025-12-26 14:42:11.638,1,2025-12-26 14:42:11.566,22874.330891330894,71.48228403540904,4254.076923076923,158.0,3392929.3406040347,5773051.290848494,0.0064845227318443,0.0110333810609052,3.2570682334701244,4254.076923076923,2487.6898656898657,1852.4786324786328,1809.722832722833,1568.4700854700857,1.71005115297823,1.0,0.0,1841.990591888036,2402.7174804476062,15.0,19.0,1.0,0.5234005924070649,0.6289891410182356,72.0
2025-12-26 14:42:12.051,1,2025-12-26 14:42:11.988,9857.527472527472,30.80477335164835,837.7228327228327,140.0,509983.3200652353,767532.7850146141,0.0052483160457634,0.0078987968287401,3.543298528222024,837.7228327228327,819.8571428571429,757.0769230769231,753.9487179487179,677.4700854700855,1.0217912230445505,1.0,0.0,714.1311644685696,876.089484593106,15.0,19.0,1.0,0.3901663690813105,0.5092561110274506,63.0
2025-12-26 14:42:12.477,1,2025-12-26 14:42:12.411,22847.3199023199,71.39787469474969,4774.076923076923,143.0,6297919.614889509,6008381.3986805845,0.0120649794875966,0.0115103086037103,2.942673585533826,4774.076923076923,3852.6898656898657,2344.948717948718,1607.4786324786326,982.8571428571428,1.2391542245824747,1.0,0.0,2509.5656227501822,2451.199991571594,15.0,19.0,1.0,0.5935948435104464,0.596151658124419,66.0
2025-12-26 14:42:12.929,1,2025-12-26 14:42:12.833,36562.2442002442,114.25701312576312,6169.853479853478,153.0,13518854.492480164,10005585.651052743,0.0101128648581519,0.0074847418153694,3.2524189655520748,6169.853479853478,3456.2466422466423,3095.4041514041514,2318.0,2110.076923076923,1.785131131683687,1.0,0.0,3676.799490382929,3163.1607058530467,15.0,19.0,1.0,0.4690516562018418,0.5293954364474,96.0
2025-12-26 14:42:13.332,1,2025-12-26 14:42:13.256,46474.919413919415,145.23412316849817,6429.076923076923,154.0,18546765.942473635,20609950.903739102,0.0085867911593353,0.00954200558542,3.2526970643794004,6429.076923076923,5342.0,4266.689865689866,3484.8534798534783,3389.7008547008545,1.2034962416839607,1.0,0.0,4306.595632570306,4539.818377836177,15.0,19.0,1.0,0.4930039989796798,0.5983848496907326,76.0
2025-12-26 14:42:13.724,1,2025-12-26 14:42:13.678,34644.50305250306,108.26407203907206,4536.540903540904,156.0,6184918.334321017,10821432.662957955,0.005153061164359,0.0090160453839423,3.3919111395038053,4536.540903540904,3652.6898656898657,3038.7008547008545,3017.2466422466423,1980.404151404152,1.241972647651231,1.0,0.0,2486.949604298611,3289.594604652366,15.0,19.0,1.0,0.4683450760714449,0.3458777251502762,46.0
2025-12-26 14:42:14.135,1,2025-12-26 14:42:14.101,85057.03418803419,265.80323183760686,16774.540903540903,118.0,69879389.074317,63593309.80430488,0.0096589213245492,0.0087900421612761,2.82418135904276,16774.540903540903,11704.853479853478,10550.168498168498,7945.035409035409,5669.246642246642,1.4331269445116928,1.0,0.0,8359.389276395554,7974.541353852576,15.0,19.0,1.0,0.6189240600191329,0.3271480655994758,34.0
2025-12-26 14:42:14.579,1,2025-12-26 14:42:14.523,70737.5286935287,221.0547771672772,13259.853479853478,116.0,61100312.38325693,43670328.807517216,0.0122107872465032,0.008727436460694,2.851712893661262,13259.853479853478,10313.246642246642,9289.162393162393,9218.0,3190.5409035409034,1.285710886185464,1.0,0.0,7816.668880236448,6608.352957244128,15.0,19.0,1.0,0.6399828246041664,0.554117462142626,56.0
2025-12-26 14:42:15.011,1,2025-12-26 14:42:14.946,19882.929181929183,62.134153693528695,4550.700854700855,146.0,3205481.9742670944,3659782.360023388,0.0081083522547295,0.0092575172123686,3.1537243759983253,4550.700854700855,2331.3724053724054,1377.1367521367522,1065.3833943833945,1029.076923076923,1.951940772830752,1.0,0.0,1790.385984715892,1913.055765006182,15.0,19.0,1.0,0.5207316404405773,0.5924195223579191,65.0
2025-12-26 14:42:15.403,1,2025-12-26 14:42:15.368,12406.194139194136,38.76935668498167,2940.076923076923,142.0,1059652.230996858,1475870.411957207,0.006884718868074,0.0095889505771861,3.2577414944999727,2940.076923076923,1107.6898656898657,997.948717948718,921.3833943833944,571.6410256410256,2.65424196261216,2.0,5.0,1029.394108685715,1214.854070231156,15.0,19.0,1.0,0.5270544579084051,0.6919948117609367,35.0
2025-12-26 14:42:15.784,1,2025-12-26 14:42:15.791,7080.285714285714,22.12589285714285,1134.7008547008545,112.0,465380.35329366085,269851.9390168927,0.0092833874884755,0.0053829949989949,3.411752607115589,1134.7008547008545,513.3345543345542,429.3833943833944,420.6898656898657,401.2588522588524,2.210450952731166,1.0,0.0,682.1879164084196,519.4727509859325,15.0,19.0,1.0,0.4094986612640689,0.4923330080909791,7.0
2025-12-26 14:42:16.181,1,2025-12-26 14:42:16.213,33142.7496947497,103.5710927960928,12220.853479853478,134.0,25589930.000427872,15045757.516920695,0.0232965721669196,0.0136973636033023,2.542030127594334,12220.853479853478,3296.8192918192926,2958.7008547008545,2243.990231990232,1937.3345543345545,3.706861795602362,1.0,0.0,5058.649029180407,3878.886118065429,15.0,19.0,1.0,0.6836396684457067,0.7731194015070254,32.0
2025-12-26 14:42:16.618,1,2025-12-26 14:42:16.635,13320.700854700855,41.627190170940175,1869.162393162393,144.0,1271829.598962573,1339333.5884197357,0.0071676167751249,0.007548047241294,3.3564735632828926,1869.162393162393,1391.3345543345542,1005.2466422466424,972.1367521367522,911.3724053724054,1.343431302944266,2.0,5.0,1127.754228084547,1157.295808520767,15.0,19.0,1.0,0.461631322129888,0.6473559106456969,17.0
2025-12-26 14:42:17.053,1,2025-12-26 14:42:17.058,16970.377289377288,53.032429029304026,2709.2466422466423,136.0,3029746.3176204367,2274479.973300696,0.0105201824255259,0.007897672522339,3.137544650544548,2709.2466422466423,2450.0,2081.334554334554,898.4041514041514,803.3724053724054,1.1058149560185864,1.0,0.0,1740.6166486680622,1508.137915875301,15.0,19.0,1.0,0.5269392424736927,0.5631379220805239,5.0
2025-12-26 14:42:17.463,1,2025-12-26 14:42:17.480,27325.280830280823,85.39150259462758,4509.136752136752,137.0,6314793.397618569,10482868.974886568,0.0084572638157693,0.0140394757016426,2.987372158803532,4509.136752136752,4314.1623931623935,3140.2466422466423,2494.076923076923,2223.3724053724054,1.045194024054897,1.0,0.0,2512.9252670182154,3237.725895576488,15.0,19.0,1.0,0.6104601529843846,0.6136328914910606,17.0
2025-12-26 14:42:17.845,1,2025-12-26 14:42:17.903,19745.69963369963,61.70531135531135,2495.641025641026,155.0,1847174.610036772,4254197.125404786,0.0047376491733581,0.010911201022883,3.3496577567202053,2495.641025641026,2485.076923076923,1679.6898656898657,1579.857142857143,1040.3724053724054,1.0042510163226732,1.0,0.0,1359.1080200031092,2062.570514044256,15.0,19.0,1.0,0.4700080288265803,0.8113408783526002,58.0
2025-12-26 14:42:18.235,1,2025-12-26 14:42:18.325,59292.25152625153,185.28828601953603,8367.641025641025,159.0,25758318.130793206,48739846.99161862,0.007326922842309,0.013863991291676,2.986084769526322,8367.641025641025,8149.383394383394,5609.853479853478,5454.442002442002,5137.076923076923,1.0267821037119236,1.0,0.0,5075.265326147314,6981.392911992464,15.0,19.0,1.0,0.5518157260550355,0.936288911732382,90.0
2025-12-26 14:42:18.676,1,2025-12-26 14:42:18.748,39716.32112332112,124.1135035103785,7377.853479853478,141.0,16903066.30455002,21075443.6473719,0.0107158707835279,0.0133609918319949,2.9620005113076924,7377.853479853478,5556.383394383394,3696.372405372405,3339.7008547008545,3207.641025641026,1.3278157672326871,1.0,0.0,4111.333883856919,4590.799891889419,15.0,19.0,1.0,0.583587565625273,0.8156763287080916,72.0
2025-12-26 14:42:19.120,1,2025-12-26 14:42:19.170,22800.058608058607,71.25018315018315,6929.853479853478,123.0,13202443.712132562,6298467.598827063,0.0253969987647492,0.0121161034513803,2.5707208947207514,6929.853479853478,4401.0,2658.7008547008545,1072.8192918192926,940.1367521367522,1.5746088343221776,1.0,0.0,3633.516714167221,2509.674799416662,15.0,19.0,1.0,0.7018626861272033,0.7814558559924529,50.0
2025-12-26 14:42:19.511,1,2025-12-26 14:42:19.593,18446.735042735047,57.64604700854702,5198.700854700855,126.0,4474382.510987986,3861475.3697784455,0.0131490412874616,0.0113478673186842,2.85287650931513,5198.700854700855,1603.857142857143,1523.3724053724054,1515.990231990232,1224.076923076923,3.2413740075606388,1.0,0.0,2115.273625559584,1965.0637062900648,15.0,19.0,1.0,0.5998892233428119,0.4091392463109747,82.0
2025-12-26 14:42:19.899,1,2025-12-26 14:42:19.804,27228.843711843707,85.09013659951158,4761.246642246642,146.0,7265610.49531017,7351496.077342642,0.0097997210483089,0.0099155619327788,2.98130261531442,4761.246642246642,4391.853479853478,3319.3724053724054,2142.4041514041514,1995.857142857143,1.0841087172162225,2.0,4.0,2695.479641049097,2711.364246526579,15.0,19.0,1.0,0.6100418364261296,0.5609405704994718,95.0
2025-12-26 14:42:20.319,1,2025-12-26 14:42:20.226,34190.514041514034,106.84535637973136,3939.857142857143,140.0,8374414.539831895,14489822.869553609,0.0071637957399607,0.012395150831377,2.956093588910427,3939.857142857143,3696.8534798534783,3594.7008547008545,3574.076923076923,3408.3724053724054,1.0657325653631882,1.0,0.0,2893.858071818985,3806.549995672408,15.0,19.0,1.0,0.532716787578714,0.617839613133758,93.0
2025-12-26 14:42:20.775,1,2025-12-26 14:42:20.860,143807.95115995116,449.39984737484735,45741.16239316239,137.0,472962358.9524104,411352967.71197546,0.022869716482482,0.0198906436584884,1.983954722185636,45741.16239316239,35842.24664224664,21794.1684981685,19014.540903540903,4777.136752136752,1.2761801136440705,1.0,0.0,21747.69778510844,20281.838371113587,15.0,19.0,1.0,0.8842991932192235,0.1030620372211228,85.0
2025-12-26 14:42:21.231,1,2025-12-26 14:42:21.283,18979.68864468865,59.311527014652015,5509.076923076923,133.0,4559505.566324708,5906389.885497049,0.0126572565481691,0.0163962278292618,2.593593940727129,5509.076923076923,4535.689865689866,1168.162393162393,1133.6703296703297,839.4786324786324,1.214606175953301,3.0,3.0,2135.2998773766435,2430.3065414669504,15.0,19.0,1.0,0.6947468101784428,0.7134968202303161,52.0
2025-12-26 14:42:21.617,1,2025-12-26 14:42:21.705,18392.119658119656,57.47537393162393,3313.136752136752,140.0,3031700.12287571,4933954.366275335,0.0089623659670493,0.0145858438839709,2.9135246319057475,3313.136752136752,2601.2466422466423,2576.162393162393,1588.076923076923,1491.3724053724054,1.2736726684533042,1.0,0.0,1741.1777976058936,2221.250631125478,15.0,19.0,1.0,0.6290735016443103,0.6005297299780209,88.0
2025-12-26 14:42:22.012,1,2025-12-26 14:42:21.916,16792.85592185592,52.47767475579976,4264.136752136752,122.0,2629788.015602002,4585245.5280213775,0.0093254890859323,0.016259735337677,2.9150401631958256,4264.136752136752,2884.076923076923,1412.6898656898657,970.1623931623932,632.5982905982906,1.4785100626185836,2.0,3.0,1621.6621151158467,2141.318642337328,15.0,19.0,1.0,0.6052373861813224,0.7832764223462491,96.0
2025-12-26 14:42:22.436,1,2025-12-26 14:42:22.339,32591.264957264964,101.84770299145302,5879.0,142.0,12671024.471352655,17105984.778348044,0.0119291444018998,0.0161044407276589,2.9368440078434954,5879.0,5436.076923076923,3480.8534798534783,2899.7008547008545,2067.6898656898657,1.081478441749366,1.0,0.0,3559.6382500687705,4135.938198081307,15.0,19.0,1.0,0.6063993266059177,0.7993585852610284,97.0
2025-12-26 14:42:22.871,1,2025-12-26 14:42:22.972,19073.267399267395,59.60396062271061,4861.136752136752,132.0,3785252.36708024,4249900.482835481,0.0104050613400839,0.0116823056760321,2.858953620052903,4861.136752136752,2978.7008547008545,1971.6410256410256,1159.3724053724054,1062.3833943833945,1.6319654068193816,3.0,10.0,1945.572503681176,2061.5286762098367,15.0,19.0,1.0,0.6308952829286081,0.6035035131539869,101.0
2025-12-26 14:42:23.318,1,2025-12-26 14:42:23.395,20305.3199023199,63.454124694749694,4344.136752136752,151.0,3171931.3825078835,5865177.932333317,0.0076931484306213,0.0142253028089686,3.1251862221174607,4344.136752136752,2552.3724053724054,1916.857142857143,1611.6410256410256,967.3577533577534,1.701999576155587,1.0,0.0,1780.9916851315963,2421.812943299568,15.0,19.0,1.0,0.5610532182781779,0.777779595102973,77.0
2025-12-26 14:42:23.712,1,2025-12-26 14:42:23.817,26294.808302808306,82.17127594627594,8959.853479853478,132.0,7381496.072644354,9580361.085287811,0.0106758969968846,0.0138561271499605,2.7829842365776774,8959.853479853478,3056.3724053724054,2553.136752136752,1256.8192918192926,1084.857142857143,2.9315319900484536,1.0,0.0,2716.8908834629988,3095.2158382393645,15.0,19.0,1.0,0.6431322441028147,0.8629682094377276,105.0
2025-12-26 14:42:24.121,1,2025-12-26 14:42:24.029,15286.881562881565,47.77150488400488,1855.8534798534783,143.0,2571528.829539414,1984915.2323460367,0.0110040763727578,0.0084938417019801,3.626227527609087,1855.8534798534783,1639.0,944.8192918192926,701.5409035409035,697.869352869353,1.132308407475501,1.0,0.0,1603.59871212826,1408.8701971246453,15.0,19.0,1.0,0.3819669174555954,0.7309778085481611,92.0
2025-12-26 14:42:24.586,1,2025-12-26 14:42:24.662,14933.297924297924,46.66655601343101,2878.3724053724054,146.0,1431234.9366060004,3678051.136154528,0.0064179964104056,0.0164932523552745,3.196586103588016,2878.3724053724054,2211.8571428571427,1896.136752136752,629.3833943833944,548.2466422466423,1.3013373918231437,2.0,5.0,1196.3423158134967,1917.8245843023624,15.0,19.0,1.0,0.5466974795776475,0.8009181405861966,76.0
2025-12-26 14:42:25.027,1,2025-12-26 14:42:25.085,30857.789987789987,96.43059371184373,8625.136752136752,119.0,13887726.607784083,19723056.159204025,0.0145848350068993,0.0207130747917062,2.427779217307773,8625.136752136752,7751.372405372405,2487.8571428571427,2151.641025641026,2060.3833943833943,1.112723825029699,1.0,0.0,3726.6240228636007,4441.064755123936,15.0,19.0,1.0,0.7478303122006142,0.8832079732420647,58.0
2025-12-26 14:42:25.416,1,2025-12-26 14:42:25.507,21351.399267399265,66.7231227106227,3368.3724053724054,150.0,4461600.264840325,4160349.4491444193,0.0097867382602087,0.0091259298710924,3.1817754108726053,3368.3724053724054,2952.136752136752,2912.8534798534783,1179.7008547008545,983.8192918192926,1.1409947059306254,2.0,9.0,2112.250047896869,2039.6934694077,15.0,19.0,1.0,0.5337768565493395,0.7392498317015531,91.0
2025-12-26 14:42:25.822,1,2025-12-26 14:42:25.719,16650.26862026862,52.03208943833944,2970.0,125.0,3292591.4009777466,3913697.3352172384,0.0118766880844552,0.0141170758368426,3.121124380413838,2970.0,2185.8534798534783,1693.1367521367522,1650.402930402931,979.8571428571428,1.3587370001569024,1.0,0.0,1814.549916915417,1978.306683812507,15.0,19.0,1.0,0.5693151576972458,0.8779610268564076,103.0
2025-12-26 14:42:26.228,1,2025-12-26 14:42:26.141,27252.69719169719,85.16467872405372,5996.853479853478,117.0,16639460.466467189,8605853.207531815,0.0224037263181227,0.0115871052660649,2.766293471547758,5996.853479853478,5614.0,3430.7008547008545,1574.1367521367522,1345.3345543345542,1.068196202324975,1.0,0.0,4079.1494783186345,2933.573453577022,15.0,19.0,1.0,0.6590549740704927,0.7721127534328969,87.0
2025-12-26 14:42:26.694,1,2025-12-26 14:42:26.775,40190.32600732601,125.5947687728938,11947.853479853478,128.0,21173498.306627423,20977856.24585826,0.0131083962317783,0.0129872753090557,2.731988413782918,11947.853479853478,4769.136752136752,4047.372405372405,3213.8192918192926,2139.7008547008545,2.505244471024633,1.0,0.0,4601.4669733279,4580.158976046384,15.0,19.0,1.0,0.6498549620901631,0.8341174686003147,81.0
2025-12-26 14:42:27.138,1,2025-12-26 14:42:27.197,43648.26495726496,136.400827991453,14363.853479853478,139.0,60309380.34716594,21331717.55090316,0.0316556252839502,0.0111967467343773,2.4686588685874025,14363.853479853478,6731.700854700855,5914.0,3037.8192918192926,2315.334554334554,2.1337628914126263,0.0,0.0,7765.91143055121,4618.627236625961,15.0,19.0,1.0,0.7414431756312203,0.7309236011965728,59.0
2025-12-26 14:42:27.536,1,2025-12-26 14:42:27.620,12654.004884004882,39.54376526251526,2840.8534798534783,133.0,1398875.099907022,1377405.2720324378,0.0087362075713564,0.0086021249267757,3.2270152556830025,2840.8534798534783,1349.5750915750916,1087.6898656898657,746.3724053724054,486.42124542124543,2.104998452909951,2.0,3.0,1182.740504044324,1173.6291032657796,15.0,19.0,1.0,0.5145337106785536,0.8404265686829143,84.0
2025-12-26 14:42:27.966,1,2025-12-26 14:42:28.042,9037.042735042736,28.24075854700855,1970.0,130.0,867287.6859671096,1277558.5873929611,0.0106196574472323,0.0156432920545326,3.1133451119464386,1970.0,1160.402930402931,862.1367521367522,659.3724053724054,603.3345543345542,1.6976861643345318,1.0,0.0,931.282817390673,1130.2913727853368,15.0,19.0,1.0,0.5815228273589887,0.7919119488934776,76.0
2025-12-26 14:42:28.394,1,2025-12-26 14:42:28.465,24144.43101343101,75.45134691697191,7705.853479853478,129.0,6580537.297770081,8410503.559237264,0.0112882704110525,0.0144273991885073,2.654647849638269,7705.853479853478,3916.136752136752,1886.3724053724047,1832.8192918192929,1276.857142857143,1.967718179312044,1.0,0.0,2565.255795777505,2900.086819258566,15.0,19.0,1.0,0.6882762763303114,0.84424724449002,71.0
2025-12-26 14:42:28.855,1,2025-12-26 14:42:28.887,23016.81807081808,71.92755647130647,8639.853479853478,156.0,9047038.224563755,7328683.073380994,0.0170771681724735,0.0138336050119786,2.694670461384038,8639.853479853478,2114.7008547008545,1977.136752136752,1973.8192918192929,1226.3724053724054,4.085614975112679,1.0,0.0,3007.8294872821093,2707.1540542386933,15.0,19.0,1.0,0.6921844164064261,0.7756479389121828,32.0
2025-12-26 14:42:29.308,1,2025-12-26 14:42:29.310,30244.23199023199,94.51322496947498,7040.853479853478,138.0,15541069.978300735,8914681.247440014,0.0169900945065722,0.0097458718802149,2.805039811930373,7040.853479853478,5601.700854700855,2977.136752136752,2167.8192918192926,1856.3724053724047,1.256913509393072,1.0,0.0,3942.216378929591,2985.746346801753,15.0,19.0,1.0,0.6495084018078733,0.6467646420718118,2.0
2025-12-26 14:42:29.724,1,2025-12-26 14:42:29.732,71007.02808302808,221.89696275946275,14375.372405372404,123.0,59317676.431443065,64109669.92519685,0.011764716287865,0.0127151318688338,2.711570287785273,14375.372405372404,13464.136752136752,8452.853479853478,5198.700854700855,3302.3833943833943,1.0676787283143103,1.0,0.0,7701.796961193087,8006.851436438474,15.0,19.0,1.0,0.6308311739799832,0.7623410198814928,8.0
2025-12-26 14:42:30.160,1,2025-12-26 14:42:30.155,10744.302808302808,33.57594627594627,1888.8534798534783,125.0,909464.0667862692,1561003.2088486955,0.0078782374333849,0.0135221988011494,3.0969777415693867,1888.8534798534783,1739.3724053724054,1197.1367521367522,546.8571428571429,493.3833943833944,1.08593966077551,1.0,0.0,953.6582547151098,1249.4011400861998,15.0,19.0,1.0,0.5459268301773756,0.835411083069304,5.0
2025-12-26 14:42:30.624,1,2025-12-26 14:42:30.577,14144.19291819292,44.20060286935287,3200.3724053724054,127.0,1801135.9700399758,3052767.796710021,0.0090030602609474,0.0152593990090876,3.0444432905037258,3200.3724053724054,2641.136752136752,804.8571428571429,755.6410256410256,702.3833943833944,1.211740513921517,2.0,6.0,1342.0640707656155,1747.217157857037,15.0,19.0,1.0,0.5729836101122392,0.7885602447631513,47.0
2025-12-26 14:42:31.077,1,2025-12-26 14:42:30.999,11844.06105006105,37.01269078144078,3779.700854700856,119.0,1919594.977525318,1520010.6374926534,0.0136838508037257,0.0108354100875695,2.7590812994357865,3779.700854700856,1939.857142857143,796.2588522588524,532.1965811965812,510.37240537240535,1.94844288849638,1.0,0.0,1385.4944884499969,1232.8871146591862,15.0,19.0,1.0,0.638158297600656,0.4512079334567694,78.0
2025-12-26 14:42:31.501,1,2025-12-26 14:42:31.422,37233.64590964592,116.35514346764349,9996.853479853478,134.0,19178130.485253967,17357665.059156634,0.0138335976652423,0.0125204568308175,2.5977111649770475,9996.853479853478,6985.136752136752,4170.700854700855,2751.3724053724054,1995.6410256410256,1.431160739522245,1.0,0.0,4379.284243487053,4166.253119909619,15.0,19.0,1.0,0.6955994742108812,0.7756992802208833,79.0
2025-12-26 14:42:31.911,1,2025-12-26 14:42:31.844,25566.98656898657,79.89683302808302,6812.853479853478,140.0,15140414.25734145,8132716.862553711,0.0231621394223965,0.0124416094996875,2.630690712093868,6812.853479853478,5206.0,2448.8192918192926,2265.7008547008545,1801.402930402931,1.308654145188661,0.0,0.0,3891.068523855812,2851.791868729854,15.0,19.0,1.0,0.7249495949303234,0.8065431984030528,67.0
2025-12-26 14:42:32.336,1,2025-12-26 14:42:32.267,6488.709401709402,20.27721688034188,803.990231990232,139.0,405670.8958200496,166630.49035636766,0.0096351216402514,0.0039576540000802,3.57655512019403,803.990231990232,670.1367521367522,515.2222222222222,364.33455433455424,314.7008547008545,1.1997405446358285,1.0,0.0,636.9229904941802,408.20398130881534,15.0,19.0,1.0,0.4112350315274156,0.6419922047368603,69.0
2025-12-26 14:42:32.805,1,2025-12-26 14:42:32.901,59322.38705738706,185.38245955433456,12251.372405372404,136.0,39242887.40138695,55660217.65584968,0.0111512542511452,0.0158164008780996,2.7613246080398173,12251.372405372404,11805.136752136752,5771.700854700855,3647.0,2977.3833943833943,1.0378001257083147,1.0,0.0,6264.414370185528,7460.577568516373,15.0,19.0,1.0,0.614482916395954,0.7802533228595877,96.0
2025-12-26 14:42:33.259,1,2025-12-26 14:42:33.323,6827.249084249084,21.33515338827839,1344.3724053724054,134.0,436923.5420610355,365434.5203894196,0.0093737625919206,0.0078400363158831,3.312068568820558,1344.3724053724054,953.1367521367522,440.33455433455424,321.24664224664224,318.3833943833944,1.410471689772917,1.0,0.0,661.0019228875477,604.5118033499591,15.0,19.0,1.0,0.4947049253359319,0.7537995502829344,64.0
2025-12-26 14:42:33.662,1,2025-12-26 14:42:33.746,20156.5641025641,62.98926282051282,5681.853479853478,124.0,5305713.376031268,4277651.318544475,0.0130590257085505,0.0105286423487264,2.894209463168662,5681.853479853478,2377.136752136752,1945.990231990232,1492.8192918192926,1080.3345543345542,2.390208924557581,1.0,0.0,2303.4134183926403,2068.248369646275,15.0,19.0,1.0,0.6240217452801705,0.7625163357952197,84.0
2025-12-26 14:42:34.081,1,2025-12-26 14:42:34.168,43917.62637362638,137.24258241758244,14470.372405372404,132.0,29032853.4338509,32760829.53113248,0.0150526166809825,0.0169854544337752,2.5820890105692915,14470.372405372404,5977.136752136752,3805.383394383394,3684.857142857143,2637.2466422466423,2.420953878995157,1.0,0.0,5388.214308456087,5723.707673451928,15.0,19.0,1.0,0.6961896364088721,0.8100596032042935,87.0
2025-12-26 14:42:34.521,1,2025-12-26 14:42:34.590,54978.09890109889,171.80655906593404,12152.372405372404,120.0,31856092.632630512,45072590.74021107,0.0105393316036931,0.0149119035258595,2.810280287372484,12152.372405372404,8430.136752136752,5444.853479853478,3061.3833943833943,2919.8571428571427,1.4415391781504316,1.0,0.0,5644.120182334047,6713.612346584443,15.0,19.0,1.0,0.5822064388254576,0.8281923917622459,69.0
2025-12-26 14:42:34.954,1,2025-12-26 14:42:35.013,14901.152625152625,46.56610195360195,3911.372405372405,123.0,3131782.257383871,3444716.5665600104,0.0141043096283073,0.0155136420873358,2.5961310136358056,3911.372405372405,3561.136752136752,1508.6410256410256,1144.3833943833945,546.2466422466423,1.098349397288494,1.0,0.0,1769.684225330573,1855.994764690895,15.0,19.0,1.0,0.7161714592310068,0.8465478328330597,59.0
2025-12-26 14:42:35.352,1,2025-12-26 14:42:35.435,7070.877899877899,22.09649343711844,1703.3724053724054,134.0,509313.8120384846,571347.4250976838,0.0101868234208971,0.0114275623277512,2.990278143087346,1703.3724053724054,1180.857142857143,484.22222222222223,443.1965811965812,436.24664224664224,1.442488124558038,1.0,0.0,713.6622534774308,755.8752708600036,15.0,19.0,1.0,0.6007592061471951,0.7442211247045898,83.0
2025-12-26 14:42:35.750,1,2025-12-26 14:42:35.647,19578.20757020757,61.18189865689867,5046.372405372405,134.0,4251407.457583625,7108687.487875177,0.011091412891922,0.0185457142921034,2.782862047586113,5046.372405372405,2937.136752136752,1774.0,1479.857142857143,1373.2466422466423,1.7181264718775784,1.0,0.0,2061.8941431566327,2666.2121985834465,15.0,19.0,1.0,0.6441147841236519,0.8001163986371022,103.0
2025-12-26 14:42:36.139,1,2025-12-26 14:42:36.069,12797.64957264957,39.99265491452991,2456.8534798534783,146.0,1287065.6080887448,1081058.8724256293,0.0078585108560832,0.0066006836260954,3.4542022718165626,2456.8534798534783,1185.2466422466423,1096.3724053724054,595.2087912087912,573.002442002442,2.072862636585432,2.0,4.0,1134.4891396962532,1039.7398099647955,15.0,19.0,1.0,0.4615444208838735,0.6461028834754806,70.0
2025-12-26 14:42:36.572,1,2025-12-26 14:42:36.492,18100.484737484738,56.56401480463981,2419.3724053724054,129.0,1894149.7331534568,4530451.109055726,0.0057814116861233,0.0138280530450457,3.2582166021433423,2419.3724053724054,2302.136752136752,1977.2466422466423,1336.162393162393,1125.076923076923,1.0509247129327957,1.0,0.0,1376.281124317796,2128.4856375028057,15.0,19.0,1.0,0.5060635253057588,0.679606864325468,80.0
2025-12-26 14:42:37.021,1,2025-12-26 14:42:37.125,34833.721611721616,108.85538003663004,11256.853479853478,138.0,17077611.16056573,15896239.90361916,0.014074318264277,0.0131007046304844,2.721968350787168,11256.853479853478,4324.819291819293,1962.6898656898657,1838.990231990232,1634.7008547008545,2.602849441858536,1.0,0.0,4132.50664374127,3987.008891840995,15.0,19.0,1.0,0.6033823763746365,0.7841549201232018,104.0
2025-12-26 14:42:37.402,1,2025-12-26 14:42:37.336,29637.045177045176,92.61576617826616,7337.853479853478,145.0,12914100.112309285,8110977.30343028,0.014702606856459,0.0092342872888471,2.934235544872264,7337.853479853478,3576.136752136752,3377.162393162393,3266.7008547008545,1076.2588522588524,2.051893981813486,2.0,3.0,3593.619361077253,2847.9777568355903,15.0,19.0,1.0,0.6287439324937969,0.6384839124054175,66.0
2025-12-26 14:42:37.809,1,2025-12-26 14:42:37.759,32120.527472527472,100.37664835164836,7064.136752136752,140.0,12356350.855048597,11091283.578654306,0.0119763614445152,0.0107501982243654,3.1411120416322924,7064.136752136752,5169.1623931623935,2535.3724053724054,1755.3345543345542,1374.076923076923,1.3665921506895593,1.0,0.0,3515.160146429832,3330.3578754623813,15.0,19.0,1.0,0.5572163484360776,0.645533200804398,50.0
2025-12-26 14:42:38.205,1,2025-12-26 14:42:38.181,18004.776556776556,56.264926739926736,3417.136752136752,128.0,3120593.0803559306,4728069.021640553,0.0096263504678439,0.0145850638857652,2.905037459603406,3417.136752136752,2854.8571428571427,2531.641025641026,1637.3833943833945,1175.3724053724054,1.196955427589516,1.0,0.0,1766.520048104728,2174.4123393782866,15.0,19.0,1.0,0.6451838312882561,0.8857801402856109,24.0
2025-12-26 14:42:38.642,1,2025-12-26 14:42:38.604,17327.106227106226,54.14720695970696,1439.6410256410256,156.0,1416511.3347575553,1465258.7045977633,0.004718109089564,0.0048804765928038,3.85768889346002,1439.6410256410256,878.7008547008545,867.5750915750916,821.6703296703297,799.7960927960928,1.638374445566574,2.0,8.0,1190.1728171814188,1210.478708857683,15.0,19.0,1.0,0.2774487171356131,0.7354589208576904,38.0
2025-12-26 14:42:39.074,1,2025-12-26 14:42:39.026,78471.03785103787,245.2219932844933,14900.076923076924,139.0,57819709.39485629,63456835.71629523,0.0093898166341367,0.0103052757925406,2.8805338664523137,14900.076923076924,13471.442002442003,7386.689865689866,6200.383394383394,5944.67032967033,1.1060491460657915,1.0,0.0,7603.92723497906,7965.979896804612,15.0,19.0,1.0,0.6104578686240522,0.9153424779881808,48.0
2025-12-26 14:42:39.476,1,2025-12-26 14:42:39.449,20169.943833943835,63.03107448107448,3830.372405372405,157.0,2656929.067564863,4394834.236970188,0.0065308631337974,0.0108027200453964,3.3760584607404205,3830.372405372405,1809.076923076923,1584.2466422466423,1186.6898656898657,1156.1367521367522,2.1173076481764497,1.0,0.0,1630.0089164065523,2096.385994269707,15.0,19.0,1.0,0.4742959458529919,0.7494749135308006,27.0
2025-12-26 14:42:39.855,1,2025-12-26 14:42:39.871,22479.663003663,70.24894688644687,4458.246642246642,128.0,4622033.347227721,8076404.569988655,0.0091464693163298,0.0159822703637512,2.85549590967689,4458.246642246642,2864.3724053724054,2776.162393162393,1992.136752136752,1875.857142857143,1.5564479792792365,1.0,0.0,2149.891473360393,2841.901576407715,15.0,19.0,1.0,0.6213071491996506,0.5195257751355439,16.0
2025-12-26 14:42:40.251,1,2025-12-26 14:42:40.294,60455.54334554335,188.923572954823,11296.853479853478,128.0,30284594.22676685,50764007.66340984,0.0082860872421248,0.0138894050588643,2.7942503565047967,11296.853479853478,9104.372405372404,6861.246642246642,4021.076923076923,3892.136752136752,1.2408162778124134,1.0,0.0,5503.14403107595,7124.886501791439,15.0,19.0,1.0,0.5818438517975655,0.7573529949352662,43.0
2025-12-26 14:42:40.681,1,2025-12-26 14:42:40.716,31240.67521367522,97.62711004273504,10297.853479853478,138.0,12647438.218115218,15050810.390557189,0.0129587091619401,0.0154212316470048,2.7392613919912656,10297.853479853478,4103.819291819293,2394.0,2048.3724053724054,1842.402930402931,2.5093340489867804,1.0,0.0,3556.3236942262747,3879.5373938856665,15.0,19.0,1.0,0.66216392462581,0.8785968388398535,35.0
2025-12-26 14:42:41.109,1,2025-12-26 14:42:41.139,11752.468864468863,36.7264652014652,2440.076923076923,147.0,887434.4043327281,1560620.7143707515,0.0064250726539113,0.011298977621417,3.256283307968076,2440.076923076923,1055.3724053724054,924.6898656898657,814.5750915750916,648.1367521367522,2.312052987792105,1.0,0.0,942.037368862153,1249.248059582544,15.0,19.0,1.0,0.5005629970768192,0.8096140036353606,30.0
2025-12-26 14:42:41.516,1,2025-12-26 14:42:41.561,19599.506715506715,61.24845848595849,6404.853479853478,145.0,8317703.735808747,3643724.3308332777,0.0216527551658133,0.0094853908402135,2.847089440397521,6404.853479853478,1954.7008547008545,1895.3345543345545,1143.0,856.2588522588524,3.2766412642871607,1.0,0.0,2884.042949716378,1908.8541931832503,15.0,19.0,1.0,0.6252273549033708,0.7711176230046012,45.0
2025-12-26 14:42:41.920,1,2025-12-26 14:42:41.984,8073.428571428571,25.229464285714283,1703.6898656898657,122.0,555067.6843704156,532850.4560387232,0.0085158877689964,0.0081750294766866,3.1904401103538804,1703.6898656898657,878.0769230769231,636.1807081807082,592.4786324786324,393.7228327228327,1.9402512706038573,1.0,0.0,745.028646677707,729.9660649911907,15.0,19.0,1.0,0.5207389803418461,0.778368812024093,64.0
2025-12-26 14:42:42.349,1,2025-12-26 14:42:42.406,33528.14774114774,104.77546169108668,10843.853479853478,144.0,14081501.453497306,15620258.353240017,0.0125265028415435,0.0138953371764847,2.5507937674268604,10843.853479853478,6153.076923076923,2530.948717948718,2525.8192918192926,2471.6898656898657,1.7623464837863771,1.0,0.0,3752.532671876063,3952.247253555882,15.0,19.0,1.0,0.7314865249262944,0.7885339939801408,57.0
2025-12-26 14:42:42.800,1,2025-12-26 14:42:42.829,31328.40415140416,97.90126297313796,6113.853479853478,133.0,14148199.788099209,11159137.696708554,0.0144153316441249,0.0113698331356488,2.989896758997696,6113.853479853478,3798.076923076923,3370.0,3066.7008547008545,2108.334554334554,1.6097234478597326,1.0,0.0,3761.409282183901,3340.5295533356016,15.0,19.0,1.0,0.589144781290686,0.7891720788590799,29.0
2025-12-26 14:42:43.233,1,2025-12-26 14:42:43.251,15596.17338217338,48.738041819291816,3901.076923076923,138.0,2249471.054474112,2672049.9972274923,0.0092479250214846,0.0109852127142819,3.0568011364025107,3901.076923076923,2528.8534798534783,922.948717948718,836.8192918192926,765.1367521367522,1.5426267097536266,1.0,0.0,1499.8236744611386,1634.6406324411162,15.0,19.0,1.0,0.57416873648443,0.8048849057084806,18.0
2025-12-26 14:42:43.644,1,2025-12-26 14:42:43.674,15003.18437118437,46.88495115995116,2402.7008547008545,133.0,1344402.0787782455,2179097.047569164,0.0059725842242744,0.0096807650441169,3.4143485866117915,2402.7008547008545,1875.857142857143,1145.2588522588524,1084.076923076923,1056.722832722833,1.2808549221610703,1.0,0.0,1159.483539675422,1476.1764960766595,15.0,19.0,1.0,0.5042007362213693,0.5405199286956058,30.0
2025-12-26 14:42:44.024,1,2025-12-26 14:42:44.096,30587.280830280823,95.58525259462758,8241.136752136752,136.0,10511813.843776504,11971855.699576937,0.0112355909674518,0.012796162085903,2.9800799994727933,8241.136752136752,3434.3724053724054,2649.162393162393,1846.7008547008545,1431.6410256410256,2.399604870817941,2.0,8.0,3242.192752409472,3460.036950608611,15.0,19.0,1.0,0.5755010891189192,0.6548906683621742,72.0
2025-12-26 14:42:44.471,1,2025-12-26 14:42:44.518,39328.5702075702,122.90178189865688,8959.0,132.0,30135289.305582788,18842214.24797245,0.0194831444013435,0.0121819165998944,2.9066350417948383,8959.0,6761.853479853478,2793.7008547008545,2612.402930402931,2052.136752136752,1.32493258345385,1.0,0.0,5489.56185005532,4340.761943250568,15.0,19.0,1.0,0.5893703710752184,0.7844711374528641,47.0
2025-12-26 14:42:44.912,1,2025-12-26 14:42:44.941,21519.97191697192,67.24991224053724,10288.853479853478,145.0,9598931.986549787,9091957.995438654,0.0207271463549516,0.019632428304377,2.411879200296323,10288.853479853478,2407.8192918192926,1082.3724053724054,995.7008547008544,723.990231990232,4.273100358821025,1.0,0.0,3098.214322242699,3015.2873818988887,15.0,19.0,1.0,0.7202024390892595,0.8509356416338189,29.0
2025-12-26 14:42:45.327,1,2025-12-26 14:42:45.363,8882.38827838828,27.75746336996337,1293.076923076923,134.0,860903.4727830589,429670.42826380767,0.0109117636947743,0.0054459789373258,3.3797571576880614,1293.076923076923,1083.7008547008545,723.885225885226,707.6153846153846,503.6898656898657,1.1932046721811174,1.0,0.0,927.8488415593667,655.4925081675668,15.0,19.0,1.0,0.4854514482843773,0.5327221446012941,36.0
2025-12-26 14:42:45.720,1,2025-12-26 14:42:45.786,34190.19536019536,106.84436050061048,12473.853479853478,136.0,19062239.26789532,19058221.815183125,0.016306875363518,0.0163034386161487,2.663211050649449,12473.853479853478,4637.819291819293,1630.990231990232,1454.7008547008545,1438.1367521367522,2.6895945475610863,0.0,0.0,4366.032440087375,4365.57233535113,15.0,19.0,1.0,0.6327983909588388,0.7987290089161989,66.0
2025-12-26 14:42:46.098,1,2025-12-26 14:42:45.997,17861.321123321122,55.81662851037851,3689.700854700856,128.0,4616163.439263739,2112092.4688894995,0.014469516514308,0.0066204234881286,3.044030234467175,3689.700854700856,2778.990231990232,1242.6410256410256,1228.2588522588524,969.1367521367522,1.3277127829474489,1.0,0.0,2148.525875865529,1453.3039836488097,15.0,19.0,1.0,0.554758948025942,0.4126012361415101,101.0
2025-12-26 14:42:46.536,1,2025-12-26 14:42:46.631,22586.3894993895,70.5824671855922,5757.136752136752,141.0,4496731.172053313,9379770.943985004,0.0088146139916111,0.0183864805427548,3.09596762471616,5757.136752136752,2028.6410256410256,2010.3724053724047,1801.402930402931,1105.076923076923,2.8379277946992763,1.0,0.0,2120.5497334543497,3062.641171274396,15.0,19.0,1.0,0.5624019738512355,0.870159090158367,95.0
2025-12-26 14:42:46.991,1,2025-12-26 14:42:47.053,48831.56166056166,152.59863018925518,12521.853479853478,156.0,48169496.30546889,32211284.626803964,0.0202009074099429,0.0135084903976359,2.6893682528957,12521.853479853478,9889.0,5380.819291819293,2778.402930402931,2465.7008547008545,1.266240618854506,0.0,0.0,6940.424792868869,5675.4986236280565,15.0,19.0,1.0,0.6765250881471789,0.8274679932505102,62.0
2025-12-26 14:42:47.384,1,2025-12-26 14:42:47.476,27222.1514041514,85.06922313797313,5867.700854700855,136.0,9221642.52714209,7061050.964950541,0.0124440971442009,0.0095284981920926,3.0885356723644364,5867.700854700855,2958.990231990232,2084.334554334554,1811.3724053724047,1784.2588522588524,1.983007848847215,1.0,0.0,3036.715746845939,2657.2638116962607,15.0,19.0,1.0,0.5328989866849424,0.4219704630763181,92.0
2025-12-26 14:42:47.768,1,2025-12-26 14:42:47.687,16708.336996336995,52.21355311355311,2182.136752136752,129.0,1929277.5503946247,2647079.124757611,0.0069107989488735,0.0094820113514606,3.447537644910924,2182.136752136752,1811.3724053724047,1439.8534798534783,1221.402930402931,963.8192918192926,1.204686979697538,2.0,3.0,1388.9843593052535,1626.984672563823,15.0,19.0,1.0,0.4559750537264506,0.7859110934945475,81.0
2025-12-26 14:42:48.182,1,2025-12-26 14:42:48.109,18914.21245421245,59.10691391941391,3291.3724053724054,142.0,3335465.926384826,3720521.8215333046,0.0093235216270394,0.0103998561018236,3.111409175620545,3291.3724053724054,2997.136752136752,2430.7008547008545,1233.3833943833945,922.6410256410256,1.0981722482381846,2.0,3.0,1826.325799627445,1928.865423385806,15.0,19.0,1.0,0.5749768571417202,0.6737716209812734,73.0
2025-12-26 14:42:48.651,1,2025-12-26 14:42:48.743,18898.21367521368,59.05691773504274,3358.0,129.0,3113909.2880131146,4635348.082861448,0.0087189552108685,0.0129789883336782,3.0793125586092507,3358.0,2213.2466422466423,1898.402930402931,1776.3724053724054,1111.857142857143,1.5172281009719792,1.0,0.0,1764.6272376944414,2152.985852917164,15.0,19.0,1.0,0.5480877345811606,0.7449822605349505,92.0
2025-12-26 14:42:49.113,1,2025-12-26 14:42:49.166,60310.27594627595,188.46961233211235,13848.076923076924,130.0,30278750.981715083,56637569.8431767,0.0083244457070468,0.0155711962961522,2.8406658909159592,13848.076923076924,7047.689865689866,6295.853479853478,4029.700854700856,3887.372405372405,1.9649100892607785,1.0,0.0,5502.613104854373,7525.793635436511,15.0,19.0,1.0,0.5821345198282225,0.7328493539594757,53.0
2025-12-26 14:42:49.507,1,2025-12-26 14:42:49.588,23775.7094017094,74.29909188034188,4777.853479853478,149.0,3412292.3766773613,6134922.802755245,0.0060364174792292,0.0108528083623168,3.143378064045984,4777.853479853478,2652.6898656898657,2277.8192918192926,2229.076923076923,1780.162393162393,1.8011353462946698,1.0,0.0,1847.239122766016,2476.8776317685224,15.0,19.0,1.0,0.5769586817298128,0.7292215416088573,81.0
2025-12-26 14:42:49.897,1,2025-12-26 14:42:49.799,26085.24542124542,81.51639194139194,6000.853479853478,140.0,7143231.811795293,6839706.70021641,0.0104979594242606,0.0100518876195716,3.0877414348402903,6000.853479853478,2670.7008547008545,2364.076923076923,2211.6898656898657,1474.162393162393,2.246920866965981,1.0,0.0,2672.682512345096,2615.2832925357075,15.0,19.0,1.0,0.5643605524406097,0.6686879347771697,98.0
2025-12-26 14:42:50.297,1,2025-12-26 14:42:50.222,19794.50915750916,61.85784111721612,3000.3724053724054,121.0,4515377.407309192,3176061.7508330503,0.0115240353426139,0.0081058668114158,3.0159543494571315,3000.3724053724054,2771.7008547008545,2475.990231990232,2013.136752136752,1047.857142857143,1.0825022477741917,1.0,0.0,2124.941742097696,1782.1508776848975,15.0,19.0,1.0,0.5713229510804344,0.53733071719853,75.0
2025-12-26 14:42:50.727,1,2025-12-26 14:42:50.644,24124.859584859587,75.39018620268621,10262.700854700855,131.0,7873409.876426085,10349637.79640826,0.0135279899550868,0.0177826124063227,2.552725058433816,10262.700854700855,2911.258852258852,1525.076923076923,1154.990231990232,957.3833943833944,3.5251763499952875,1.0,0.0,2805.9597068429343,3217.085295171432,15.0,19.0,1.0,0.6968500768792104,0.3182165838489695,83.0
2025-12-26 14:42:51.165,1,2025-12-26 14:42:51.067,15800.14774114774,49.37546169108669,3141.3833943833943,138.0,2494312.034066618,2970818.591929834,0.0099914492371646,0.0119001884081433,3.058868339898852,3141.3833943833943,2543.3724053724054,1623.857142857143,1361.924297924298,695.3345543345542,1.2351252171119596,1.0,0.0,1579.3391130680636,1723.6062752060964,15.0,19.0,1.0,0.5927711530494115,0.890815536956098,98.0
2025-12-26 14:42:51.590,1,2025-12-26 14:42:51.489,34350.35897435898,107.3448717948718,6126.383394383394,149.0,9500997.4759566,20156875.1241048,0.0080520533330752,0.0170828625034539,2.9235433675217712,6126.383394383394,4955.853479853478,4346.372405372405,3195.641025641026,1797.1367521367522,1.2361913884837623,1.0,0.0,3082.368809204473,4489.640868054459,15.0,19.0,1.0,0.5945028717932797,0.9050615534584386,101.0
2025-12-26 14:42:51.999,1,2025-12-26 14:42:51.912,14756.553113553113,46.11422847985347,2063.3724053724054,150.0,1767647.1608468706,2303928.0836985568,0.0081175641497135,0.0105803264531533,3.160993339076384,2063.3724053724054,2044.8534798534783,1729.7008547008545,1525.1367521367522,652.8192918192926,1.009056358169606,1.0,0.0,1329.5289244115263,1517.8695871841417,15.0,19.0,1.0,0.5432083442657132,0.6951405128922611,87.0
2025-12-26 14:42:52.431,1,2025-12-26 14:42:52.334,37290.420024420026,116.5325625763126,7537.853479853478,145.0,14560726.079632664,14834416.31746406,0.0104710077652736,0.0106678257391809,2.799728794057203,7537.853479853478,6771.372405372405,4062.136752136752,3108.2466422466423,2231.8192918192926,1.1131943465215166,1.0,0.0,3815.8519467653177,3851.5472627846666,15.0,19.0,1.0,0.6358584471802747,0.7253999184174554,97.0
2025-12-26 14:42:52.877,1,2025-12-26 14:42:52.968,30524.603174603173,95.38938492063492,6869.0,139.0,11919687.58494044,15711092.462706467,0.0127927766978988,0.016861893075904,2.8019841415762223,6869.0,4497.136752136752,4172.853479853478,2751.3724053724054,1905.162393162393,1.5274163047709772,1.0,0.0,3452.4900557337514,3963.722046600451,15.0,19.0,1.0,0.6616146626052548,0.7955848181874288,91.0
2025-12-26 14:42:53.298,1,2025-12-26 14:42:53.390,39644.93284493284,123.89041514041512,11884.853479853478,125.0,23506666.12046634,24250851.80932046,0.0149560072068077,0.0154294918970086,2.5252655078382817,11884.853479853478,5551.0,5291.372405372405,2972.8192918192926,2504.402930402931,2.141029270374948,1.0,0.0,4848.367366492183,4924.515388271262,15.0,19.0,1.0,0.7114263055449295,0.8869779360131838,92.0
2025-12-26 14:42:53.706,1,2025-12-26 14:42:53.602,10278.483516483517,32.12026098901099,1201.2466422466423,124.0,878451.6221595455,580376.8103230357,0.008314952290273,0.0054935358606924,3.518451250592386,1201.2466422466423,800.3345543345542,669.7008547008545,660.1623931623932,635.1965811965812,1.5009306242486673,1.0,0.0,937.2575004552089,761.8246585160103,15.0,19.0,1.0,0.3859169515891494,0.545459545516156,104.0
2025-12-26 14:42:54.098,1,2025-12-26 14:42:54.024,20100.47619047619,62.813988095238095,4312.1623931623935,135.0,4450798.572218696,5824753.76735447,0.0110160334926483,0.0144166673792249,2.8716257735172883,4312.1623931623935,3481.136752136752,2132.2466422466423,2046.076923076923,1776.3724053724054,1.238722492161307,1.0,0.0,2109.6915822505184,2413.452665240085,15.0,19.0,1.0,0.683963652687411,0.564019465092617,74.0
2025-12-26 14:42:54.531,1,2025-12-26 14:42:54.446,26228.51282051282,81.96410256410256,4657.1623931623935,156.0,5051781.552730779,4080204.3440676206,0.0073434007556932,0.0059310909133457,3.548253296049886,4657.1623931623935,1861.136752136752,1630.5409035409036,1177.3345543345542,1133.2466422466423,2.5023214375907896,1.0,0.0,2247.6168607506884,2019.9515697332004,15.0,19.0,1.0,0.3987805681929756,0.3565734277193191,85.0
2025-12-26 14:42:54.973,1,2025-12-26 14:42:54.869,51149.71428571429,159.84285714285716,11705.853479853478,148.0,22910663.292323,39598914.45555268,0.0087569171016892,0.0151355029219233,2.9704582773129213,11705.853479853478,7142.076923076923,5519.0,3918.136752136752,2680.8192918192926,1.6389985162479552,1.0,0.0,4786.508465710993,6292.766836261509,15.0,19.0,1.0,0.6053970560600839,0.8459448305837451,104.0
2025-12-26 14:42:55.361,1,2025-12-26 14:42:55.291,43237.65811965812,135.11768162393162,9738.162393162393,127.0,14734692.273711476,21210827.3851956,0.0078816427140811,0.0113457519176306,3.2413582463482467,9738.162393162393,4615.4310134310135,4381.0,2490.168498168498,2051.6898656898657,2.109913974409324,3.0,4.0,3838.57946038785,4605.521402099398,15.0,19.0,1.0,0.5383374766976229,0.4205727596590877,70.0
2025-12-26 14:42:55.751,1,2025-12-26 14:42:55.714,92345.07692307692,288.5783653846154,32031.1684981685,112.0,147660792.7304811,131119976.2911922,0.0173156062211649,0.0153759290818035,2.513252319892009,32031.1684981685,13439.582417582418,10975.540903540905,4670.282051282052,4131.700854700855,2.3833455164694057,1.0,0.0,12151.575730352057,11450.763131389636,15.0,18.0,0.9473684210526316,0.7065701486136133,0.0964304562472293,37.0
2025-12-26 14:42:56.148,1,2025-12-26 14:42:56.136,48508.09645909646,151.58780143467644,8547.196581196582,145.0,27744890.96047309,26117542.023967035,0.011791106372673,0.011099510776095,2.9891285257240607,8547.196581196582,8482.431013431013,6489.1623931623935,5721.168498168498,1717.5982905982903,1.0076352601821357,2.0,4.0,5267.341925532563,5110.532459926953,15.0,19.0,1.0,0.6381936014054997,0.2780428054871188,12.0
2025-12-26 14:42:56.578,1,2025-12-26 14:42:56.559,63883.74847374848,199.636713980464,12945.136752136752,145.0,55414975.65044737,72192588.1994088,0.0135783301642416,0.0176893481676518,2.5424620111597456,12945.136752136752,11689.162393162393,9603.431013431013,9208.598290598293,4374.700854700855,1.1074477637258198,2.0,4.0,7444.123564963666,8496.622164096083,15.0,19.0,1.0,0.7485632957759121,0.5057137325334649,19.0
2025-12-26 14:42:57.030,1,2025-12-26 14:42:56.981,47035.40170940171,146.98563034188035,9947.853479853478,149.0,31904224.17533628,22311871.141604256,0.0144211028169622,0.0100852409387415,2.611936475863057,9947.853479853478,8824.598290598291,6378.700854700855,5705.136752136752,2911.258852258852,1.1272868353056675,0.0,0.0,5648.382438834704,4723.544341022349,15.0,19.0,1.0,0.7179177173434849,0.6836580941266811,49.0
2025-12-26 14:42:57.420,1,2025-12-26 14:42:57.404,72043.18315018315,225.1349473443224,21069.13675213676,151.0,79280429.1045115,81878778.75026773,0.01527496434887,0.015775588508617,2.696605481279427,21069.13675213676,11986.598290598293,6500.1623931623935,5316.641025641025,3954.015873015873,1.757724438689216,1.0,0.0,8903.955812138305,9048.689338808565,15.0,19.0,1.0,0.6777401025266819,0.7858358828912148,16.0
2025-12-26 14:42:57.807,1,2025-12-26 14:42:57.826,55019.06227106228,171.9345695970696,12706.598290598293,153.0,29064211.90146629,50265408.86103536,0.0096013473815284,0.0166051518405358,2.939778502687162,12706.598290598293,6180.689865689866,6043.015873015873,4237.136752136752,3406.076923076923,2.055854373333448,2.0,5.0,5391.123435933024,7089.810213329787,15.0,19.0,1.0,0.5920405830262473,0.8046384279023852,19.0
2025-12-26 14:42:58.217,1,2025-12-26 14:42:58.249,37466.90231990232,117.08406974969476,9474.598290598293,143.0,13544746.030793097,17613505.12418377,0.0096488441156216,0.0125472980361966,3.107933946381975,9474.598290598293,3077.402930402931,2577.015873015873,2051.431013431013,2009.7008547008545,3.0787643038198715,2.0,5.0,3680.318740380118,4196.84466286087,15.0,19.0,1.0,0.5121893664519657,0.7518635658340562,32.0
2025-12-26 14:42:58.634,1,2025-12-26 14:42:58.671,94388.62271062272,294.964445970696,22377.13675213676,140.0,87060130.9913514,168545393.45103842,0.0097719225944379,0.0189181031512145,2.699945366361536,22377.13675213676,19945.59829059829,7790.431013431013,7705.853479853478,4833.076923076923,1.1219085246835383,1.0,0.0,9330.601855794266,12982.503358406591,15.0,19.0,1.0,0.6637674611608119,0.8167781572565324,37.0
2025-12-26 14:42:59.068,1,2025-12-26 14:42:59.094,41141.7203907204,128.56787622100123,8051.641025641025,139.0,20850698.029814508,24802525.24876333,0.012318439704233,0.0146531502855555,2.678872040952292,8051.641025641025,7692.136752136752,6061.015873015873,5469.598290598291,1808.8192918192929,1.0467365941464004,2.0,4.0,4566.256456859876,4980.2133738187695,15.0,19.0,1.0,0.7069031376668029,0.9181775826011588,26.0
2025-12-26 14:42:59.482,1,2025-12-26 14:42:59.516,33074.222222222226,103.35694444444444,6843.015873015873,150.0,14513082.88106839,12059982.237954265,0.0132672341917349,0.0110247154247164,2.8455290185629094,6843.015873015873,6669.136752136752,4127.641025641025,1915.3724053724047,1809.5982905982903,1.0260722080443747,1.0,0.0,3809.604032057451,3472.7485134910453,15.0,19.0,1.0,0.6459642256502992,0.8841451727250402,34.0
2025-12-26 14:42:59.864,1,2025-12-26 14:42:59.939,28951.16483516484,90.4723901098901,4025.334554334554,131.0,8192085.462380322,10024018.443267811,0.0097737761991951,0.0119594104982196,3.143339236261365,4025.334554334554,4014.0,3177.136752136752,3095.3724053724054,1864.076923076923,1.00282375543935,1.0,0.0,2862.181940824224,3166.073031891054,15.0,19.0,1.0,0.5587312540624405,0.812383102798993,75.0
2025-12-26 14:43:00.309,1,2025-12-26 14:43:00.361,40693.79365079365,127.16810515873014,9998.136752136752,137.0,21771981.68286207,21576002.075062253,0.0131474522801775,0.013029106023095,2.6992670875858416,9998.136752136752,8124.853479853478,5178.1623931623935,2594.5982905982905,1507.4310134310135,1.2305620989876391,2.0,6.0,4666.045615171595,4644.997532298834,15.0,19.0,1.0,0.6733995400953928,0.7237296252601636,52.0
2025-12-26 14:43:00.749,1,2025-12-26 14:43:00.784,61402.51770451771,191.88286782661783,17720.136752136754,132.0,43529352.55153791,61673889.64149557,0.0115454230104332,0.0163579539522622,2.6019411095615466,17720.136752136754,7705.853479853478,7401.598290598291,5170.1623931623935,5067.4310134310135,2.2995683474209256,2.0,4.0,6597.677815075385,7853.272543436626,15.0,19.0,1.0,0.7013585686570747,0.7641390419176269,35.0
2025-12-26 14:43:01.194,1,2025-12-26 14:43:01.206,21708.29426129426,67.83841956654456,3991.0,156.0,6129991.181254894,5437544.337843775,0.0130079377493574,0.0115385546511606,3.2913293268703248,3991.0,3385.8534798534783,1745.3345543345542,1297.5982905982903,1202.402930402931,1.1787279112182758,0.0,0.0,2475.8818996985488,2331.85427028444,15.0,19.0,1.0,0.5353801231592389,0.833131757621118,12.0
2025-12-26 14:43:01.585,1,2025-12-26 14:43:01.628,29455.17216117216,92.047413003663,8794.598290598291,142.0,12656427.044670884,12822995.06689344,0.0145877391582496,0.0147797246887403,2.647631915292901,8794.598290598291,4876.136752136752,3663.4310134310135,2296.162393162393,1321.2588522588524,1.803599598953545,2.0,8.0,3557.587250464967,3580.920980263798,15.0,19.0,1.0,0.7113041874935975,0.6728325727976301,43.0
2025-12-26 14:43:01.982,1,2025-12-26 14:43:02.051,32495.89133089133,101.5496604090354,11080.853479853478,137.0,17196891.859057095,18939917.887274288,0.0162851983584241,0.0179358178335046,2.285140414748904,11080.853479853478,5016.598290598291,4136.402930402931,3409.0,2935.8192918192926,2.2088381086080027,0.0,0.0,4146.913534070502,4352.001595504566,15.0,19.0,1.0,0.8179087541263065,0.934084989048084,69.0
2025-12-26 14:43:02.401,1,2025-12-26 14:43:02.473,50373.3431013431,157.4166971916972,9821.598290598293,137.0,27710452.73655147,33751541.39475781,0.0109204886690676,0.0133012379432849,2.847228825933308,9821.598290598293,9161.136752136752,4796.641025641025,4060.8534798534783,3577.334554334554,1.0720938412262453,1.0,0.0,5264.0718779811,5809.607679934834,15.0,19.0,1.0,0.6236942431904186,0.8613784622794878,72.0
2025-12-26 14:43:02.868,1,2025-12-26 14:43:02.896,50486.0231990232,157.7688224969475,13933.598290598293,134.0,36715065.50045707,37909715.63926038,0.0144046258507804,0.0148733295841792,2.5644768817629577,13933.598290598293,7897.136752136752,6644.853479853478,3338.015873015873,3038.0,1.7643860968757406,1.0,0.0,6059.295792454522,6157.086619437831,15.0,19.0,1.0,0.6903218393378627,0.8115239428564952,28.0
2025-12-26 14:43:03.309,1,2025-12-26 14:43:03.318,29970.052503052502,93.65641407203908,7797.598290598291,149.0,10359571.123793991,11604722.110375715,0.0115336500185923,0.0129199174159514,2.8157092546436884,7797.598290598291,4760.853479853478,4013.136752136752,1602.015873015873,1288.3345543345542,1.6378572295059657,1.0,0.0,3218.6287645197594,3406.570432322766,15.0,19.0,1.0,0.6493795413923972,0.8620188333709964,9.0
2025-12-26 14:43:03.704,1,2025-12-26 14:43:03.741,18070.208791208795,56.46940247252749,3345.5982905982905,121.0,2025260.272029684,4129422.3664191095,0.0062023247562086,0.0126462849865785,3.326505412366448,3345.5982905982905,2345.7008547008545,1805.402930402931,999.8192918192926,861.015873015873,1.4262680954786648,2.0,7.0,1423.1163944068958,2032.0980208688527,15.0,19.0,1.0,0.5178433380963029,0.681971709721797,37.0
2025-12-26 14:43:04.130,1,2025-12-26 14:43:04.163,9807.01343101343,30.646916971916973,1288.3345543345542,122.0,850295.4277518373,494464.64357015386,0.0088408964446527,0.0051411669011369,3.366313488128156,1288.3345543345542,1208.5982905982903,658.990231990232,568.4786324786324,539.4310134310134,1.0659741655730175,1.0,0.0,922.114650003912,703.1817998001327,15.0,19.0,1.0,0.4347738231242204,0.6014165437407812,33.0
2025-12-26 14:43:04.588,1,2025-12-26 14:43:04.586,31290.96703296704,97.78427197802198,9937.598290598293,142.0,18086115.84367884,18351421.64210067,0.0184717200587192,0.0187426822974199,2.3035483120411744,9937.598290598293,7972.136752136752,2318.431013431013,2109.162393162393,1982.015873015873,1.2465413727296504,1.0,0.0,4252.777427009181,4283.855931529522,15.0,19.0,1.0,0.7772001516195254,0.7868244577599061,2.0
2025-12-26 14:43:05.052,1,2025-12-26 14:43:05.008,56877.85592185593,177.7432997557998,15320.853479853478,150.0,40314474.52981884,42566458.54052809,0.0124616218931912,0.0131577334902855,2.6274590183913595,15320.853479853478,11046.136752136752,5169.598290598291,4614.700854700855,3797.8192918192926,1.3869874892584906,1.0,0.0,6349.3680417675305,6524.297551501471,15.0,19.0,1.0,0.7023666420195894,0.774405574535776,44.0
2025-12-26 14:43:05.498,1,2025-12-26 14:43:05.431,37913.5641025641,118.4798878205128,5204.598290598291,130.0,14117329.000386683,22065067.24316581,0.0098211718572378,0.0153502703968085,2.736672103184965,5204.598290598291,5019.853479853478,4538.015873015873,3952.8192918192926,3951.641025641026,1.0368028293027325,2.0,6.0,3757.303421389692,4697.346830197426,15.0,19.0,1.0,0.5978580093290252,0.8683931115210132,67.0
2025-12-26 14:43:05.921,1,2025-12-26 14:43:05.853,25773.802197802204,80.5431318681319,5656.136752136752,139.0,7436018.536379577,9231880.113262936,0.0111939530575693,0.0138973877102904,2.848002133491009,5656.136752136752,4218.598290598291,2726.641025641026,2176.258852258852,2046.015873015873,1.3407621116096466,1.0,0.0,2726.9064040372887,3038.400913846449,15.0,19.0,1.0,0.6527422948518141,0.8270240995863766,68.0
2025-12-26 14:43:06.362,1,2025-12-26 14:43:06.276,32243.214896214893,100.76004655067156,10153.136752136752,143.0,13899450.82486869,21838171.484338872,0.0133696785574994,0.0210058179066164,2.6626150049915376,10153.136752136752,3789.5982905982905,3132.641025641026,3113.402930402931,1609.162393162393,2.6792118777663703,1.0,0.0,3728.196725612624,4673.132941008513,15.0,19.0,1.0,0.6760473936021694,0.878033837220006,86.0
2025-12-26 14:43:06.815,1,2025-12-26 14:43:06.909,25393.621489621488,79.35506715506715,9860.853479853478,142.0,14297881.349682303,7908575.02057597,0.022172895241061,0.0122644747951555,2.602759769778162,9860.853479853478,4051.700854700856,1751.2588522588524,1118.6898656898657,880.8192918192926,2.433756546564959,1.0,0.0,3781.253938798914,2812.218878497186,15.0,19.0,1.0,0.6955810675346463,0.6446833004317215,94.0
2025-12-26 14:43:07.281,1,2025-12-26 14:43:07.332,25086.570207570207,78.3955318986569,7989.136752136752,150.0,8716098.152204776,10970217.387373963,0.0138496734431395,0.0174314154983383,2.786553519050248,7989.136752136752,3261.5982905982905,2257.162393162393,1542.6410256410256,1082.3724053724054,2.4494545435479784,2.0,4.0,2952.303871928629,3312.1318493341964,15.0,19.0,1.0,0.6430895388817202,0.7764638309120327,51.0
2025-12-26 14:43:07.741,1,2025-12-26 14:43:07.754,38396.52503052502,119.9891407203907,13368.136752136752,118.0,33123641.68806249,32571434.257493973,0.0224674733367037,0.0220929159181847,1.971894589906368,13368.136752136752,11505.598290598293,3216.162393162393,2799.431013431013,2196.641025641026,1.1618810612447037,1.0,0.0,5755.314212800417,5707.138885421834,15.0,19.0,1.0,0.861691766342539,0.8102642326772214,13.0
2025-12-26 14:43:08.171,1,2025-12-26 14:43:08.177,26240.868131868137,82.00271291208793,4433.853479853478,117.0,6167210.226420805,10259973.17682982,0.0089563767775081,0.0149001221176379,2.921018301098805,4433.853479853478,3633.5982905982905,3344.402930402931,2893.8192918192926,1961.136752136752,1.220237661197876,1.0,0.0,2483.3868459063733,3203.1192885732216,15.0,19.0,1.0,0.6199036808944194,0.8814664335115068,6.0
2025-12-26 14:43:08.633,1,2025-12-26 14:43:08.599,35963.17338217338,112.38491681929182,8901.136752136752,155.0,14526711.189385729,18299227.126543354,0.011231849839307,0.014148706378281,2.8664677097113413,8901.136752136752,6580.598290598291,2517.162393162393,2097.258852258852,1836.6410256410256,1.3526333562789363,1.0,0.0,3811.3922901461774,4277.759591952703,15.0,19.0,1.0,0.6098682416237661,0.6962916446986563,34.0
2025-12-26 14:43:09.079,1,2025-12-26 14:43:09.022,39707.0463980464,124.084519993895,7910.136752136752,134.0,15065118.91286538,17470379.97806439,0.0095551475399388,0.0110806996768303,2.966774838886645,7910.136752136752,6889.598290598291,4557.700854700855,3004.8192918192926,1835.015873015873,1.1481274260837475,2.0,6.0,3881.381057415695,4179.758363597636,15.0,19.0,1.0,0.6093948872374696,0.7011683646077965,57.0
2025-12-26 14:43:09.504,1,2025-12-26 14:43:09.444,30187.788766788766,94.3368398962149,11999.853479853478,139.0,17025907.869035494,12830226.21101636,0.0186830456141868,0.0140789967492249,2.6152862149677443,11999.853479853478,2694.7008547008545,2348.8192918192926,2158.136752136752,1048.3345543345542,4.453130097508044,1.0,0.0,4126.246220117686,3581.9305145432904,15.0,19.0,1.0,0.670795899934288,0.7680084278309888,60.0
2025-12-26 14:43:09.910,1,2025-12-26 14:43:09.867,33625.24786324787,105.0788995726496,7044.598290598291,131.0,14439768.227596875,10641646.650751144,0.0127711272955551,0.00941191173355,2.744127531669092,7044.598290598291,5531.700854700855,4012.136752136752,3251.990231990232,1643.2588522588524,1.2734958877269182,0.0,0.0,3799.969503508795,3262.1536828836165,15.0,19.0,1.0,0.6389152897565953,0.5273399131227114,43.0
2025-12-26 14:43:10.343,1,2025-12-26 14:43:10.289,37518.79853479854,117.24624542124543,10884.598290598293,139.0,18580606.29034578,28675841.67691214,0.0131996384612061,0.0203712805056687,2.6388425889808254,10884.598290598293,7918.136752136752,2345.015873015873,2180.641025641026,1982.4310134310133,1.3746413621436442,2.0,5.0,4310.522739801494,5354.982882970976,15.0,19.0,1.0,0.6746170971159057,0.8111100089638202,54.0
2025-12-26 14:43:10.781,1,2025-12-26 14:43:10.712,57458.22832722834,179.55696352258855,21654.13675213676,149.0,65716818.123415485,75732139.87750031,0.0199054530235132,0.0229390678938636,2.161361652213498,21654.13675213676,13125.598290598293,4855.641025641025,3264.162393162393,2642.015873015873,1.6497637877311622,1.0,0.0,8106.591029737191,8702.421495049543,15.0,19.0,1.0,0.7926028292273726,0.8771636384824634,69.0
2025-12-26 14:43:11.236,1,2025-12-26 14:43:11.134,21880.26984126984,68.37584325396826,4075.8534798534783,130.0,4339843.02340247,5071010.997790789,0.0090650180574167,0.0105922739639307,3.041548987372784,4075.8534798534783,3501.136752136752,2204.8192918192926,1856.5982905982903,921.4029304029308,1.1641514651962142,1.0,0.0,2083.2289896702355,2251.890538589917,15.0,19.0,1.0,0.5740244903707846,0.8198839493946619,102.0
2025-12-26 14:43:11.639,1,2025-12-26 14:43:11.556,16466.663003663005,51.45832188644689,3574.7008547008545,144.0,1973673.0580383176,4059771.931877863,0.0072788709145847,0.0149723662257234,3.0456536683645083,3574.7008547008545,3256.258852258852,1154.5982905982903,1137.1367521367522,863.4310134310134,1.0977938231845428,0.0,0.0,1404.8747481673652,2014.88757301192,15.0,19.0,1.0,0.6064450193037741,0.3919367335357535,83.0
2025-12-26 14:43:12.030,1,2025-12-26 14:43:11.979,16192.034188034188,50.60010683760684,2637.7008547008545,147.0,2358012.156658537,2119566.913148141,0.0089937997885481,0.0080843351046582,3.4395818281702883,2637.7008547008545,1441.1367521367522,1185.5982905982903,1081.990231990232,999.2588522588524,1.8302918517539328,1.0,0.0,1535.582025376221,1455.8732476243051,15.0,19.0,1.0,0.4536604169915194,0.5223099194979105,51.0
2025-12-26 14:43:12.451,1,2025-12-26 14:43:12.401,49200.67277167277,153.7521024114774,10197.136752136752,135.0,27817485.10891975,30040925.758042056,0.0114914751303973,0.0124099842200314,2.952269373748123,10197.136752136752,7190.700854700855,5676.853479853478,3073.5982905982905,2586.641025641026,1.4181005382067935,2.0,5.0,5274.228389908779,5480.960295244078,15.0,19.0,1.0,0.583832065391353,0.7259965051551334,50.0
2025-12-26 14:43:12.886,1,2025-12-26 14:43:12.824,43759.38705738705,136.74808455433453,9658.402930402932,143.0,37089990.52272994,34284134.02474263,0.0193693149987078,0.0179040269901444,2.3824690439334177,9658.402930402932,8640.819291819293,8311.0,7660.853479853478,1105.3345543345542,1.1177647170038516,0.0,0.0,6090.155213352936,5855.265495666497,15.0,19.0,1.0,0.8084302051584047,0.9659136384007588,62.0
2025-12-26 14:43:13.309,1,2025-12-26 14:43:13.246,54813.40415140416,171.291887973138,21142.0,125.0,58981920.29975448,68703057.6754288,0.0196311327101246,0.0228666485588009,2.258463258354456,21142.0,10565.402930402932,6377.853479853478,3364.8192918192926,2351.6898656898657,2.001059508971487,1.0,0.0,7679.968769451766,8288.73076384007,15.0,19.0,1.0,0.7991068288110089,0.903546693591014,63.0
2025-12-26 14:43:13.699,1,2025-12-26 14:43:13.669,32403.26007326008,101.26018772893772,6670.136752136752,133.0,8852224.638633931,15506846.436359074,0.0084309208712781,0.0147688293739663,2.865453792469036,6670.136752136752,4402.1623931623935,3728.8534798534783,2496.3724053724054,2332.8192918192926,1.515195523567133,1.0,0.0,2975.268834682663,3937.8733392986464,15.0,19.0,1.0,0.6058138680478986,0.7350746676403324,30.0
2025-12-26 14:43:14.101,1,2025-12-26 14:43:14.091,23509.35042735043,73.46672008547009,4676.689865689866,137.0,3600024.108329359,7546335.4863770995,0.0065136459688313,0.0136538412636075,3.146188585383252,4676.689865689866,3242.5982905982905,1569.722832722833,1375.4847374847377,1226.015873015873,1.4422661848827192,2.0,5.0,1897.3729491930044,2747.059425345054,15.0,19.0,1.0,0.5142852260794566,0.7648300174954091,10.0
2025-12-26 14:43:14.540,1,2025-12-26 14:43:14.514,75676.11843711844,236.48787011599512,23948.85347985348,152.0,103922823.29339318,94203896.10098116,0.0181465153468573,0.0164494419238789,2.487086491576613,23948.85347985348,13149.819291819293,8759.0,5196.136752136752,4557.700854700855,1.821230615294509,0.0,0.0,10194.25442557685,9705.869157421252,15.0,19.0,1.0,0.7348620876309732,0.858170642736988,26.0
2025-12-26 14:43:14.972,1,2025-12-26 14:43:14.936,19729.81684981685,61.655677655677664,3674.402930402931,145.0,3769758.232244981,5429105.851376274,0.0096842811848669,0.0139470449848513,3.088681874499576,3674.402930402931,3301.8192918192926,2612.5982905982905,1540.1367521367522,1080.4310134310135,1.112841923089387,1.0,0.0,1941.586524532188,2330.044173696343,15.0,19.0,1.0,0.6188292760812424,0.8178684326480891,36.0
2025-12-26 14:43:15.374,1,2025-12-26 14:43:15.359,49261.0927960928,153.94091498779,14597.136752136752,150.0,34863917.363471165,48605120.91587137,0.0143670664261078,0.0200296769168856,2.5482663596370223,14597.136752136752,9520.598290598293,3639.641025641026,3050.0,2914.162393162393,1.5332163280694315,2.0,4.0,5904.567500119815,6971.737295385661,15.0,19.0,1.0,0.6845471049763727,0.8494536909123387,15.0
2025-12-26 14:43:15.772,1,2025-12-26 14:43:15.781,62046.3015873016,193.8946924603175,21409.13675213676,151.0,64805036.8174101,64861051.87185253,0.0168335984288079,0.0168481487628369,2.4608716018851995,21409.13675213676,8673.598290598291,7611.641025641025,4353.700854700855,3344.3724053724054,2.468310848029545,1.0,0.0,8050.157564756736,8053.635941104647,15.0,19.0,1.0,0.7315899282825041,0.7957335654705412,9.0
2025-12-26 14:43:16.159,1,2025-12-26 14:43:16.204,32345.82417582417,101.08070054945054,10252.136752136752,154.0,13168880.859820388,15936663.765221218,0.0125867157816947,0.0152321415507139,2.759152467851876,10252.136752136752,3858.5982905982905,2681.8534798534783,2388.162393162393,1886.3724053724047,2.656958817691401,1.0,0.0,3628.895267133014,3992.075120187648,15.0,19.0,1.0,0.6513089048715166,0.8137329599267128,45.0
2025-12-26 14:43:16.573,1,2025-12-26 14:43:16.626,16019.29181929182,50.06028693528693,4220.853479853478,114.0,3022406.684591083,3275954.398588171,0.0117778569529676,0.0127658936461877,2.524416705824558,4220.853479853478,3189.136752136752,2685.5982905982905,1045.162393162393,688.4310134310134,1.3235097168611984,2.0,7.0,1738.5070274781988,1809.959778168612,15.0,19.0,1.0,0.7384335127059402,0.8034098080762925,53.0
2025-12-26 14:43:16.997,1,2025-12-26 14:43:17.049,22764.664224664222,71.1395757020757,8089.136752136752,122.0,9578351.15438426,9294123.77928845,0.0184828209751732,0.0179343629362617,2.4361745768529666,8089.136752136752,3997.5982905982905,2032.162393162393,1842.6410256410256,1145.015873015873,2.0234991522682706,2.0,7.0,3094.8911377275062,3048.6265398189475,15.0,19.0,1.0,0.7514520823030457,0.7818552734192379,52.0
2025-12-26 14:43:17.393,1,2025-12-26 14:43:17.471,45512.858363858366,142.2276823870574,9512.136752136752,129.0,24753389.354461946,27867041.90101832,0.0119499599554463,0.0134531085834469,2.5905234720818573,9512.136752136752,9511.853479853478,7365.598290598291,2821.8192918192926,2726.7008547008545,1.000029780976218,1.0,0.0,4975.277816812037,5278.924312870788,15.0,19.0,1.0,0.7017381420822809,0.8252987904959577,78.0
2025-12-26 14:43:17.788,1,2025-12-26 14:43:17.682,22886.516483516483,71.52036401098901,7994.0,130.0,15866706.902059931,6737249.480805872,0.0302919624844274,0.0128624364072864,2.529338378289621,7994.0,3809.700854700856,2296.8534798534783,1781.402930402931,1005.5982905982906,2.0983274815748247,0.0,0.0,3983.303516186023,2595.621212890254,15.0,19.0,1.0,0.7378823058422942,0.7226256300863472,106.0
2025-12-26 14:43:18.173,1,2025-12-26 14:43:18.105,34114.78998778998,106.6087187118437,11685.136752136752,142.0,16646988.520871297,22716052.989580087,0.0143037620194672,0.0195185462870467,2.638562197138431,11685.136752136752,3690.5982905982905,3161.162393162393,2401.0,2198.7008547008545,3.166190365909286,2.0,4.0,4080.072122018347,4766.13606494612,15.0,19.0,1.0,0.6781984675525903,0.7388377020439968,68.0
2025-12-26 14:43:18.630,1,2025-12-26 14:43:18.527,21075.840048840048,65.86200015262514,5371.853479853478,147.0,4510943.207828303,7639877.064496487,0.0101554125701276,0.0171995301205243,2.531450103386325,5371.853479853478,4294.136752136752,2552.8192918192926,2095.3724053724054,1671.6410256410256,1.25097401175666,2.0,4.0,2123.898116160072,2764.032753875483,15.0,19.0,1.0,0.7584904287457812,0.9033094795219324,103.0
2025-12-26 14:43:19.055,1,2025-12-26 14:43:18.950,37504.04761904762,117.2001488095238,9973.136752136752,153.0,18948037.82076104,20428796.97171823,0.013471251991357,0.0145240090023862,2.721097450102234,9973.136752136752,5218.598290598291,4353.700854700855,3092.641025641026,2337.162393162393,1.911075771074815,1.0,0.0,4352.934391966072,4519.822670384119,15.0,19.0,1.0,0.6659345031215828,0.7305962742645571,105.0
2025-12-26 14:43:19.440,1,2025-12-26 14:43:19.372,45433.99511599512,141.98123473748475,17197.136752136754,140.0,37629825.20524149,33041800.676276047,0.0182293148913157,0.0160067017536936,2.4448362546597235,17197.136752136754,5562.598290598291,4086.641025641026,3312.162393162393,2232.3724053724054,3.0915654616296235,1.0,0.0,6134.315381951069,5748.199776997669,15.0,19.0,1.0,0.7129223565793553,0.7587015225457246,68.0
2025-12-26 14:43:19.847,1,2025-12-26 14:43:19.795,14375.8315018315,44.92447344322344,3661.5982905982905,135.0,2037830.8879939867,2250270.783080725,0.0098605739189694,0.0108885195160169,3.037155276381028,3661.5982905982905,1944.136752136752,1161.3345543345542,738.015873015873,599.0854700854701,1.883405725740248,2.0,5.0,1427.526142665691,1500.0902583113875,15.0,19.0,1.0,0.5637358047176536,0.7537913398606519,52.0
2025-12-26 14:43:20.225,1,2025-12-26 14:43:20.217,13503.112332112332,42.19722603785104,2872.136752136752,126.0,1653439.187595874,2311890.964243669,0.0090681869580243,0.0126794257978194,2.922441366981496,2872.136752136752,2634.5982905982905,1080.4358974358977,882.4310134310134,874.1623931623932,1.0901611689285005,2.0,10.0,1285.8612629657505,1520.4903696648885,15.0,19.0,1.0,0.6179141624202491,0.7573114107731489,8.0
2025-12-26 14:43:20.661,1,2025-12-26 14:43:20.640,36912.58974358975,115.35184294871796,11710.136752136752,137.0,20275288.64511936,23182755.79834017,0.0148805167815994,0.0170143761077336,2.576972540282662,11710.136752136752,6138.598290598291,2820.641025641026,2797.162393162393,2369.7008547008545,1.9076238903056693,2.0,3.0,4502.808972754602,4814.847432509173,15.0,19.0,1.0,0.6999302811238095,0.7497444958820941,21.0
2025-12-26 14:43:21.080,1,2025-12-26 14:43:21.062,11676.252747252747,36.48828983516484,3160.136752136752,109.0,1642457.6269737317,2139302.887009005,0.0120472299417793,0.015691530406417,2.763442105707324,3160.136752136752,2365.5982905982905,687.6410256410256,634.015873015873,500.0854700854701,1.3358720982742072,2.0,4.0,1281.5840303989949,1462.635596110325,15.0,19.0,1.0,0.629266732274662,0.7954253391587246,18.0
2025-12-26 14:43:21.463,1,2025-12-26 14:43:21.485,31524.608058608057,98.51440018315016,9229.136752136752,135.0,13790403.412147896,15981458.133295184,0.0138764245718637,0.0160811465558517,2.4720087620241737,9229.136752136752,6274.598290598291,2817.7008547008545,2391.641025641026,1818.990231990232,1.4708729267918237,1.0,0.0,3713.543242261748,3997.681594786556,15.0,19.0,1.0,0.7147453542698011,0.7296714228402225,22.0
2025-12-26 14:43:21.860,1,2025-12-26 14:43:21.907,49020.95482295482,153.19048382173384,11062.136752136752,150.0,33816848.093032174,35806303.74722768,0.0140724461154933,0.0149003324819521,2.526754848458697,11062.136752136752,11032.853479853478,4679.0,4404.598290598291,2843.7008547008545,1.0026541884504987,1.0,0.0,5815.225541028669,5983.836875051632,15.0,19.0,1.0,0.6940356323161053,0.8247267708045843,47.0
2025-12-26 14:43:22.255,1,2025-12-26 14:43:22.329,33223.19536019536,103.8224855006105,10677.136752136752,134.0,17437196.598964404,20334224.00402517,0.0157977000702288,0.018422340434902,2.6064331060405355,10677.136752136752,4484.641025641025,3971.372405372405,2269.5982905982905,1817.3833943833945,2.380823056090248,2.0,4.0,4175.786943674738,4509.348512149529,15.0,19.0,1.0,0.6989132627486868,0.8476161729541497,74.0
2025-12-26 14:43:22.689,1,2025-12-26 14:43:22.752,25829.28571428572,80.71651785714286,6381.136752136752,117.0,10082621.676066993,10475985.50004545,0.0151129302892827,0.0157025467839909,2.488838560557449,6381.136752136752,6369.598290598291,2324.8534798534783,2090.015873015873,1926.6410256410256,1.0018114896750223,1.0,0.0,3175.3144216072515,3236.662710268936,15.0,19.0,1.0,0.7391704761965254,0.8179547451248691,63.0
2025-12-26 14:43:23.159,1,2025-12-26 14:43:23.174,19299.277167277167,60.310241147741145,3176.136752136752,128.0,2151259.5698880632,5019975.146990866,0.0057757811455918,0.0134778146771186,3.248105518815988,3176.136752136752,2026.5982905982903,1817.8534798534783,1412.6898656898657,948.885225885226,1.5672256148985146,2.0,4.0,1466.717276740157,2240.530104013527,15.0,19.0,1.0,0.4861406742254071,0.8389356823323812,15.0
2025-12-26 14:43:23.567,1,2025-12-26 14:43:23.597,57290.274725274736,179.03210851648356,11481.853479853478,152.0,29883493.40058277,41989264.73311984,0.009104782084176,0.0127931196043625,3.191977996576849,11481.853479853478,4588.136752136752,4174.0,3924.5982905982905,3228.641025641026,2.50250899224042,2.0,4.0,5466.579680255541,6479.912401654812,15.0,19.0,1.0,0.4782178071166107,0.8101996484070282,30.0
2025-12-26 14:43:23.952,1,2025-12-26 14:43:24.019,13497.936507936509,42.18105158730159,2526.7008547008545,140.0,1893905.288494127,1219946.2668378905,0.0103949760927301,0.0066958534596407,3.1438912687082428,2526.7008547008545,1665.5982905982903,1194.015873015873,876.1367521367522,817.3345543345542,1.516992944194086,1.0,0.0,1376.1923152285538,1104.5117775912986,15.0,19.0,1.0,0.5245087884820787,0.5956687631899156,67.0
2025-12-26 14:43:24.378,1,2025-12-26 14:43:24.442,9388.95115995116,29.340472374847373,1527.3724053724054,125.0,496495.73517848895,748126.990773983,0.0056322427217301,0.0084867452027595,3.39157804047548,1527.3724053724054,610.5982905982906,598.6410256410256,584.1367521367522,574.5750915750916,2.501435770272659,1.0,0.0,704.6245348967697,864.9433454128559,15.0,19.0,1.0,0.4148837819008756,0.8341522151292469,64.0
2025-12-26 14:43:24.813,1,2025-12-26 14:43:24.864,11261.262515262517,35.19144536019536,3032.136752136752,121.0,1593272.5593398528,1585313.463141879,0.0125636523722596,0.0125008914107138,2.9053652958126825,3032.136752136752,1289.5982905982903,1209.162393162393,810.3724053724054,568.4310134310134,2.3512257842150865,1.0,0.0,1262.2490084527112,1259.092317164186,15.0,19.0,1.0,0.6135813675718371,0.7093055884142596,51.0
2025-12-26 14:43:25.249,1,2025-12-26 14:43:25.287,33971.221001221,106.16006562881562,5074.0,155.0,15628095.553723846,12199995.196755696,0.0135420291596556,0.0105715178240484,3.234845089159044,5074.0,5037.700854700855,3689.8534798534783,1655.6410256410256,1528.162393162393,1.007205498370207,1.0,0.0,3953.2386158343447,3492.8491517321067,15.0,19.0,1.0,0.4999925599597012,0.6788025345018189,38.0
2025-12-26 14:43:25.636,1,2025-12-26 14:43:25.709,23061.155067155065,72.06610958485957,6697.853479853478,139.0,5924569.537201567,7099425.558038121,0.0111402436395649,0.0133493800555265,2.816385398722688,6697.853479853478,2594.5982905982905,2347.8192918192926,1547.6898656898657,1371.7008547008545,2.581460684731444,1.0,0.0,2434.0438650939645,2664.4747246011025,15.0,19.0,1.0,0.6313500663892506,0.8301985282430187,73.0
2025-12-26 14:43:26.028,1,2025-12-26 14:43:26.132,11162.693528693528,34.883417277167275,1729.5982905982903,125.0,881105.5738593691,1513551.2019813468,0.0070711483041512,0.0121467226319517,3.087091709599828,1729.5982905982903,1574.1367521367522,1151.6410256410256,825.4029304029309,722.7008547008545,1.0987598683846331,2.0,5.0,938.6722398469922,1230.2646877730608,15.0,19.0,1.0,0.5378164184161703,0.8036293269727528,104.0
2025-12-26 14:43:26.445,1,2025-12-26 14:43:26.343,30394.63492063492,94.98323412698412,9197.136752136752,153.0,13519625.69593098,13620300.14197488,0.0146342613013708,0.0147432359270678,2.6504836174793684,9197.136752136752,5690.598290598291,2884.162393162393,2002.4310134310133,1529.3345543345542,1.616198558125279,1.0,0.0,3676.904363174405,3690.569081046293,15.0,19.0,1.0,0.7009020854927014,0.7326570551016771,102.0
2025-12-26 14:43:26.897,1,2025-12-26 14:43:26.765,20596.921855921857,64.3653807997558,4134.700854700855,124.0,3970345.708098984,4718281.036513673,0.0093588757368793,0.0111219045289506,2.977330473216437,4134.700854700855,3685.5982905982905,1430.4310134310135,1219.8192918192926,1217.8534798534783,1.121853367809257,1.0,0.0,1992.572635589224,2172.160453675942,15.0,19.0,1.0,0.5674829963508266,0.6185747731072999,132.0
2025-12-26 14:53:08.395,2,2025-12-26 14:53:08.294,962602.5567765568,3008.13298992674,302570.463980464,116.0,21641110815.12486,14234489711.824629,0.0233553041372655,0.015362004256551,2.19751609498671,302570.463980464,177418.28205128206,152193.75213675213,60481.21489621489,52626.58241758242,1.7054074725681625,1.0,0.0,147109.17991452763,119308.3807275274,14.0,18.0,0.9473684210526316,0.7742450819765425,0.0216023843195933,101.0
2025-12-26 14:53:08.867,2,2025-12-26 14:53:08.928,536626.293040293,1676.9571657509157,181051.25885225885,158.0,7221871391.999887,5301656951.541608,0.0250787481591624,0.0184105908700162,2.0158519310163783,181051.25885225885,132266.76434676434,70672.431013431,50291.19658119658,26846.70085470085,1.3688341114748572,1.0,0.0,84981.59443079359,72812.47799341544,15.0,19.0,1.0,0.8593100219443153,0.0892353392390217,61.0
2025-12-26 14:53:09.334,2,2025-12-26 14:53:09.350,6835909.461538462,21362.21706730769,2580922.7643467644,101.0,1351958372591.3413,771692277515.6809,0.0289314843215534,0.016513972235118,2.0022098707676848,2580922.7643467644,1212901.214896215,792737.2588522589,738078.9902319902,413328.3577533577,2.127891977227186,0.0,0.0,1162737.4478322014,878460.1741204213,14.0,19.0,1.0,0.8393862760126758,0.0232383469305756,16.0
2025-12-26 14:53:09.804,2,2025-12-26 14:53:09.773,1945689.694749695,6080.280296092797,694667.2588522589,116.0,96616339965.86526,75959382776.5521,0.0255213371071076,0.0200647738775151,1.896187089570725,694667.2588522589,449642.40293040295,369245.7008547009,121214.0,68009.85347985348,1.5449327161428326,0.0,0.0,310831.69073610444,275607.29811917554,15.0,17.0,0.8947368421052632,0.8751545638094521,0.3859988403282277,31.0
2025-12-26 14:53:10.271,2,2025-12-26 14:53:10.195,541591.4786324787,1692.473370726496,133372.25885225885,113.0,5348714395.682281,3858114849.997744,0.0182349998230768,0.0131532025086086,2.482508503994546,133372.25885225885,93894.70085470086,58120.819291819294,54367.85347985348,35993.40293040293,1.4204450052899882,0.0,0.0,73134.90545343093,62113.72513380391,15.0,18.0,0.9473684210526316,0.693786830542096,0.4323989849469566,76.0
2025-12-26 14:53:10.747,2,2025-12-26 14:53:10.829,44776.73504273505,139.927297008547,5567.853479853478,143.0,12389838.771170892,23579514.19749419,0.0061796063177702,0.0117606142901419,3.362151959710044,5567.853479853478,5044.136752136752,3557.8192918192926,3498.6898656898657,3312.5982905982905,1.1038268297333076,1.0,0.0,3519.9202790931063,4855.874194982217,15.0,19.0,1.0,0.4685714056657501,0.7936704331401645,82.0
2025-12-26 14:53:11.225,2,2025-12-26 14:53:11.252,39713.980463980464,124.10618894993895,7058.4310134310135,140.0,11183510.449476205,18408269.33045012,0.0070907359353636,0.0116714852137852,3.317127422729913,7058.4310134310135,4728.598290598291,4078.136752136752,1926.3724053724047,1589.076923076923,1.4927110698879953,1.0,0.0,3344.1756008732864,4290.485908431598,15.0,19.0,1.0,0.4880048576896643,0.5873722512163293,27.0
2025-12-26 14:53:11.671,2,2025-12-26 14:53:11.674,123719.32600732605,386.62289377289386,32464.43101343101,122.0,218666966.66454503,194232917.7297817,0.0142859159173379,0.0126895944704975,2.781765731567232,32464.43101343101,16900.162393162394,16764.196581196582,9609.168498168498,5791.853479853478,1.9209537907495973,2.0,4.0,14787.392152254062,13936.747028262433,15.0,19.0,1.0,0.6589901076650185,0.2383811014667392,3.0
2025-12-26 14:53:12.113,2,2025-12-26 14:53:12.096,94107.3492063492,294.0854662698413,18134.43101343101,135.0,67963135.19141792,97980937.58241393,0.0076740800309084,0.0110635501789775,3.019369142006937,18134.43101343101,10296.076923076924,7016.853479853478,6714.700854700855,6530.689865689866,1.761295214567014,2.0,5.0,8243.97569085559,9898.532092306108,15.0,19.0,1.0,0.5174171044812133,0.5001360836471751,17.0
2025-12-26 14:59:44.555,1,2025-12-26 14:59:44.570,4542858.608058608,14196.433150183151,1377599.0,155.0,525487908090.4367,377701342875.0604,0.0254626902485265,0.0183016433908599,1.90701424813672,1377599.0,1102250.402930403,649796.8534798535,537165.8192918192,358854.7008547009,1.2498058484148105,0.0,0.0,724905.4476898602,614574.11503826,15.0,19.0,1.0,0.8861527782122952,0.8548482833903293,15.0
2025-12-26 14:59:45.006,1,2025-12-26 14:59:44.993,2091804.437118437,6536.888865995116,777930.4029304029,140.0,116447412735.62312,95626448528.1058,0.0266126231359577,0.0218542479967871,1.6049723106182217,777930.4029304029,477440.2588522589,399434.7008547009,301658.0,61597.59829059829,1.6293774739493163,0.0,0.0,341243.91970498627,309235.2640435851,15.0,19.0,1.0,0.9647464768302804,0.5628176927621118,13.0
2025-12-26 14:59:45.440,1,2025-12-26 14:59:45.415,1186609.8339438338,3708.1557310744806,583334.0,139.0,44717038459.74175,34260271615.990547,0.0317582926790585,0.0243318379463843,1.5141991333581797,583334.0,228365.40293040287,177398.70085470084,96512.25885225883,58171.85347985348,2.5543886793472628,0.0,0.0,211464.03585418905,185095.30414354263,15.0,19.0,1.0,0.9639075822553432,0.7623761622431238,25.0
2025-12-26 14:59:45.869,1,2025-12-26 14:59:45.838,278583.10989010986,870.5722184065933,98781.40293040292,142.0,1581031650.2969162,1750785174.8892643,0.0203718748553442,0.0225591793021587,1.9208012178653848,98781.40293040292,56482.0,41236.85347985348,33581.819291819294,19221.59829059829,1.7489005865656524,0.0,0.0,39762.18870103753,41842.38490919542,15.0,19.0,1.0,0.8948987398805823,0.9337871946434716,31.0
2025-12-26 14:59:46.312,1,2025-12-26 14:59:46.260,4125924.9145299145,12893.515357905982,1162540.8192918194,135.0,441182829623.2924,302921710792.4796,0.025916476803728,0.017794580758735,1.8760132532973053,1162540.8192918194,885653.4029304029,764554.0,735368.8534798535,198402.01343101345,1.3126363151152185,0.0,0.0,664215.9510455108,550383.2399269437,15.0,19.0,1.0,0.9080434488614406,0.9747611477579506,52.0
2025-12-26 14:59:46.783,1,2025-12-26 14:59:46.683,495336.8534798536,1547.9276671245425,141532.8192918193,135.0,4719953784.556057,4520029152.781588,0.0192369609829874,0.01842213471211,2.33943663331669,141532.8192918193,101003.85347985348,87138.01343101343,40505.33455433456,12616.383394383394,1.4012615797876309,1.0,0.0,68701.91980255033,67231.1620662739,15.0,19.0,1.0,0.7728001691418114,0.9498256638334106,100.0
2025-12-26 14:59:47.240,1,2025-12-26 14:59:47.316,260759.69963369964,814.8740613553114,72685.40293040292,153.0,765013289.4091858,814908734.3499649,0.0112509199664097,0.0119847237649694,2.4710049989882097,72685.40293040292,39690.442002442,31239.0,23204.25885225885,20819.70085470085,1.8313074700939087,1.0,0.0,27658.87361063689,28546.606354345604,15.0,19.0,1.0,0.7195851387441702,0.8098996538685088,76.0
2025-12-26 14:59:47.663,1,2025-12-26 14:59:47.739,80429.59096459097,251.3424717643468,17677.40293040293,129.0,87153948.79066123,127488243.3165561,0.0134727220122229,0.0197078122777455,2.480448894569995,17677.40293040293,13564.819291819293,12250.0,10361.853479853478,7491.372405372405,1.3031801272179544,1.0,0.0,9335.62792696138,11291.06918394162,15.0,19.0,1.0,0.7627223683688085,0.9660051522778926,76.0
2025-12-26 14:59:48.059,1,2025-12-26 14:59:48.161,91536.91086691088,286.0528464590965,24013.40293040293,155.0,156699930.91323125,122219973.81255004,0.0187014939431228,0.0145864525061576,2.465082075601193,24013.40293040293,12928.853479853478,10046.0,9427.819291819293,9116.258852258852,1.8573497617418444,1.0,0.0,12517.984299128644,11055.31427923015,15.0,19.0,1.0,0.7159115807350531,0.7474094599174801,102.0
2025-12-26 14:59:48.513,1,2025-12-26 14:59:48.584,167969.10134310136,524.9034416971917,53636.40293040293,148.0,565474386.4371458,591484177.5658331,0.0200426037622717,0.0209644915613218,2.0203149453791966,53636.40293040293,37015.0,27037.70085470085,24921.25885225885,5714.246642246642,1.4490450609320948,1.0,0.0,23779.70534798835,24320.44772543945,15.0,19.0,1.0,0.8830469895569293,0.5895469073349943,71.0
2025-12-26 14:59:48.974,1,2025-12-26 14:59:49.006,151131.50183150184,472.28594322344327,28443.540903540903,150.0,211384139.3517908,235153732.85073408,0.0092547012080499,0.0102953681490233,2.8491095200803525,28443.540903540903,22161.40293040293,15657.246642246642,13758.168498168498,10914.700854700855,1.2834720343682893,1.0,0.0,14539.055655433427,15334.723109685876,15.0,19.0,1.0,0.6016949393544949,0.3374023220848489,32.0
2025-12-26 14:59:49.415,1,2025-12-26 14:59:49.429,135962.1807081807,424.8818147130647,31968.40293040293,89.0,203973265.9517069,248568660.24548984,0.0110341023083912,0.013446526999562,2.813493666404661,31968.40293040293,14652.819291819293,14060.853479853478,12397.246642246642,8546.0,2.181723687007373,1.0,0.0,14281.920947537375,15766.060390772636,15.0,18.0,0.9473684210526316,0.600353141727819,0.6899327280068654,14.0
2025-12-26 14:59:49.853,1,2025-12-26 14:59:49.851,315369.0964590965,985.5284264346764,106916.40293040292,110.0,2178104114.8899345,2471828639.5971284,0.0218998110508531,0.0248530728109844,1.8998241437633827,106916.40293040292,103783.0,27425.70085470085,26471.25885225885,9652.853479853478,1.0301918708305011,0.0,0.0,46670.16300474999,49717.48826717947,15.0,19.0,1.0,0.8696134757540693,0.784639836516924,2.0
2025-12-26 14:59:50.293,1,2025-12-26 14:59:50.274,87416.71306471307,273.1772283272284,11163.700854700855,126.0,61211810.9582506,81325854.48092368,0.008010253917499,0.0106424027365256,3.1657501773649583,11163.700854700855,11085.402930402932,7543.853479853478,7304.258852258852,5917.1623931623935,1.0070631554656595,1.0,0.0,7823.797732447497,9018.084856604735,15.0,19.0,1.0,0.4920612661166431,0.5623507981530531,19.0
2025-12-26 14:59:50.729,1,2025-12-26 14:59:50.696,106317.4297924298,332.2419681013431,20153.40293040293,155.0,112100192.0414114,165603102.18904215,0.0099173906014282,0.0146507389444101,3.0152387507951204,20153.40293040293,11807.258852258852,10829.700854700855,8747.819291819293,6484.598290598291,1.7068655123577363,1.0,0.0,10587.73781510533,12868.686886743424,15.0,19.0,1.0,0.5457504036079616,0.6612752202940023,33.0
2025-12-26 14:59:51.189,1,2025-12-26 14:59:51.119,1772963.5115995116,5540.510973748474,528400.2588522589,146.0,77582161975.65814,56676834240.91618,0.0246809733141696,0.0180304260387917,2.007314039841816,528400.2588522589,465965.7008547009,210745.40293040287,204634.0,127432.85347985348,1.133989600271084,0.0,0.0,278535.74631572544,238068.96950446145,15.0,19.0,1.0,0.867010632796623,0.3638168114593638,70.0
2025-12-26 14:59:51.607,1,2025-12-26 14:59:51.541,563364.9108669108,1760.5153464590962,105221.40293040292,129.0,5031292990.500996,4451183852.037668,0.0158525824851099,0.0140247763952602,2.647110109872058,105221.40293040292,100080.25885225883,89327.0,39279.76434676435,36174.70085470085,1.0513702116391657,1.0,0.0,70931.60783812105,66717.19307673,15.0,19.0,1.0,0.656915473160441,0.5545046587348882,66.0
2025-12-26 14:59:52.027,1,2025-12-26 14:59:51.963,569922.6691086692,1781.008340964591,138196.85347985348,97.0,6253094537.941423,3690873579.526386,0.0192514360597901,0.01136311250212,2.5506300640799804,138196.85347985348,107648.8192918193,72376.25885225885,37305.01343101343,35490.76434676435,1.2837749116896666,0.0,0.0,79076.51065861103,60752.56027136952,14.0,19.0,1.0,0.6860890618954341,0.6966138408864002,64.0
2025-12-26 14:59:52.509,1,2025-12-26 14:59:52.597,410303.70573870576,1282.1990804334555,120465.01343101345,157.0,4004855459.316401,2079242105.1993945,0.0237889880208196,0.0123507742128139,2.470053377283783,120465.01343101345,80368.8192918193,34938.40293040293,27320.33455433456,18897.234432234432,1.498902366521067,2.0,4.0,63283.92733796158,45598.707275529145,15.0,19.0,1.0,0.6872709183362431,0.9385620470211544,88.0
2025-12-26 14:59:52.970,1,2025-12-26 14:59:53.020,193571.77045177048,604.9117826617827,46182.01343101343,111.0,586283483.271528,406442624.64796245,0.015646730956174,0.0108471389326903,2.9261029558944367,46182.01343101343,19624.81929181929,17920.334554334553,14292.234432234432,13914.402930402932,2.353245283143182,2.0,6.0,24213.291458856394,20160.422233871057,15.0,19.0,1.0,0.5782547960302561,0.9738400121411412,50.0
2025-12-26 14:59:53.372,1,2025-12-26 14:59:53.442,120517.0512820513,376.6157852564103,35468.819291819294,147.0,176207927.6468823,235854017.7190302,0.0121318895907586,0.0162385140141833,2.806608139100505,35468.819291819294,10122.015873015873,9856.598290598293,9746.402930402932,6348.383394383394,3.5041260295166667,2.0,5.0,13274.333416291844,15357.539442209816,15.0,19.0,1.0,0.5936273665772474,0.8786266824573918,70.0
2025-12-26 14:59:53.762,1,2025-12-26 14:59:53.865,28019.273504273504,87.5602297008547,5869.700854700855,140.0,4393582.098426445,5016146.3867202895,0.0055963517681332,0.0063893467953156,3.4282193285104614,5869.700854700855,2739.6898656898657,1705.076923076923,1543.4420024420024,1469.1062271062272,2.142469090464258,1.0,0.0,2096.0873308205564,2239.675509246884,15.0,19.0,1.0,0.4756374525907233,0.6193666186082663,103.0
2025-12-26 14:59:54.143,1,2025-12-26 14:59:54.076,181572.20390720392,567.4131372100122,52417.40293040293,157.0,685178858.541098,592526176.4078968,0.0207828557903834,0.0179725131953614,2.2166129662582,52417.40293040293,51696.819291819294,19231.85347985348,16439.0,10730.015873015873,1.0139386455192738,1.0,0.0,26175.92135037653,24341.86057818705,15.0,19.0,1.0,0.8289544783628583,0.9164767363827636,67.0
2025-12-26 14:59:54.608,1,2025-12-26 14:59:54.710,47830.503052503045,149.47032203907202,10852.819291819293,146.0,20799837.80099989,29121369.554097347,0.0090918037180768,0.0127292231083986,3.193666030984927,10852.819291819293,6845.015873015873,2815.8534798534783,2797.5982905982905,2227.013431013431,1.5855068115475413,2.0,7.0,4560.683918120164,5396.421921430658,15.0,19.0,1.0,0.5339333424586128,0.8341692793809633,102.0
2025-12-26 14:59:55.058,1,2025-12-26 14:59:55.132,185815.01221001224,580.6719131562883,38886.01343101343,150.0,484325596.00182986,390219726.67066514,0.0140273561948855,0.0113018001639121,2.689477069090559,38886.01343101343,28375.81929181929,26037.234432234432,15726.076923076924,14602.015873015873,1.3703926230677272,2.0,4.0,22007.398665036035,19753.980021015137,15.0,19.0,1.0,0.6653238534431929,0.9353420181473514,74.0
2025-12-26 14:59:55.449,1,2025-12-26 14:59:55.554,235273.1929181929,735.2287278693528,69587.01587301587,131.0,1080149228.5284126,982678659.967873,0.0195136659904144,0.0177527906700872,2.187938820160257,69587.01587301587,54805.819291819294,32952.59829059829,21461.40293040293,13764.162393162393,1.2697012246544712,1.0,0.0,32865.623811642654,31347.70581666022,15.0,19.0,1.0,0.818499534054256,0.8599798914046553,105.0
2025-12-26 14:59:55.846,1,2025-12-26 14:59:55.766,165887.50061050063,518.3984394078145,59555.43101343101,141.0,587670861.492741,443202886.4472063,0.0213553567085775,0.0161055385838084,2.4145916193477848,59555.43101343101,26629.59829059829,14674.162393162393,11743.258852258852,9452.196581196582,2.2364374544266075,2.0,4.0,24241.923634331102,21052.38434114308,15.0,19.0,1.0,0.7357675935887864,0.3816673263195257,80.0
2025-12-26 14:59:56.268,1,2025-12-26 14:59:56.188,282353.6654456654,882.3552045177045,62555.43101343101,136.0,1452110766.6039486,796200043.2935187,0.0182143167795221,0.0099870065989068,2.631671745800271,62555.43101343101,35540.819291819294,35160.59829059829,25401.01343101343,25060.25885225885,1.7601009841612776,2.0,4.0,38106.57117353841,28217.016909898863,15.0,19.0,1.0,0.6506666757420719,0.614384958165973,80.0
2025-12-26 14:59:56.714,1,2025-12-26 14:59:56.611,164720.01465201465,514.7500457875458,59771.43101343101,159.0,503306088.4622372,547688661.6798426,0.0185498088873912,0.0201855694513705,2.3687643486833907,59771.43101343101,25696.25885225885,19650.59829059829,12357.162393162393,5290.282051282052,2.3260752219646337,2.0,4.0,22434.484359178776,23402.74901971652,15.0,19.0,1.0,0.7452994273955422,0.2561492883487806,103.0
2025-12-26 14:59:57.203,1,2025-12-26 14:59:57.244,1154458.409035409,3607.6825282356535,358118.7643467644,104.0,33192819295.60844,28639945079.30141,0.0249050580679918,0.0214889699158055,1.7912406141443142,358118.7643467644,357968.19658119656,152380.25885225885,136232.43101343102,51226.28205128205,1.0004206177168944,1.0,0.0,182188.9658997176,169233.40414735329,15.0,18.0,0.9473684210526316,0.9146504755655904,0.0171465863144954,41.0
2025-12-26 14:59:57.611,1,2025-12-26 14:59:57.667,318659.4566544566,995.810802045177,103708.25885225883,157.0,2528955316.244288,1873999198.228748,0.0249050566163921,0.0184550734570796,2.008541600542377,103708.25885225883,73173.40293040292,55243.43101343101,31069.59829059829,12085.764346764348,1.4172944635484148,1.0,0.0,50288.71957252728,43289.71238329896,15.0,19.0,1.0,0.863870347120937,0.4034735141504617,56.0
2025-12-26 14:59:58.015,2,2025-12-26 14:59:58.089,717784.2551892551,2243.075797466422,269442.4029304029,144.0,13257329247.32596,11088508186.13677,0.0257316826580392,0.0215221307756457,1.7940209265190925,269442.4029304029,157261.8192918193,133049.59829059828,78646.01587301587,18319.0,1.7133364229394843,1.0,0.0,115140.4761468614,105301.98567043628,15.0,19.0,1.0,0.9149251068661032,0.9558929881054968,74.0
2025-12-26 14:59:58.460,2,2025-12-26 14:59:58.512,75759.19658119658,236.7474893162393,25650.40293040293,152.0,88584944.48994014,117621288.48391972,0.0154343802876868,0.0204934563863129,2.488863620733873,25650.40293040293,12055.819291819293,7294.0,6225.136752136752,5271.853479853478,2.127636646628104,2.0,3.0,9411.95752699406,10845.334871912426,15.0,19.0,1.0,0.7457472492288059,0.9232810494507072,52.0
2025-12-26 14:59:58.887,2,2025-12-26 14:59:58.934,42549.231990232,132.96634996947498,7733.402930402931,159.0,13892511.794989798,26268833.000291824,0.0076735675961034,0.014509663095711,3.106478564727921,7733.402930402931,5349.598290598291,4230.372405372405,3617.258852258852,3084.8571428571427,1.4456044193061444,2.0,4.0,3727.2659946655,5125.312966082347,15.0,19.0,1.0,0.5644165240632847,0.6559786621952478,47.0
2025-12-26 14:59:59.353,2,2025-12-26 14:59:59.357,157471.80708180708,492.0993971306472,54440.40293040293,107.0,610167990.5146838,502514366.4770733,0.0246061574225216,0.0202648250987135,1.963801127087471,54440.40293040293,42975.258852258856,20755.43101343101,15652.598290598293,7253.0,1.2667847590530612,2.0,4.0,24701.57870490637,22416.83221325157,15.0,19.0,1.0,0.8958853886359507,0.5611181287097422,4.0
2025-12-26 14:59:59.741,2,2025-12-26 14:59:59.779,607461.8974358975,1898.31842948718,299977.25885225885,151.0,9089086581.793436,9716611762.112988,0.024631006327622,0.026331570685558,1.818124265311844,299977.25885225885,82139.431013431,66254.70085470086,40501.76434676435,28176.85347985348,3.652049389083356,1.0,0.0,95336.70112707611,98572.87538726354,15.0,19.0,1.0,0.8511645104482779,0.1507739581083759,38.0
2025-12-26 15:00:00.165,2,2025-12-26 15:00:00.202,373005.59584859584,1165.642487026862,164972.25885225885,118.0,3515013382.8947067,3236600134.7973194,0.0252636611984043,0.023262605382427,1.8592013870890365,164972.25885225885,66623.76434676435,60347.70085470085,21587.43101343101,17394.990231990232,2.476177389101077,0.0,0.0,59287.5482955292,56891.12527272878,15.0,19.0,1.0,0.8871881520873173,0.071215471098593,37.0
2025-12-26 15:00:00.600,2,2025-12-26 15:00:00.624,313987.9255189255,981.212267246642,81113.25885225885,150.0,2181193880.3148284,1547880421.2732227,0.0221242407421118,0.0157004287373607,2.289497807974336,81113.25885225885,79941.76434676435,40490.99023199023,33274.70085470085,16629.40293040293,1.0146543488884217,1.0,0.0,46703.253423234106,39343.11148439105,15.0,19.0,1.0,0.8008273464673735,0.136211544278642,24.0
2025-12-26 15:00:01.049,2,2025-12-26 15:00:01.047,135227.6056166056,422.58626755189255,29624.85347985348,91.0,258147197.84174532,244320937.4398225,0.0141168141923819,0.0133607232849413,2.4115408580501843,29624.85347985348,24840.40293040293,24013.81929181929,17137.0,10661.246642246642,1.1926076063602622,1.0,0.0,16066.959819509892,15630.768933095467,15.0,19.0,1.0,0.7859143986150042,0.7764730198601748,2.0
2025-12-26 15:00:01.463,2,2025-12-26 15:00:01.469,41563.057387057386,129.88455433455434,7911.404151404151,153.0,17400609.67698368,21779328.75696986,0.0100727833144744,0.0126075156776741,2.907869023498323,7911.404151404151,6980.246642246642,5188.168498168498,4719.540903540904,2379.6898656898657,1.133398940879928,1.0,0.0,4171.403801717556,4666.832840050077,15.0,19.0,1.0,0.6539232618992289,0.2448744928928561,6.0
2025-12-26 15:00:01.873,2,2025-12-26 15:00:01.891,21967.43833943834,68.64824481074481,3524.4041514041514,138.0,2628275.2180552203,5619408.087171497,0.0054464310254105,0.0116447921207659,3.1670401985673635,3524.4041514041514,2417.076923076923,2172.6898656898657,1477.948717948718,1473.162393162393,1.4581265981870988,1.0,0.0,1621.1956137540035,2370.529073260123,15.0,19.0,1.0,0.5037128990782666,0.4978689182101465,18.0
2025-12-26 15:00:02.279,2,2025-12-26 15:00:02.314,16201.47496947497,50.62960927960928,4598.0,129.0,2481816.1434313045,4157911.616017836,0.0094549774380455,0.0158404000324064,3.125604316036158,4598.0,1537.076923076923,852.4029304029309,839.6898656898657,746.3724053724054,2.991392253025779,1.0,0.0,1575.3780953889463,2039.0957839242951,15.0,19.0,1.0,0.5291828145705817,0.7886664926269812,35.0
2025-12-26 15:00:02.729,2,2025-12-26 15:00:02.736,35884.230769230766,112.13822115384616,7865.246642246642,141.0,10978600.139618743,21464376.4076504,0.0085258892261961,0.0166690555474916,2.9714961643733977,7865.246642246642,6132.1623931623935,2590.4041514041514,2487.3724053724054,2253.136752136752,1.282622040638621,1.0,0.0,3313.3970694166346,4632.9662644628,15.0,19.0,1.0,0.5943647637727796,0.3169605077513969,7.0
2025-12-26 15:00:03.163,2,2025-12-26 15:00:03.159,18541.772893772893,57.94304029304029,3289.2466422466423,127.0,3923435.136869913,4192339.149344312,0.0114120577941073,0.0121942162915391,3.002181356452736,3289.2466422466423,2722.162393162393,2646.3724053724054,1569.7008547008545,1342.1367521367522,1.2083212414172864,2.0,4.0,1980.7663004175715,2047.5202439400475,15.0,19.0,1.0,0.6239758794318955,0.4140683690036832,4.0
2025-12-26 15:00:03.553,1,2025-12-26 15:00:03.581,29959.158730158728,93.62237103174604,5226.372405372405,143.0,7038887.37577989,9943925.442059165,0.0078423241369837,0.011078950741414,3.001079320067314,5226.372405372405,4248.383394383394,3414.7008547008545,1988.857142857143,1822.076923076923,1.2302026253752751,1.0,0.0,2653.090155984129,3153.399029945174,15.0,19.0,1.0,0.55743857398701,0.7800280895224174,28.0
2025-12-26 15:00:03.963,1,2025-12-26 15:00:04.004,33376.429792429786,104.30134310134308,10222.136752136752,140.0,13658763.943235558,16924247.647705756,0.012261162292714,0.0151925128769336,2.612647735004045,10222.136752136752,5207.372405372405,4649.700854700855,1505.162393162393,1497.3833943833945,1.9630124286076969,2.0,5.0,3695.776500714776,4113.909047087181,15.0,19.0,1.0,0.69155856223395,0.727371380942771,41.0
2025-12-26 15:00:04.385,1,2025-12-26 15:00:04.426,35234.47741147741,110.1077419108669,6143.853479853478,145.0,14136767.660861362,12650576.935908807,0.0113871345242438,0.0101900112412056,2.92411791570596,6143.853479853478,5534.700854700855,3814.4420024420015,3487.4420024420024,3471.641025641026,1.1100606231742651,1.0,0.0,3759.889314974759,3556.7649537056573,15.0,19.0,1.0,0.6372190256400712,0.7300415146572188,41.0
2025-12-26 15:00:04.824,1,2025-12-26 15:00:04.849,29166.50427350427,91.14532585470084,3326.7008547008545,149.0,3387720.381994662,6167626.7872697245,0.0039823442230044,0.0072501889578824,3.561655807690751,3326.7008547008545,2559.6898656898657,2368.4420024420024,2205.076923076923,1417.3833943833945,1.299649969041453,2.0,3.0,1840.5761005714112,2483.4707139947764,15.0,19.0,1.0,0.4072237429935105,0.730055011923223,25.0
2025-12-26 15:00:05.270,1,2025-12-26 15:00:05.271,53540.53968253969,167.31418650793654,14120.853479853478,146.0,38555567.6939804,48186041.77274214,0.0134499792105684,0.0168095374765848,2.600660443482672,14120.853479853478,8756.383394383394,6944.372405372405,3681.700854700856,3404.8192918192926,1.6126353591266231,1.0,0.0,6209.312980836156,6941.616654118991,15.0,19.0,1.0,0.689349222943395,0.8713126944397317,1.0
2025-12-26 15:00:05.653,1,2025-12-26 15:00:05.694,26381.25885225885,82.44143391330891,4159.0,147.0,7404476.929991217,9802034.600824656,0.0106390623454118,0.014083973549524,3.027053447014533,4159.0,3749.076923076923,3329.8534798534783,3162.8571428571427,1130.948717948718,1.10933973490881,1.0,0.0,2721.116853424567,3130.8201163312874,15.0,19.0,1.0,0.5887412860287292,0.8216826695200075,41.0
2025-12-26 15:00:06.087,1,2025-12-26 15:00:06.116,31718.55189255189,99.12047466422466,5862.076923076923,153.0,7125258.741868167,13742893.338077664,0.0070822937648087,0.0136600243338223,3.098321939206873,5862.076923076923,4611.372405372405,2398.136752136752,2222.6898656898657,2213.2466422466423,1.2712217552080878,1.0,0.0,2669.31802936034,3707.140857598705,15.0,19.0,1.0,0.5456592926168918,0.7350587781869721,29.0
2025-12-26 15:00:06.525,1,2025-12-26 15:00:06.539,16762.98534798535,52.38432921245421,3866.6898656898657,144.0,2230629.9439403005,4065762.1496020006,0.0079382504566891,0.0144690240210149,3.0477190438917945,3866.6898656898657,2197.076923076923,1509.4847374847377,858.7228327228327,779.1330891330891,1.7599246640272173,1.0,0.0,1493.529358245194,2016.3735144069915,15.0,19.0,1.0,0.5494908727110431,0.8299880143215795,14.0
2025-12-26 15:00:06.973,1,2025-12-26 15:00:06.961,16088.990231990232,50.27809447496948,4189.076923076923,153.0,2175782.47950429,3396232.906292147,0.008405390585768,0.0131201829073131,3.105163785165098,4189.076923076923,1379.6898656898657,1313.3833943833945,1187.3724053724054,946.6703296703296,3.0362453383531127,1.0,0.0,1475.0533819168345,1842.8871116517544,15.0,19.0,1.0,0.5603952012019489,0.852404927629645,12.0
2025-12-26 15:00:07.380,1,2025-12-26 15:00:07.384,13077.666666666664,40.867708333333326,2287.334554334554,129.0,1272394.1038140757,1518452.964998781,0.0074397976025796,0.0088785248963072,3.1178541053754403,2287.334554334554,2182.3833943833943,1051.3724053724054,903.6898656898657,726.6410256410256,1.048090156945024,1.0,0.0,1128.0044786321,1232.2552353302383,15.0,19.0,1.0,0.5468422944017051,0.8853227673607799,4.0
2025-12-26 15:00:07.786,1,2025-12-26 15:00:07.806,17723.2673992674,55.38521062271062,3734.0,137.0,1800335.4639779478,3672036.3715474806,0.0057314677977118,0.0116901314430857,3.287014736931677,3734.0,1559.6898656898657,1525.3833943833945,1131.4847374847377,926.3724053724054,2.394065693531978,2.0,3.0,1341.765800718571,1916.2558210081136,15.0,19.0,1.0,0.5008630859621762,0.8384802274225526,20.0
2025-12-26 15:00:08.173,1,2025-12-26 15:00:08.229,12338.124542124544,38.5566391941392,1798.0,136.0,1175215.6832922788,2082510.8970992053,0.0077200351731002,0.0136800908995119,3.266258226673928,1798.0,1752.8534798534783,977.7228327228328,872.3833943833944,808.8192918192926,1.0257560147863982,2.0,4.0,1084.07365215297,1443.0907445823375,15.0,19.0,1.0,0.5033000743003695,0.852411458017824,56.0
2025-12-26 15:00:08.603,1,2025-12-26 15:00:08.651,15725.151404151406,49.141098137973145,2582.3833943833943,144.0,1503825.888203513,3887453.9017513646,0.0060814604359552,0.0157208339645907,3.1195458767509545,2582.3833943833943,2049.8534798534783,1262.6898656898657,1106.722832722833,1054.924297924298,1.2597892579945378,2.0,3.0,1226.3057890279706,1971.66272515138,15.0,19.0,1.0,0.5123368076727349,0.9156864263008236,48.0
2025-12-26 15:00:09.043,1,2025-12-26 15:00:09.073,8364.222222222223,26.138194444444444,1516.8534798534783,121.0,827133.4871800225,432051.3044632737,0.0118229125839712,0.0061756716220924,3.208657068816132,1516.8534798534783,974.2222222222222,916.8571428571428,647.8192918192926,531.1807081807082,1.556989201490339,2.0,4.0,909.4687939561328,657.3060964750545,15.0,19.0,1.0,0.5483992083263458,0.82311966574291,30.0
2025-12-26 15:00:09.449,1,2025-12-26 15:00:09.496,45448.30891330892,142.02596535409037,14617.853479853478,152.0,56362051.35994221,22983342.089390986,0.0272867200337475,0.0111269906949976,2.5126674721258206,14617.853479853478,8190.0,4155.700854700855,3447.8192918192926,1970.402930402931,1.7848416947315864,1.0,0.0,7507.466374213222,4794.094501508183,15.0,19.0,1.0,0.7124968415996066,0.7245585258138372,47.0
2025-12-26 15:00:09.846,1,2025-12-26 15:00:09.918,18590.741147741148,58.09606608669109,3494.0,153.0,3604396.436895362,3044995.14501682,0.0104289153859704,0.0088103507130931,3.417271085197498,3494.0,1647.6898656898657,1427.4041514041514,1050.990231990232,953.4786324786324,2.1205446927568428,1.0,0.0,1898.524805446419,1744.9914455425906,15.0,19.0,1.0,0.4611738076189687,0.6207714830671804,72.0
2025-12-26 15:00:10.238,1,2025-12-26 15:00:10.341,41254.081807081806,128.91900564713063,7014.076923076923,157.0,14139772.71466154,18623979.30114978,0.0083082312797566,0.0109430561937471,2.9468298323957605,7014.076923076923,5535.689865689866,5453.246642246642,4443.540903540904,2770.948717948718,1.2670646465490802,1.0,0.0,3760.288913722128,4315.550868794131,15.0,19.0,1.0,0.6112729201058967,0.4493006841399357,103.0
2025-12-26 15:00:10.718,1,2025-12-26 15:00:10.763,26009.67887667888,81.28024648962148,5991.853479853478,147.0,6926999.295774681,5545918.626801093,0.0102394154179084,0.0081979169145248,3.316778789104634,5991.853479853478,2158.076923076923,1805.7008547008545,1337.2466422466423,1162.3577533577534,2.7764781763699564,1.0,0.0,2631.919317869505,2354.977415348413,15.0,19.0,1.0,0.4788692591050381,0.672060091089386,45.0
2025-12-26 15:00:11.148,1,2025-12-26 15:00:11.186,46088.82295482296,144.02757173382173,10751.853479853478,134.0,15229907.197246457,23075066.24480658,0.0071697831894664,0.0108630486000434,2.8580437522939994,10751.853479853478,7634.246642246642,3409.162393162393,2871.4041514041514,2797.8192918192926,1.4083712491489484,1.0,0.0,3902.5513702251833,4803.651345050615,15.0,19.0,1.0,0.5959033925732171,0.5664200829390574,38.0
2025-12-26 15:00:11.553,1,2025-12-26 15:00:11.608,26942.512820512824,84.19535256410258,5953.853479853478,122.0,7279460.953759028,7342707.613073193,0.0100282008695503,0.0101153296017407,3.099726432391828,5953.853479853478,3514.0,1611.4041514041514,1558.857142857143,1348.8192918192926,1.6943236994455846,1.0,0.0,2698.047618882778,2709.743089865383,15.0,19.0,1.0,0.5191399242940888,0.7807675166743283,55.0
2025-12-26 15:00:11.954,1,2025-12-26 15:00:12.031,21303.660561660563,66.57393925518926,4350.700854700855,148.0,2991889.6918447614,6851052.604621006,0.0065923022336444,0.0150955463068597,3.2219538969053687,4350.700854700855,2754.162393162393,1868.404151404152,1311.3724053724054,850.2466422466423,1.579682035271602,1.0,0.0,1729.7079787769846,2617.4515477122027,15.0,19.0,1.0,0.5226747964115135,0.2691661673648741,77.0
2025-12-26 15:00:12.369,1,2025-12-26 15:00:12.453,57755.92307692308,180.48725961538463,13434.168498168498,144.0,39079017.52368239,32057579.085698552,0.0117152234922291,0.0096103159036988,2.875207578360304,13434.168498168498,8518.540903540903,6369.1623931623935,6076.853479853478,3497.035409035409,1.5770504186441996,2.0,4.0,6251.321262235879,5661.94128243119,15.0,19.0,1.0,0.6561363521675171,0.2702495603736455,84.0
2025-12-26 15:00:12.808,1,2025-12-26 15:00:12.876,28374.33577533577,88.6697992979243,6033.076923076923,150.0,5772787.580028638,7569201.127383597,0.007170247877585,0.0094015322002143,3.23169591619042,6033.076923076923,3787.6898656898657,1515.5409035409036,1512.2466422466423,1506.6703296703297,1.5928117499072232,3.0,3.0,2402.66260220378,2751.2181170135523,15.0,19.0,1.0,0.505922844428392,0.623085936271216,68.0
2025-12-26 15:00:13.247,1,2025-12-26 15:00:13.298,29922.0757020757,93.50648656898656,4731.853479853478,147.0,5576449.346388932,6119256.645397988,0.0062283688921094,0.0068346335392987,3.35729966769163,4731.853479853478,2954.2466422466423,2323.8192918192926,2209.136752136752,2176.3724053724054,1.6017124001039404,2.0,4.0,2361.450686842504,2473.713129163927,15.0,19.0,1.0,0.4810972579161504,0.5857459220490309,51.0
2025-12-26 15:00:13.634,1,2025-12-26 15:00:13.721,15538.105006105005,48.55657814407814,2216.8534798534783,143.0,1452713.6134700913,1706247.337748676,0.0060170539047236,0.0070671756021486,3.4229720194845283,2216.8534798534783,1665.162393162393,1317.1367521367522,1143.1684981684982,945.7228327228328,1.331313683851585,2.0,6.0,1205.2856978617524,1306.2340287056818,15.0,19.0,1.0,0.469043294094098,0.5659662315055112,87.0
2025-12-26 15:00:14.031,1,2025-12-26 15:00:13.932,98689.32356532356,308.4041361416361,24736.43101343101,149.0,102079122.89634503,134482825.51613566,0.0104808519253554,0.0138078633587916,2.7095483198110664,24736.43101343101,13848.162393162393,11688.196581196582,9628.076923076924,7575.168498168498,1.786260899543103,2.0,4.0,10103.421346076044,11596.673036528004,15.0,19.0,1.0,0.6837217337331488,0.3043625538121374,99.0
2025-12-26 15:00:14.451,1,2025-12-26 15:00:14.354,78392.20146520146,244.97562957875456,16381.136752136752,156.0,71928480.08159377,97682904.29898892,0.0117045618733176,0.015895450536921,2.6601131901330763,16381.136752136752,14770.598290598293,11218.162393162393,7119.4310134310135,4939.853479853478,1.1090367790018691,2.0,3.0,8481.065975547754,9883.466208723989,15.0,19.0,1.0,0.6943188341679944,0.6588452200982442,97.0
2025-12-26 15:00:14.881,1,2025-12-26 15:00:14.777,45478.84981684982,142.12140567765567,8647.431013431013,132.0,19956137.205222104,25177447.467171155,0.0096484496745085,0.0121728635317267,2.9962369211748063,8647.431013431013,8040.136752136752,3058.162393162393,2442.5982905982905,2361.076923076923,1.075532827365379,2.0,4.0,4467.229253712205,5017.713370368136,15.0,19.0,1.0,0.5397982902221359,0.5879719263563945,104.0
2025-12-26 15:00:15.339,1,2025-12-26 15:00:15.410,97308.1391941392,304.087934981685,34580.19658119658,144.0,195448738.69373143,146253162.6540085,0.0206411807417725,0.0154456763680003,2.4485218058863927,34580.19658119658,16882.431013431014,8645.764346764347,6971.258852258852,4970.168498168498,2.048294854792171,2.0,5.0,13980.298233361527,12093.517381391091,15.0,19.0,1.0,0.7404295250993561,0.1471917200304956,71.0
2025-12-26 15:00:15.735,1,2025-12-26 15:00:15.833,80205.30525030525,250.6415789072039,20068.59829059829,155.0,106746967.569179,126665673.78972451,0.0165939338518601,0.0196903187044243,2.397926399434911,20068.59829059829,19703.43101343101,14522.402930402932,4429.076923076923,4027.258852258852,1.0185331822116328,2.0,4.0,10331.842409230749,11254.584567620634,15.0,19.0,1.0,0.7823767743783808,0.6371403241787308,98.0
2025-12-26 15:00:16.134,1,2025-12-26 15:00:16.044,68651.38095238095,214.53556547619047,31529.59829059829,150.0,137436945.69498616,93746839.19902386,0.029161169669076,0.0198910669179841,2.0984946110439324,31529.59829059829,13926.015873015873,3607.4310134310135,2805.136752136752,2074.0,2.264078870661796,2.0,4.0,11723.350446650742,9682.295141082192,15.0,19.0,1.0,0.7857406680077909,0.8821961700958908,90.0
2025-12-26 15:00:16.583,1,2025-12-26 15:00:16.678,240367.95482295484,751.1498588217339,82433.23443223443,154.0,1368524551.286904,1057200985.2834162,0.0236864216749896,0.0182980336809374,2.056016053307914,82433.23443223443,59853.01587301587,21159.442002442003,20735.641025641027,17656.819291819294,1.3772611660392078,1.0,0.0,36993.57445945044,32514.62725118368,15.0,19.0,1.0,0.8397049131354364,0.9804890045585596,95.0
2025-12-26 15:00:17.024,1,2025-12-26 15:00:17.100,71300.03418803419,222.81260683760684,19358.01587301588,147.0,53739156.959919214,80025586.52305986,0.0105708856017143,0.0157416187413638,2.780901607648843,19358.01587301588,12780.641025641024,5908.853479853478,5084.689865689866,2738.2344322344325,1.5146357552940846,2.0,5.0,7330.699622813583,8945.702125773016,15.0,19.0,1.0,0.6433437963783214,0.8846280438192856,76.0
2025-12-26 15:00:17.423,1,2025-12-26 15:00:17.523,26007.96703296704,81.27489697802199,4379.700854700855,147.0,3537953.749028384,6980634.165398834,0.0052304534244073,0.0103200562994845,3.3400254713207245,4379.700854700855,3482.015873015873,2407.8192918192926,1332.1367521367522,1228.2588522588524,1.257806114165187,0.0,0.0,1880.9449085575004,2642.088977570368,15.0,19.0,1.0,0.4933077471095006,0.5913191341527742,100.0
2025-12-26 15:00:17.837,1,2025-12-26 15:00:17.734,61580.79975579976,192.43999923687423,11789.136752136752,142.0,46754811.580952495,70544825.10527533,0.01232922168601,0.0186026369931535,2.5221728791091,11789.136752136752,10930.598290598293,10418.015873015873,7071.641025641025,6156.819291819293,1.0785445076941338,2.0,5.0,6837.749014182408,8399.096683886626,15.0,19.0,1.0,0.7529329176801355,0.9527673173268036,103.0
2025-12-26 15:00:18.255,1,2025-12-26 15:00:18.157,34146.94627594628,106.70920711233212,9242.641025641024,126.0,22263397.971295144,18717465.73997183,0.019093595031824,0.0160525231288524,2.3259975669470223,9242.641025641024,7622.136752136752,4609.598290598291,4061.015873015873,1981.3833943833945,1.2126049854784848,1.0,0.0,4718.410534416769,4326.368655116185,15.0,19.0,1.0,0.8058341473175259,0.9444439815865568,98.0
2025-12-26 15:00:18.697,1,2025-12-26 15:00:18.790,33396.4652014652,104.36395375457876,4701.015873015873,139.0,7761314.54844534,9240798.349215273,0.0069587988137614,0.00828530478817,3.0993653000800983,4701.015873015873,4628.334554334554,2903.6898656898657,2814.7008547008545,2274.7228327228327,1.0157035576895008,1.0,0.0,2785.913593140559,3039.868146682562,15.0,19.0,1.0,0.5186915404359463,0.8029905265503318,93.0
2025-12-26 15:00:19.162,1,2025-12-26 15:00:19.213,48603.98656898657,151.88745802808302,8733.136752136752,156.0,17006433.046299085,40278185.939968005,0.0071989548410816,0.0170500681049997,2.988857281510998,8733.136752136752,8176.853479853478,4122.689865689866,4095.0,2661.5982905982905,1.068031459002268,2.0,4.0,4123.885673281824,6346.509744731194,15.0,19.0,1.0,0.5717489520913026,0.8819950377656425,51.0
2025-12-26 15:00:19.554,1,2025-12-26 15:00:19.635,30673.14652014652,95.85358287545787,9378.431013431013,128.0,16308443.895085158,16049460.623029703,0.0173338831876754,0.0170586156137578,2.446443113827,9378.431013431013,5274.1623931623935,4717.598290598291,2654.136752136752,1216.2588522588524,1.7781839682425695,1.0,0.0,4038.371440950567,4006.177807215964,15.0,19.0,1.0,0.7576851395510343,0.386709298206486,81.0
2025-12-26 15:00:19.948,1,2025-12-26 15:00:19.846,22502.79731379732,70.32124160561662,7116.853479853478,141.0,5022830.608341208,6109315.301016229,0.0099191741507192,0.0120647832144287,2.8423814366808697,7116.853479853478,2738.162393162393,1949.8192918192929,1378.4310134310135,1087.2588522588524,2.599134915307705,0.0,0.0,2241.167242385362,2471.7029152016285,15.0,19.0,1.0,0.6341667140988999,0.6095161361297857,102.0
2025-12-26 15:00:20.374,1,2025-12-26 15:00:20.269,87354.57387057388,272.98304334554336,26667.43101343101,132.0,135324325.53652355,115471157.06523304,0.0177339129459128,0.0151322050861136,2.6080315705045027,26667.43101343101,12503.196581196582,10114.162393162393,7138.598290598291,4946.168498168498,2.1328490550595465,2.0,5.0,11632.898415120952,10745.750651547478,15.0,19.0,1.0,0.7025339837096832,0.2332895547759545,105.0
2025-12-26 15:00:20.822,1,2025-12-26 15:00:20.903,323873.91575091577,1012.1059867216118,159520.43101343102,151.0,2899155525.660752,2735033736.9698267,0.0276388245877847,0.0260741850613737,1.7367082273931012,159520.43101343102,39817.19658119658,39549.16239316239,34220.258852258856,19109.59829059829,4.006320000156906,1.0,0.0,53843.8067530589,52297.5500092483,15.0,19.0,1.0,0.9022543431851536,0.0928207877455376,81.0
2025-12-26 15:00:21.257,1,2025-12-26 15:00:21.325,309645.6312576312,967.6425976800974,106402.431013431,128.0,2436175725.635883,1709382047.9283211,0.0254084807195825,0.0178282709043291,2.0679967701069337,106402.431013431,75068.19658119658,33248.258852258856,31433.764346764347,13476.162393162393,1.417410246406289,1.0,0.0,49357.63087543691,41344.67375525318,15.0,19.0,1.0,0.8384707774894977,0.0858691939202529,68.0
2025-12-26 15:00:21.651,1,2025-12-26 15:00:21.748,72729.45665445665,227.279552045177,27904.25885225885,148.0,94139881.40450557,149815839.6170454,0.0177972524446464,0.0283228561380322,2.0186212662074405,27904.25885225885,24487.43101343101,3674.5982905982905,2174.015873015873,1981.162393162393,1.1395339444530794,1.0,0.0,9702.570865729638,12239.92808872035,15.0,19.0,1.0,0.8280202986883637,0.1717878282577495,97.0
2025-12-26 15:00:22.097,1,2025-12-26 15:00:22.170,129920.2735042735,406.0008547008547,49099.01587301587,155.0,369303591.6028953,306632240.68702924,0.0218791113728414,0.0181661946892445,2.319061596465927,49099.01587301587,28681.59829059829,6901.136752136752,6772.819291819293,6074.402930402931,1.711864707662007,2.0,5.0,19217.273261388968,17510.917756846135,15.0,19.0,1.0,0.7506832498683459,0.9239308066680892,73.0
2025-12-26 15:00:22.543,1,2025-12-26 15:00:22.592,231864.50549450543,724.5765796703296,67378.01587301587,156.0,1039748475.22867,1137495009.7365158,0.0193401461156245,0.0211583091663199,2.150969313223465,67378.01587301587,62941.819291819294,26229.59829059829,22634.40293040293,9634.234432234432,1.0704809081006672,1.0,0.0,32245.13103134596,33726.76992741101,15.0,19.0,1.0,0.8143465961526589,0.9624212290207972,49.0
2025-12-26 15:00:22.992,1,2025-12-26 15:00:23.015,23487.222222222223,73.39756944444444,2772.5982905982905,148.0,4100031.491686722,4855245.618110007,0.007432311079965,0.0088013216182848,3.330285296200364,2772.5982905982905,2647.431013431013,2060.258852258852,1683.015873015873,1473.076923076923,1.0472787681836573,2.0,4.0,2024.8534494344824,2203.4621889449354,15.0,19.0,1.0,0.4528581903702935,0.6282347687555926,23.0
2025-12-26 15:00:23.419,1,2025-12-26 15:00:23.437,64836.11233211233,202.61285103785104,14437.598290598293,140.0,50749785.61038488,69050044.0204925,0.0120725852235951,0.0164259322695505,2.646321474134675,14437.598290598293,9572.402930402932,9077.819291819293,8154.015873015873,4153.076923076923,1.5082522534380047,2.0,4.0,7123.888377170496,8309.635612979217,15.0,19.0,1.0,0.7001486004648865,0.8742095219097983,18.0
2025-12-26 15:00:23.824,1,2025-12-26 15:00:23.860,123520.50793650791,386.0015873015872,50417.01587301587,155.0,298067050.97305727,242600283.75786367,0.019536008384432,0.0159005873412946,2.3850550889417,50417.01587301587,15730.598290598293,10844.819291819293,10365.402930402932,4476.641025641025,3.205028501881293,1.0,0.0,17264.618471691094,15575.631086985326,15.0,19.0,1.0,0.7434755486812076,0.8507499103231996,36.0
2025-12-26 15:00:24.237,1,2025-12-26 15:00:24.282,100982.2673992674,315.56958562271063,21674.01587301588,122.0,110356968.3455514,168411057.81862795,0.0108220497369082,0.0165150680675797,2.728992808637817,21674.01587301588,15495.641025641024,12340.136752136752,8490.598290598291,6724.076923076923,1.398716957701197,2.0,5.0,10505.092495811325,12977.328608717124,15.0,19.0,1.0,0.6409488569766237,0.9431297050581584,45.0
2025-12-26 15:00:24.678,1,2025-12-26 15:00:24.705,160009.06105006102,500.0283157814407,47898.01587301587,142.0,432999180.6942585,396204961.7694148,0.0169121149226304,0.015475003522217,2.5334531845239585,47898.01587301587,23948.641025641027,20266.234432234432,11634.598290598293,8534.442002442003,2.000030641476944,2.0,5.0,20808.632360014883,19904.897934162203,15.0,19.0,1.0,0.7017223330171408,0.918274072711429,27.0
2025-12-26 15:00:25.121,1,2025-12-26 15:00:25.127,327915.14774114767,1024.7348366910865,107748.23443223444,116.0,2111889665.4178803,2018983399.0053551,0.0196403067743549,0.018776290247601,2.178509382259419,107748.23443223444,81702.442002442,32785.22588522588,21278.603174603173,17931.641025641027,1.318788420412362,1.0,0.0,45955.30073253661,44933.09914756999,15.0,19.0,1.0,0.7972981678983864,0.9547156593780042,6.0
2025-12-26 15:00:25.544,1,2025-12-26 15:00:25.550,25720.42857142857,80.3763392857143,5945.442002442002,147.0,8538312.182507439,7121569.636443904,0.0129067122584123,0.0107651311126966,3.00542019629597,5945.442002442002,3771.641025641026,2869.2344322344325,1962.015873015873,1257.3333333333333,1.576354155133293,2.0,5.0,2922.039045342728,2668.626919680588,15.0,19.0,1.0,0.614518013289394,0.923663724966711,6.0
2025-12-26 15:00:25.971,1,2025-12-26 15:00:25.972,110150.23565323566,344.21948641636146,39467.64102564102,121.0,235933038.0765777,241393316.84548005,0.0194454455661565,0.0198954781450709,2.278519320301788,39467.64102564102,20317.3833943834,11377.136752136752,7019.372405372405,6857.442002442002,1.9425553113571523,1.0,0.0,15360.111916147544,15536.837414528094,15.0,19.0,1.0,0.7720271779325674,0.9774649880727246,1.0
2025-12-26 15:00:26.395,1,2025-12-26 15:00:26.395,93958.36263736265,293.61988324175826,24996.641025641027,150.0,180667089.8131745,151321453.078492,0.0204648313077378,0.0171407421998961,2.276824731936438,24996.641025641027,23498.442002442003,14904.442002442003,10702.383394383394,2025.136752136752,1.0637573768951265,1.0,0.0,13441.245843045,12301.27851397943,15.0,19.0,1.0,0.8102210706976748,0.9693360263922688,0.0
2025-12-26 15:00:26.847,1,2025-12-26 15:00:26.817,56772.347985348,177.4135874542125,16551.641025641027,137.0,51194696.91670152,63305525.65272496,0.0158836849386426,0.0196411949850806,2.3509477525387377,16551.641025641027,16017.383394383394,3352.136752136752,3231.3724053724054,3209.076923076923,1.0333548631572331,2.0,4.0,7155.04695419265,7956.476962370026,15.0,19.0,1.0,0.7461662588192157,0.9556284312086364,30.0
2025-12-26 15:00:27.291,1,2025-12-26 15:00:27.240,99339.80586080586,310.4368933150183,32849.3833943834,158.0,217582683.15176028,203531651.9337852,0.0220484322351644,0.0206245909388071,2.105156436854497,32849.3833943834,29391.641025641027,7322.372405372405,6713.442002442002,6243.442002442002,1.1176437329826103,1.0,0.0,14750.684158769052,14266.45197425713,15.0,19.0,1.0,0.8306869548940606,0.970283164060114,51.0
2025-12-26 15:00:27.696,1,2025-12-26 15:00:27.662,37836.24542124543,118.23826694139196,5200.442002442002,133.0,8466472.189852871,19126186.84643917,0.0059140694271377,0.0133601805273532,3.1953577395293284,5200.442002442002,4309.383394383394,3990.4420024420015,2957.4847374847377,2651.641025641026,1.2067717180185815,1.0,0.0,2909.72029409235,4373.34961401889,15.0,19.0,1.0,0.5050552175471023,0.9447015180287144,34.0
2025-12-26 15:00:28.141,1,2025-12-26 15:00:28.085,65545.76800976801,204.83052503052505,29725.3833943834,139.0,103639000.03288622,94346793.59392388,0.0241231435367713,0.0219602779202633,2.0526755756128585,29725.3833943834,8289.924297924297,7759.442002442002,5195.641025641025,4008.372405372405,3.585724347545937,1.0,0.0,10180.324161483572,9713.22776392708,15.0,19.0,1.0,0.8387843303257814,0.9742354343684316,56.0
2025-12-26 15:00:28.588,1,2025-12-26 15:00:28.507,29468.947496947498,92.09046092796092,10632.442002442003,140.0,11297339.62850395,14196397.825707128,0.0130090905014791,0.0163474083441432,2.777128461227585,10632.442002442003,3534.106227106227,1471.7960927960928,1370.4420024420024,1159.3724053724054,3.008523603758504,1.0,0.0,3361.1515331064666,3767.810747066143,15.0,19.0,1.0,0.6165187518841667,0.9251198712180648,81.0
2025-12-26 15:00:29.051,1,2025-12-26 15:00:29.141,32245.77045177045,100.76803266178268,6472.383394383394,137.0,7435195.4291683,11778690.71548437,0.0071506722399323,0.0113279546616281,3.0213015096630027,6472.383394383394,3722.924297924298,3528.076923076923,2196.6898656898657,2082.670329670329,1.7385213548366556,1.0,0.0,2726.755476600038,3432.0097196080856,15.0,19.0,1.0,0.558297865379607,0.8792739796145673,90.0
2025-12-26 15:00:29.479,1,2025-12-26 15:00:29.563,11644.547008547006,36.389209401709394,1725.7008547008545,151.0,1281262.0548676234,906772.533235474,0.0094491505306033,0.0066873362330579,3.3623786357409045,1725.7008547008545,1647.924297924298,760.8534798534783,733.3833943833944,718.1062271062272,1.0471966806202662,1.0,0.0,1131.928467204365,952.2460465843236,15.0,19.0,1.0,0.4797067889259853,0.6695754084876624,84.0
2025-12-26 15:00:29.866,1,2025-12-26 15:00:29.774,30288.601953601952,94.6518811050061,6065.924297924298,129.0,5765069.511820383,8810367.51716645,0.0062841434817137,0.0096036333110963,3.2688159667140044,6065.924297924298,2830.3833943833943,2046.4700854700848,2025.722832722833,1769.1062271062272,2.143145804896736,2.0,3.0,2401.055916012866,2968.226325125234,15.0,19.0,1.0,0.4865727001920516,0.7813231402504703,92.0
2025-12-26 15:00:30.257,1,2025-12-26 15:00:30.197,32817.8376068376,102.5557425213675,5084.689865689866,131.0,9909562.32000788,13357475.120580278,0.0092009898142173,0.0124023633495876,3.105585170413475,5084.689865689866,3905.8534798534783,3421.0,2022.7008547008545,1850.924297924298,1.3018127515319156,1.0,0.0,3147.945730156078,3654.787972041645,15.0,19.0,1.0,0.4962291755254156,0.8328461222415605,60.0
2025-12-26 15:00:30.698,1,2025-12-26 15:00:30.619,25874.11233211233,80.85660103785104,4684.853479853478,158.0,11692675.32762002,6970910.996584909,0.0174655783826828,0.0104125864268174,3.024692119750397,4684.853479853478,4481.700854700855,3857.0,1629.924297924298,1161.2588522588524,1.0453293585935106,1.0,0.0,3419.455413895613,2640.2482831326506,15.0,19.0,1.0,0.6112185524180948,0.6488985506890491,79.0
2025-12-26 15:00:31.172,1,2025-12-26 15:00:31.253,16338.813186813188,51.05879120879121,3007.8534798534783,152.0,2319942.585043704,2421006.1672099894,0.0086903290829281,0.0090689056015827,3.2418213402042224,3007.8534798534783,2590.6898656898657,1745.3345543345542,1029.076923076923,988.4847374847376,1.161024142521732,1.0,0.0,1523.135773673412,1555.9582793924744,15.0,19.0,1.0,0.5729571330183556,0.8814846301098411,81.0
2025-12-26 15:00:31.564,1,2025-12-26 15:00:31.464,13836.495726495728,43.23904914529915,1278.924297924298,133.0,1105287.04663749,1146209.4857614706,0.0057732830946423,0.0059870346505885,3.324774701915305,1278.924297924298,1247.6898656898657,1159.1062271062272,1081.6703296703297,1004.4786324786324,1.025033810959214,1.0,0.0,1051.3263273777034,1070.6117343656713,15.0,19.0,1.0,0.4171482047883187,0.7422063361656491,100.0
2025-12-26 15:00:31.963,1,2025-12-26 15:00:31.887,25234.26495726496,78.85707799145298,9888.853479853478,130.0,8709977.983044904,10167680.114643106,0.0136784138542099,0.0159676335366222,2.4649794468803448,9888.853479853478,3208.076923076923,2414.6898656898657,2295.8192918192926,777.4786324786324,3.082486398226955,1.0,0.0,2951.2671825920647,3188.679995647589,15.0,19.0,1.0,0.7364953258750203,0.8744220639580997,76.0
2025-12-26 15:00:32.394,1,2025-12-26 15:00:32.309,28821.338217338216,90.06668192918193,4217.076923076923,140.0,6315327.538162718,8889911.807659898,0.0076026954879325,0.0107021040444526,3.0771588871622804,4217.076923076923,3340.948717948718,3267.6898656898657,2858.4041514041514,2359.8571428571427,1.2622393454949137,1.0,0.0,2513.0315434078257,2981.595513757676,15.0,19.0,1.0,0.5566700851983541,0.5378087375568958,85.0
2025-12-26 15:00:32.840,1,2025-12-26 15:00:32.943,9321.623931623932,29.130074786324787,2042.6898656898657,152.0,887112.2984130853,927770.5687305166,0.0102092877410354,0.0106772014217115,3.176821026150576,2042.6898656898657,1119.4786324786326,994.0,960.948717948718,481.0769230769231,1.8246796378465309,2.0,3.0,941.866390956321,963.2084762555388,15.0,19.0,1.0,0.6005599646861391,0.6430221850803759,103.0
2025-12-26 15:00:33.280,1,2025-12-26 15:00:33.365,19623.521367521367,61.32350427350427,5261.700854700855,142.0,5248960.414920703,4530639.065599164,0.0136307393257544,0.0117653697495439,3.0829855240044965,5261.700854700855,1958.990231990232,1511.2588522588524,1220.4041514041514,855.8571428571429,2.6859250080856985,1.0,0.0,2291.0609801837886,2128.5297896903307,15.0,19.0,1.0,0.5507783761531817,0.2832707926198412,85.0
2025-12-26 15:00:33.711,1,2025-12-26 15:00:33.788,8325.351648351649,26.016723901098903,1182.2222222222222,136.0,438265.6850684277,481863.8604290165,0.0063231326850018,0.0069521507829757,3.360943856301194,1182.2222222222222,1119.857142857143,642.4041514041514,564.7228327228327,502.0769230769231,1.055690209918123,1.0,0.0,662.0163782478706,694.1641451623791,15.0,19.0,1.0,0.4818154765963539,0.6720557110890605,77.0
2025-12-26 15:00:34.109,1,2025-12-26 15:00:34.210,36553.08547008547,114.2283920940171,5956.076923076923,154.0,9857552.935693648,17135492.143809393,0.0073777007235352,0.0128247379052618,3.110051254506878,5956.076923076923,4374.857142857143,3352.948717948718,2697.7228327228327,2687.6898656898657,1.3614334659590166,1.0,0.0,3139.674017425001,4139.503852372817,15.0,19.0,1.0,0.5216877108199528,0.6469243704866885,101.0
2025-12-26 15:00:34.539,1,2025-12-26 15:00:34.633,48484.37240537241,151.51366376678877,8034.857142857143,134.0,26133360.75857593,31156328.444378324,0.0111171049861713,0.0132538703115758,2.9310156981951594,8034.857142857143,6539.853479853478,5958.924297924298,4342.0,3566.7008547008545,1.2285989537239494,1.0,0.0,5112.079885777993,5581.785417263756,15.0,19.0,1.0,0.5866289355574618,0.7940430738341039,94.0
2025-12-26 15:00:34.970,1,2025-12-26 15:00:35.055,22814.48595848596,71.29526862026862,4972.853479853478,144.0,6411550.042600308,6643637.755368248,0.0123180414279568,0.0127639345492457,3.011762646804373,4972.853479853478,2764.8571428571427,2559.924297924298,1994.0,1259.8192918192926,1.7985932809218643,1.0,0.0,2532.1038767397176,2577.5255101294824,15.0,19.0,1.0,0.5939846392819159,0.8460257882980387,85.0
2025-12-26 15:00:35.371,1,2025-12-26 15:00:35.267,12966.462759462758,40.52019612332112,3030.924297924298,137.0,2132141.9005203084,2052618.358261478,0.0126815713883311,0.0122085806000716,2.8933140775510267,3030.924297924298,2755.8571428571427,1016.8534798534783,926.3724053724054,744.3833943833944,1.0998118337806433,1.0,0.0,1460.1855705766675,1432.696184912027,15.0,19.0,1.0,0.6535622611652945,0.8713019677983285,104.0
2025-12-26 15:00:35.805,1,2025-12-26 15:00:35.900,15960.822954822954,49.87757173382173,3711.857142857143,141.0,3163440.6119357115,2966562.095285668,0.0124179276531169,0.0116450908984173,2.8977385376740608,3711.857142857143,2750.924297924298,1666.6703296703297,1545.076923076923,814.3833943833944,1.3493127185130338,1.0,0.0,1778.6063679003605,1722.3710678264624,15.0,19.0,1.0,0.6571661196669027,0.8736755000070598,95.0
2025-12-26 15:00:36.209,1,2025-12-26 15:00:36.112,39364.94139194139,123.01544184981684,8597.0,158.0,16367165.713493604,26175683.387830723,0.0105621969454001,0.0168919120122779,2.952224486597192,8597.0,6519.857142857143,3901.076923076923,2899.7008547008545,2097.924297924298,1.3185871732507453,1.0,0.0,4045.635390577555,5116.2176837807365,15.0,19.0,1.0,0.6100748119867636,0.7475906785901385,97.0
2025-12-26 15:00:36.638,1,2025-12-26 15:00:36.534,28663.79365079365,89.57435515873016,6497.700854700855,139.0,10839854.778328544,8363205.909855565,0.0131933816791578,0.0101790079190642,2.954145566885175,6497.700854700855,4816.853479853478,2176.8192918192926,1996.857142857143,1627.2588522588524,1.3489513189214042,1.0,0.0,3292.39347258625,2891.920799374624,15.0,19.0,1.0,0.5971118069716891,0.5193295418013218,104.0
2025-12-26 15:00:37.080,1,2025-12-26 15:00:37.168,12974.063492063491,40.54394841269841,3486.4041514041514,140.0,1776306.9730861434,1694594.2313589938,0.0105527580962527,0.0100673156530864,3.0357116634069987,3486.4041514041514,1639.0,1065.948717948718,831.8571428571429,790.1684981684982,2.1271532345344872,2.0,6.0,1332.7816674482522,1301.765812793912,15.0,19.0,1.0,0.6022306361578634,0.4509390294790857,88.0
2025-12-26 15:00:37.469,1,2025-12-26 15:00:37.379,45950.8547008547,143.59642094017096,17018.404151404153,139.0,41275032.93380129,35271732.92074637,0.0195479059487633,0.016704735739169,2.446074970276748,17018.404151404153,6814.168498168498,3829.948717948718,3594.2466422466423,2546.8571428571427,2.497502689576261,1.0,0.0,6424.564805012188,5939.001003598701,15.0,19.0,1.0,0.7356473644002897,0.1866636463280924,90.0
2025-12-26 15:00:37.852,1,2025-12-26 15:00:37.801,58540.973137973146,182.94054105616607,18087.40415140416,146.0,73123130.88873225,52118855.49045343,0.0213370759512402,0.0152081012475203,2.323959807834319,18087.40415140416,9876.246642246642,9413.168498168498,5320.540903540904,4218.857142857143,1.831404662782684,1.0,0.0,8551.206399610071,7219.338992626224,15.0,19.0,1.0,0.8014253064710997,0.1908144149249805,51.0
2025-12-26 15:00:38.254,1,2025-12-26 15:00:38.224,25485.774114774114,79.6430441086691,5131.853479853478,137.0,8876667.290554399,6865859.983353454,0.013666404885627,0.0105705913434852,2.9885643658797467,5131.853479853478,4118.0,2507.4041514041514,2284.8571428571427,1278.076923076923,1.2462004564964138,1.0,0.0,2979.3736406423413,2620.278607963942,15.0,19.0,1.0,0.6011271868061474,0.755423181569482,30.0
2025-12-26 15:00:38.699,1,2025-12-26 15:00:38.646,30140.807081807085,94.19002213064714,7916.853479853478,134.0,10056969.933881436,11202044.453400608,0.0110702491989153,0.0123306944787307,2.835773542842483,7916.853479853478,4885.076923076923,2548.8571428571427,2437.8192918192926,1433.7008547008545,1.6206200239044208,1.0,0.0,3171.2726047884053,3346.9455408477456,15.0,19.0,1.0,0.6377502646208034,0.8121602307703162,53.0
2025-12-26 15:00:39.136,1,2025-12-26 15:00:39.069,42730.89133089133,133.53403540903545,6445.924297924298,145.0,15126687.553278666,30994570.342190582,0.0082843784948886,0.0169746847151281,2.807256777715378,6445.924297924298,6399.857142857143,5270.0,4806.076923076923,3617.383394383394,1.007198153652158,1.0,0.0,3889.3042505413055,5567.276743812057,15.0,19.0,1.0,0.6210785904916332,0.872889823582842,67.0
2025-12-26 15:00:39.534,1,2025-12-26 15:00:39.491,29908.778998779,93.46493437118436,12031.853479853478,142.0,16475353.640241807,13428241.680618202,0.0184177841147778,0.0150114201925596,2.622960994458635,12031.853479853478,2781.8192918192926,2338.8571428571427,1592.3724053724054,1429.0,4.3251743616963685,1.0,0.0,4058.984311406218,3664.456532777842,15.0,19.0,1.0,0.6745144066471329,0.8378923458346201,43.0
2025-12-26 15:00:39.934,1,2025-12-26 15:00:39.914,10005.347985347984,31.26671245421245,1152.948717948718,148.0,534285.6747182491,474678.3768764137,0.0053371466243175,0.0047417106927271,3.573306430747922,1152.948717948718,1015.3345543345542,856.3577533577534,622.1684981684982,534.8315018315018,1.1355357827875956,2.0,7.0,730.9484761036506,688.9690681564838,15.0,19.0,1.0,0.4179405885496716,0.4356239276186415,20.0
2025-12-26 15:00:40.385,1,2025-12-26 15:00:40.336,10608.190476190475,33.15059523809524,1913.2466422466423,131.0,720969.0129232879,1079767.5354511363,0.006406693992484,0.0095950589535116,3.3655614735086155,1913.2466422466423,1040.3724053724054,1034.5750915750916,810.9487179487179,522.7228327228327,1.8390017193506287,3.0,2.0,849.0989417749194,1039.1186339639648,15.0,19.0,1.0,0.5016751633381616,0.4572225621504274,49.0
2025-12-26 15:00:40.850,1,2025-12-26 15:00:40.759,22421.490842490843,70.06715888278389,5156.246642246642,137.0,5028958.505150954,5581773.313962271,0.0100034332789382,0.0111030737014808,3.032353795156266,5156.246642246642,3771.372405372405,1666.162393162393,1155.6898656898657,997.1367521367522,1.3672069708364214,2.0,4.0,2242.533947379828,2362.5776842174464,15.0,19.0,1.0,0.5684995769528164,0.4913129252356163,91.0
2025-12-26 15:00:41.313,1,2025-12-26 15:00:41.392,10608.582417582416,33.15182005494505,1256.722832722833,119.0,499875.8860110417,1012290.2478503484,0.0044416821553956,0.0089947758149281,3.400084121759757,1256.722832722833,1152.2466422466423,924.4041514041514,852.8571428571429,523.2087912087912,1.0906717248239428,2.0,3.0,707.0190138964027,1006.1263577952564,15.0,19.0,1.0,0.4439273198871322,0.5442592671240742,79.0
2025-12-26 15:00:41.707,1,2025-12-26 15:00:41.604,14904.09523809524,46.57529761904762,3087.4041514041514,137.0,2079885.9006354115,2356768.576778183,0.0093632857350904,0.0106097635399686,3.058591479582329,3087.4041514041514,3042.2466422466423,1229.076923076923,968.1684981684982,800.5409035409035,1.0148434740725514,2.0,5.0,1442.1809528056497,1535.1770506290743,15.0,19.0,1.0,0.6124113522239544,0.3217036659458788,103.0
2025-12-26 15:00:42.123,1,2025-12-26 15:00:42.026,35930.69841269841,112.28343253968254,9176.076923076924,151.0,12532198.893442646,13906942.134565655,0.0097072443272043,0.0107720988385492,3.068888129448891,9176.076923076924,3690.948717948718,2484.6898656898657,1853.2466422466423,1852.857142857143,2.4861025238449086,1.0,0.0,3540.084588458678,3729.2012730027936,15.0,19.0,1.0,0.5304049220786496,0.5749304335078201,97.0
2025-12-26 15:00:42.585,1,2025-12-26 15:00:42.660,23890.23076923077,74.65697115384616,8513.246642246642,142.0,9757364.113795975,9552445.445298318,0.0170958942223941,0.0167368558755647,2.5344596931608088,8513.246642246642,3354.3724053724054,2916.162393162393,1787.4041514041514,958.1367521367522,2.5379551264520246,1.0,0.0,3123.677978568849,3090.703066504176,15.0,19.0,1.0,0.7337443708119539,0.2955483870341124,75.0
2025-12-26 15:00:43.032,1,2025-12-26 15:00:43.082,47537.22954822955,148.55384233821735,7700.246642246642,158.0,15943957.171147488,26851817.53521187,0.0070555095471695,0.0118824488139858,3.141142462632187,7700.246642246642,5948.404151404151,4449.076923076923,3212.6898656898657,2942.0,1.2945062988747436,1.0,0.0,3992.988501254103,5181.8739404979615,15.0,19.0,1.0,0.5101773454805869,0.4678469732777432,50.0
2025-12-26 15:00:43.469,1,2025-12-26 15:00:43.505,37192.67155067156,116.22709859584862,5336.853479853478,139.0,7682019.711887667,12061200.785079615,0.0055534218859611,0.0087191830954537,3.146822639585145,5336.853479853478,3913.162393162393,3609.168498168498,3318.168498168498,3045.076923076923,1.3638211103064333,1.0,0.0,2771.6456685311828,3472.9239532531687,15.0,19.0,1.0,0.516833800611513,0.458107958957596,36.0
2025-12-26 15:00:43.892,1,2025-12-26 15:00:43.927,13513.159951159949,42.22862484737484,1177.3345543345542,154.0,1257770.2579042444,1003616.7430551116,0.0068879103528253,0.0054960928765135,3.642122948350523,1177.3345543345542,1160.8534798534783,1067.4041514041514,933.0769230769232,694.8571428571429,1.0141973769869237,2.0,5.0,1121.503570170084,1001.8067393739732,15.0,19.0,1.0,0.3724906883155636,0.6212684817350292,35.0
2025-12-26 15:00:44.289,1,2025-12-26 15:00:44.350,44772.81807081807,139.91505647130649,10420.162393162393,144.0,23903726.286948867,21857756.34184425,0.0119244057801454,0.0109037709407677,2.6383487646164845,10420.162393162393,9060.853479853478,6305.246642246642,3726.168498168498,2383.0,1.15001996404976,1.0,0.0,4889.143717150158,4675.227945442259,15.0,19.0,1.0,0.7123838165152047,0.420771580567718,61.0
2025-12-26 15:00:44.756,1,2025-12-26 15:00:44.772,38083.945054945056,119.0123282967033,7540.1623931623935,156.0,12276155.141959185,17905511.062227603,0.0084640556170602,0.0123453344903228,3.138175862833034,7540.1623931623935,4754.168498168498,4610.700854700855,2491.5409035409034,2217.2466422466423,1.5860107600447035,1.0,0.0,3503.734456541932,4231.490406727588,15.0,19.0,1.0,0.5675309966085631,0.2539387076636851,16.0
2025-12-26 15:00:45.192,1,2025-12-26 15:00:45.195,30489.78998778999,95.28059371184372,6570.1623931623935,145.0,7832459.593187787,13395921.928284427,0.0084253761135845,0.0144099920709677,3.119795832226135,6570.1623931623935,4749.700854700855,2374.136752136752,1832.4310134310133,1395.990231990232,1.3832791988696331,2.0,4.0,2798.653174866044,3660.0439790096,15.0,19.0,1.0,0.5550192786568054,0.3353611677609456,3.0
2025-12-26 15:00:45.585,1,2025-12-26 15:00:45.617,24586.352869352868,76.83235271672771,3809.162393162393,128.0,4950916.2012977535,7097791.5236244,0.0081902537019228,0.0117418091800065,3.2705639980274634,3809.162393162393,3699.700854700856,1554.2466422466423,1462.076923076923,1365.990231990232,1.0295865916622493,2.0,3.0,2225.065437531614,2664.1680734564025,15.0,19.0,1.0,0.4836494907709159,0.3926101732186656,32.0
2025-12-26 15:00:46.009,1,2025-12-26 15:00:46.040,77354.17826617826,241.73180708180703,14298.162393162393,154.0,60282289.74697769,81370970.62540776,0.0100744694939544,0.0135988424577093,2.867130428466912,14298.162393162393,13140.246642246642,8566.168498168498,5254.076923076923,4195.540903540904,1.0881197881927038,1.0,0.0,7764.167034974047,9020.585935814132,15.0,19.0,1.0,0.5876113789714809,0.2989462136895232,31.0
2025-12-26 15:00:46.455,1,2025-12-26 15:00:46.462,26862.874236874235,83.94648199023199,5908.1623931623935,152.0,6859144.310193173,7152679.427999107,0.0095052814851149,0.0099120572860505,2.9737741949304874,5908.1623931623935,3527.431013431013,3372.136752136752,3115.334554334554,1449.5982905982903,1.6749193309989208,2.0,4.0,2618.99681370428,2674.449369122382,15.0,19.0,1.0,0.6467164626715625,0.5213832345470363,7.0
2025-12-26 15:00:46.891,1,2025-12-26 15:00:46.884,229546.6703296703,717.3333447802197,74970.16239316239,143.0,955823387.6583862,1053792845.13221,0.0181399321306086,0.0199992288714024,2.224886674388604,74970.16239316239,48194.43101343101,30348.13675213676,17629.59829059829,9938.246642246642,1.5555772900870612,1.0,0.0,30916.393509890288,32462.175606884543,15.0,19.0,1.0,0.7888616934913933,0.3207748331354342,7.0
2025-12-26 15:00:47.344,1,2025-12-26 15:00:47.307,102967.65811965814,321.7739316239317,30862.43101343101,154.0,201311209.96800712,144756502.9261787,0.0189874344905328,0.0136532616182986,2.557014033265208,30862.43101343101,22163.196581196586,8665.258852258852,5249.598290598291,4258.1623931623935,1.3925081113801758,2.0,5.0,14188.418162995024,12031.479664869932,15.0,19.0,1.0,0.6914661208270552,0.2269961908923287,37.0
2025-12-26 15:00:47.719,1,2025-12-26 15:00:47.729,133754.2625152625,417.9820703601953,56915.43101343101,141.0,426771540.62496126,324242727.489288,0.0238550421592962,0.0181240387369208,2.071347939811923,56915.43101343101,17049.59829059829,16482.162393162394,9416.196581196582,6673.136752136752,3.338227097398108,1.0,0.0,20658.449618133527,18006.741167942855,15.0,19.0,1.0,0.7965093824084112,0.3116444631513597,10.0
2025-12-26 15:00:48.101,1,2025-12-26 15:00:48.152,24974.5347985348,78.04542124542124,3115.431013431013,152.0,5186632.655878732,5783740.822324284,0.0083155441821408,0.0092728665276836,3.1930060757386545,3115.431013431013,2946.162393162393,2425.015873015873,2173.076923076923,1956.5982905982903,1.0574539341960274,3.0,4.0,2277.4179800552056,2404.940918676441,15.0,19.0,1.0,0.5051659458347212,0.6372500848727513,51.0
2025-12-26 15:00:48.554,1,2025-12-26 15:00:48.574,32211.196581196586,100.65998931623932,9131.819291819293,152.0,11318243.44604447,18447986.926329423,0.0109085069946443,0.017780143657654,2.667426078223313,9131.819291819293,4617.136752136752,2857.015873015873,2648.5982905982905,2436.641025641026,1.9778100112783588,1.0,0.0,3364.2597173887257,4295.111980650729,15.0,19.0,1.0,0.6734059437541321,0.955275185104991,20.0
2025-12-26 15:00:49.024,1,2025-12-26 15:00:48.997,58142.66910866911,181.69584096459096,15998.015873015873,156.0,32504302.97456226,43156325.58746544,0.0096150362964311,0.0127659909295337,2.8220516959573194,15998.015873015873,7894.7008547008545,6375.641025641025,3348.5982905982905,2507.6898656898657,2.0264245811781354,2.0,4.0,5701.254508839459,6569.347424780139,15.0,19.0,1.0,0.6213104156282891,0.7449026589178452,27.0
2025-12-26 15:00:49.471,1,2025-12-26 15:00:49.419,81790.17948717948,255.5943108974359,14892.641025641024,158.0,83851691.58566076,84850598.59459186,0.0125345718984769,0.0126838935339331,2.779701961647833,14892.641025641024,13538.442002442003,12417.234432234432,9066.015873015873,5956.853479853478,1.100026208551446,2.0,4.0,9157.056928165335,9211.438465005987,15.0,19.0,1.0,0.6831038538305674,0.9445963887732688,52.0
2025-12-26 15:00:49.866,1,2025-12-26 15:00:49.842,19617.61904761905,61.30505952380953,5479.0,134.0,5672357.795496246,4797537.265839025,0.0147391019720823,0.0124659609857844,3.066856660193676,5479.0,2708.8534798534783,1363.6410256410256,1057.5982905982903,744.4029304029309,2.022626930820317,1.0,0.0,2381.671219017488,2190.328118305343,15.0,19.0,1.0,0.5787397389528317,0.8658000987126453,24.0
2025-12-26 15:00:50.247,1,2025-12-26 15:00:50.264,21324.21123321123,66.6381601037851,5754.700854700855,137.0,4403957.231510451,4340869.36258406,0.0096849446024371,0.0095462051725294,3.1753019589100013,5754.700854700855,1876.076923076923,1286.3724053724054,1200.6703296703297,1067.2588522588524,3.0674119935655924,1.0,0.0,2098.5607523992367,2083.4753088491498,15.0,19.0,1.0,0.5245248812607297,0.5258066793555998,17.0
2025-12-26 15:00:50.682,1,2025-12-26 15:00:50.687,49304.96581196582,154.0780181623932,11267.641025641024,115.0,30039711.345013823,40755955.38085657,0.0123570393931743,0.0167652391983219,2.654868154550215,11267.641025641024,7576.598290598291,7158.136752136752,5762.015873015873,3524.6898656898657,1.4871635783596204,2.0,4.0,5480.849509429521,6384.039111789383,15.0,19.0,1.0,0.7157307834197257,0.9235794357249144,5.0
2025-12-26 15:00:51.142,1,2025-12-26 15:00:51.109,96908.8144078144,302.84004502442,30948.641025641027,135.0,165282582.17585954,201895266.6278786,0.0175995080478876,0.0214980751333321,2.200581737486788,30948.641025641027,15277.015873015873,13917.136752136752,11404.383394383394,6855.372405372405,2.025830259187219,1.0,0.0,12856.227369483611,14208.985418666549,15.0,19.0,1.0,0.8090342445075512,0.9874942418775328,33.0
2025-12-26 15:00:51.556,1,2025-12-26 15:00:51.532,110560.37484737486,345.50117139804644,37295.64102564102,154.0,241428335.9552745,207068466.4784828,0.0197510066880922,0.0169400607021835,2.397556274529541,37295.64102564102,18297.3833943834,16218.442002442003,7237.136752136752,6000.442002442002,2.038304615570734,1.0,0.0,15537.964343995469,14389.873747829854,15.0,19.0,1.0,0.7692543128082908,0.9732804402463032,24.0
2025-12-26 15:00:51.989,1,2025-12-26 15:00:51.954,29315.08669108669,91.6096459096459,6078.076923076923,157.0,6581461.584456123,11234149.25466263,0.0076584341950187,0.0130724751181485,3.26165457219036,6078.076923076923,2220.8534798534783,2032.6703296703297,1969.0,1731.6898656898657,2.736820316248504,2.0,3.0,2565.4359443291746,3351.7382437569063,15.0,19.0,1.0,0.4786712980301935,0.8365805386100692,35.0
2025-12-26 15:00:52.428,1,2025-12-26 15:00:52.377,53062.78876678877,165.8212148962149,19428.641025641027,152.0,48070106.97905531,49116268.55309828,0.0170724145075989,0.0174439656681104,2.4959133128825504,19428.641025641027,9197.383394383394,4105.136752136752,2586.7008547008545,2345.015873015873,2.112409605269199,1.0,0.0,6933.260919585769,7008.299975964091,15.0,19.0,1.0,0.7097794664620009,0.8545229113692503,51.0
2025-12-26 15:00:52.885,1,2025-12-26 15:00:52.799,42634.77289377288,133.23366529304025,13236.641025641024,148.0,25256292.916228168,29323347.096472275,0.0138944608012932,0.0161319041613133,2.7558550702922924,13236.641025641024,5548.136752136752,3972.383394383394,2801.8534798534783,2058.3724053724054,2.3857813202857368,2.0,4.0,5025.563940119374,5415.103609024694,15.0,19.0,1.0,0.6477667214552028,0.8906371718625659,86.0
2025-12-26 15:00:53.318,1,2025-12-26 15:00:53.221,60064.634920634926,187.7019841269841,18247.641025641027,153.0,53666455.846059375,52538834.602226086,0.0148752828263894,0.014562728463359,2.663975053355078,18247.641025641027,8997.383394383394,4873.136752136752,4745.442002442002,3986.0,2.028105308597838,1.0,0.0,7325.739269593163,7248.367719854318,15.0,19.0,1.0,0.6800940891188003,0.9132939534245172,97.0
2025-12-26 15:00:53.715,1,2025-12-26 15:00:53.644,89928.89010989011,281.0277815934066,28326.641025641027,145.0,132018780.85269392,144020654.23140043,0.0163244008703477,0.0178084578428762,2.4580333845257973,28326.641025641027,18622.3833943834,10377.136752136752,6431.372405372405,3525.076923076923,1.521107176548785,1.0,0.0,11489.942595709254,12000.860562118052,15.0,19.0,1.0,0.7481757021396866,0.9479138726906912,71.0
2025-12-26 15:00:54.156,1,2025-12-26 15:00:54.066,157002.45054945056,490.63265796703297,48070.3833943834,137.0,513490436.7616609,441090690.5473248,0.0208314498522531,0.0178943130048929,2.1465747902878114,48070.3833943834,33660.64102564102,24810.442002442003,18214.442002442003,6928.372405372405,1.428088768653108,2.0,3.0,22660.32737542997,21002.159187743644,15.0,19.0,1.0,0.8387402895269066,0.974651103763592,90.0
2025-12-26 15:00:54.602,1,2025-12-26 15:00:54.700,14806.102564102564,46.269070512820505,2177.8534798534783,158.0,1516049.8522720598,1994697.6046661767,0.0069156335968026,0.0090990396850193,3.410622844607855,2177.8534798534783,1370.7008547008545,1192.076923076923,1080.3724053724054,772.8571428571429,1.58886125472446,1.0,0.0,1231.2797619842777,1412.3376383380064,15.0,19.0,1.0,0.4453475029848295,0.7090018652177229,98.0
2025-12-26 15:00:55.038,1,2025-12-26 15:00:55.123,39103.05494505495,122.19704670329672,13192.383394383394,138.0,27202010.827824645,26628310.487868093,0.0177901509365999,0.017414950158069,2.5724585838053464,13192.383394383394,5482.924297924298,5040.372405372405,1787.6410256410256,1756.857142857143,2.4060852708426603,1.0,0.0,5215.554699916841,5160.262637489306,15.0,19.0,1.0,0.6971367916005996,0.9549634068605672,85.0
2025-12-26 15:00:55.423,1,2025-12-26 15:00:55.334,59410.20146520148,185.65687957875463,11039.0,158.0,33304728.22248734,52239413.241162784,0.0094359111707141,0.0148004949826018,2.8952278923371493,11039.0,10294.383394383394,5560.853479853478,4395.372405372405,3694.076923076923,1.072332317253872,2.0,3.0,5771.024884930522,7227.683808881154,15.0,19.0,1.0,0.5888498160232081,0.9345051082625132,89.0
2025-12-26 15:00:55.812,1,2025-12-26 15:00:55.756,97133.43711843713,303.54199099511595,37717.3833943834,147.0,235379330.0094073,203390859.3065982,0.0249477169963864,0.0215572777670412,1.902136506254237,37717.3833943834,22566.9242979243,13299.442002442003,6686.106227106227,5758.372405372405,1.6713568449312768,1.0,0.0,15342.07710870361,14261.516725320564,15.0,19.0,1.0,0.8856705875890212,0.980497065546253,56.0
2025-12-26 15:00:56.251,1,2025-12-26 15:00:56.179,18417.17094017094,57.55365918803419,2613.076923076923,146.0,2130336.873362769,2906418.890039564,0.0062806189670978,0.008568649322724,3.2087325429694737,2613.076923076923,2097.924297924298,1671.6898656898657,1433.7008547008545,1420.3833943833945,1.2455534862059012,1.0,0.0,1459.567358282162,1704.8222458777232,15.0,19.0,1.0,0.501530629529418,0.7836515573173013,72.0
2025-12-26 15:00:56.706,1,2025-12-26 15:00:56.601,24292.4884004884,75.91402625152622,5537.853479853478,141.0,6234606.399163505,9454374.229250716,0.0105648912966149,0.01602096902588,2.9861684062812155,5537.853479853478,3462.7008547008545,2071.924297924298,1857.3833943833945,1837.8192918192929,1.599287294001693,1.0,0.0,2496.919381790991,3074.7966159163625,15.0,19.0,1.0,0.6079114282250233,0.7305689192375804,105.0
2025-12-26 15:00:57.157,1,2025-12-26 15:00:57.235,20957.08302808303,65.49088446275947,2539.7008547008545,145.0,2270809.0867773173,2990926.3210515333,0.0051703382418861,0.0068099519358287,3.4598716012391857,2539.7008547008545,2089.163614163614,2073.670329670329,1278.924297924298,1226.1062271062272,1.2156543592285352,1.0,0.0,1506.920398288283,1729.4294784846052,15.0,19.0,1.0,0.4393533828742534,0.6774484933479932,78.0
2025-12-26 15:00:57.578,1,2025-12-26 15:00:57.657,10361.35286935287,32.37922771672772,1929.076923076923,132.0,899542.8703015118,1134023.6269701726,0.0083789372286927,0.0105630460758947,3.1430279717083844,1929.076923076923,1884.6898656898657,701.6703296703297,701.4847374847375,654.1330891330891,1.0235513853998397,1.0,0.0,948.4423389439718,1064.9054544747964,15.0,19.0,1.0,0.5666301513984691,0.8424529587029416,79.0
2025-12-26 15:00:57.985,1,2025-12-26 15:00:58.080,16660.070818070817,52.0627213064713,3374.7008547008545,154.0,2110881.4856377444,2080186.09691364,0.0076051916803229,0.007494600765325,3.415036116399888,3374.7008547008545,1223.924297924298,1212.6898656898657,990.0769230769232,954.3577533577534,2.7572790738948374,1.0,0.0,1452.887292819971,1442.2850262391412,15.0,19.0,1.0,0.4655292152982168,0.5773707660716368,95.0
2025-12-26 15:00:58.438,1,2025-12-26 15:00:58.502,27994.53724053724,87.48292887667887,5364.689865689866,118.0,8834997.116276488,9976995.474640165,0.0112735274434981,0.0127307265420382,2.90625590493391,5364.689865689866,3956.8534798534783,2901.076923076923,2354.0,2143.4847374847377,1.3557969464886943,1.0,0.0,2972.3723044525373,3158.6382310483364,15.0,19.0,1.0,0.5972631325333361,0.868234104281434,64.0
2025-12-26 15:00:58.901,1,2025-12-26 15:00:58.925,30812.85347985348,96.29016712454214,10609.853479853478,156.0,32501594.956218462,14321570.683726585,0.0342326749307643,0.0150843573792114,2.132405874679061,10609.853479853478,9589.0,1994.7008547008545,1796.8192918192926,1725.402930402931,1.1064608905884212,0.0,0.0,5701.017010693658,3784.3851130304624,15.0,19.0,1.0,0.8345795229120729,0.8666305115758818,24.0
2025-12-26 15:00:59.350,1,2025-12-26 15:00:59.347,16458.410256410258,51.43253205128205,4772.853479853478,156.0,2889228.328753251,2719093.117591943,0.0106661109515316,0.0100380259293306,2.997230787809465,4772.853479853478,1614.076923076923,1394.857142857143,1188.4041514041514,1053.948717948718,2.957017358721669,1.0,0.0,1699.7730227160482,1648.9672882116076,15.0,19.0,1.0,0.609058849486121,0.729198873128049,3.0
2025-12-26 15:00:59.760,1,2025-12-26 15:00:59.770,15551.590964590963,48.59872176434676,3494.0,158.0,2473606.5410545743,2413669.42388038,0.0102277704131523,0.0099799447935521,3.381939661222466,3494.0,1357.076923076923,1044.4041514041514,838.8571428571429,780.9487179487179,2.5746514000661223,1.0,0.0,1572.7703395774522,1553.5988619590255,15.0,19.0,1.0,0.4832487526451682,0.635869283168126,10.0
2025-12-26 15:01:00.176,1,2025-12-26 15:01:00.192,18956.804639804635,59.24001449938949,2543.6898656898657,142.0,3009257.8298673006,3201305.755033354,0.0083739262225097,0.0089083420976019,3.145146645537878,2543.6898656898657,2295.924297924298,2034.857142857143,1529.3345543345542,1498.6703296703297,1.1079153907593815,1.0,0.0,1734.7212542271166,1789.2193144031712,15.0,19.0,1.0,0.522370535468984,0.80208253156729,16.0
2025-12-26 15:01:00.632,1,2025-12-26 15:01:00.615,16462.459096459097,51.44518467643468,3849.7228327228327,147.0,2625815.892278672,2942452.775220846,0.0096889085033465,0.010857256138317,3.095327569565208,3849.7228327228327,1954.133089133089,1356.6898656898657,1220.4847374847377,1006.0769230769232,1.9700412700287029,1.0,0.0,1620.4369448635366,1715.357914611655,15.0,19.0,1.0,0.5702129550090087,0.745715749171081,17.0
2025-12-26 15:01:01.096,1,2025-12-26 15:01:01.037,19687.74481074481,61.52420253357754,4327.0,135.0,3248497.368562716,7226497.758054098,0.0083808984101269,0.0186438641315748,2.927370689089108,4327.0,3354.8571428571427,1890.6898656898657,1526.3724053724054,1172.4786324786326,1.2897717594954423,1.0,0.0,1802.358834572826,2688.2146041665087,15.0,19.0,1.0,0.6233013564712687,0.7562142220081242,59.0
2025-12-26 15:01:01.509,1,2025-12-26 15:01:01.460,29454.603174603173,92.04563492063492,5370.404151404151,157.0,6364248.433979837,10114310.56708216,0.0073356866559734,0.0116581578847823,3.1128614255987763,5370.404151404151,4009.948717948718,2956.8534798534783,2193.168498168498,1544.2466422466423,1.3392700328970872,1.0,0.0,2522.746208793076,3180.300389441564,15.0,19.0,1.0,0.5457422527247306,0.3624884137009211,49.0
2025-12-26 15:01:01.929,1,2025-12-26 15:01:01.882,9908.199023199024,30.96312194749695,824.6153846153846,150.0,582409.5890979555,364318.420468673,0.005932518124543,0.0037110062625905,3.696233536063312,824.6153846153846,802.8571428571429,712.869352869353,700.2222222222222,647.4041514041514,1.027101012864858,1.0,0.0,763.1576436739368,603.5879558678031,15.0,19.0,1.0,0.3722137842944903,0.5219325394355351,47.0
2025-12-26 15:01:02.354,1,2025-12-26 15:01:02.305,11025.448107448106,34.45452533577533,1526.0,146.0,1176227.4947488515,1025187.5053673215,0.009676066131533,0.0084335574057241,3.4389780650469697,1526.0,1293.076923076923,1169.4358974358977,774.8571428571429,560.1965811965812,1.180130874478564,1.0,0.0,1084.5402227436523,1012.5154346316511,15.0,19.0,1.0,0.4828435536302412,0.7230961516269506,49.0
2025-12-26 15:01:02.802,1,2025-12-26 15:01:02.727,15019.443223443222,46.93576007326007,2471.8534798534783,130.0,1324180.7512686143,1764066.115866843,0.0058700203052438,0.0078200078879038,3.4955831043980248,2471.8534798534783,1112.4786324786326,1061.3833943833945,1035.6898656898657,876.4700854700855,2.221933444549762,1.0,0.0,1150.7305293893155,1328.1815071242495,15.0,19.0,1.0,0.436625736408065,0.7091678641376387,75.0
2025-12-26 15:01:03.268,1,2025-12-26 15:01:03.361,27980.33089133089,87.43853403540903,7179.700854700855,144.0,7267624.795333065,8620851.450895695,0.009282966982693,0.0110114489444688,2.8940924939791044,7179.700854700855,2661.924297924298,2591.3724053724054,2575.8571428571427,1777.3833943833945,2.697184461743224,2.0,3.0,2695.8532592359447,2936.12865026308,15.0,19.0,1.0,0.5999299350830177,0.6350340468978265,93.0
2025-12-26 15:01:03.664,1,2025-12-26 15:01:03.572,45854.080586080585,143.29400183150182,14670.924297924295,148.0,28980972.63654444,33327840.37917073,0.0137834195917844,0.0158508002403918,2.651196572925628,14670.924297924295,5113.383394383394,4774.857142857143,4510.0,2538.3724053724054,2.8691226857810346,1.0,0.0,5383.397870912426,5773.026968512336,15.0,19.0,1.0,0.6893069675925703,0.8982085285562981,92.0
2025-12-26 15:01:04.059,1,2025-12-26 15:01:03.994,19715.990231990232,61.61246947496947,3672.076923076923,135.0,3493039.772442328,5359113.735934498,0.0089859985047915,0.0137865558812242,2.897212695005403,3672.076923076923,2861.670329670329,2691.6898656898657,2062.924297924298,1687.857142857143,1.2831935548280542,1.0,0.0,1868.967568590297,2314.9759687596106,15.0,19.0,1.0,0.6581570799402865,0.879591793004846,65.0
2025-12-26 15:01:04.515,1,2025-12-26 15:01:04.417,36980.86568986569,115.56520528083028,7069.0,158.0,13606903.39454319,18472365.52266269,0.0099495893081212,0.0135072944350952,2.928921232639072,7069.0,4543.857142857143,3771.404151404152,3126.924297924298,2989.076923076923,1.5557267268207975,1.0,0.0,3688.7536370084654,4297.948990235074,15.0,19.0,1.0,0.5813888375564423,0.7498338991860058,98.0
2025-12-26 15:01:04.951,1,2025-12-26 15:01:05.051,18287.69230769231,57.14903846153847,4145.0,141.0,4063222.768062785,3772371.719664233,0.0121493437838709,0.0112796771230449,3.0680007732145667,4145.0,2508.8534798534783,1812.402930402931,1092.4041514041514,1027.8192918192926,1.652149092517122,1.0,0.0,2015.7437257902568,1942.2594367550987,15.0,19.0,1.0,0.5788854971617337,0.7447985060376342,100.0
2025-12-26 15:01:05.361,1,2025-12-26 15:01:05.262,10541.620268620269,32.94256333943834,2204.8571428571427,129.0,842556.5954764846,1340003.4626599154,0.0075820098912363,0.0120584416082254,3.0323574866511,2204.8571428571427,1580.6898656898657,1077.076923076923,689.9487179487179,517.4847374847375,1.3948701707488171,1.0,0.0,917.9088165370702,1157.585185919341,15.0,19.0,1.0,0.5758182549153125,0.7272038840865801,99.0
2025-12-26 15:01:05.748,1,2025-12-26 15:01:05.684,26414.08302808304,82.54400946275948,5371.857142857143,139.0,8206145.060783736,12459242.89630421,0.0117616462314957,0.0178574965678966,2.690340486900252,5371.857142857143,3871.0,3774.404151404152,3694.076923076923,2170.948717948718,1.3877181975860902,1.0,0.0,2864.636985864656,3529.765274958692,15.0,19.0,1.0,0.7148568025326062,0.6652781792966038,64.0
2025-12-26 15:01:06.144,1,2025-12-26 15:01:06.107,60369.355311355306,188.6542353479853,20132.40415140416,143.0,63425214.896685794,66686878.9203755,0.0174031903885211,0.0182981555861972,2.5339435840758338,20132.40415140416,7505.168498168498,5522.246642246642,4594.857142857143,4283.700854700855,2.682471973322707,1.0,0.0,7963.994908127816,8166.203458179052,15.0,19.0,1.0,0.6963529272851005,0.1584609532907511,37.0
2025-12-26 15:01:06.571,1,2025-12-26 15:01:06.529,31848.71062271062,99.52722069597068,7271.404151404151,132.0,9979373.739483375,10197865.700299827,0.009838289050766,0.0100536920531885,3.0273800717064105,7271.404151404151,4113.246642246642,3624.8534798534783,1862.1684981684984,1295.3345543345542,1.7678016379369763,1.0,0.0,3159.014678579917,3193.4097294740973,15.0,19.0,1.0,0.5704157867242593,0.3545309643493736,42.0
2025-12-26 15:01:07.023,1,2025-12-26 15:01:06.952,23496.330891330887,73.42603403540902,6722.404151404151,152.0,7824214.066112959,11619361.449547583,0.0141723093947539,0.0210466104379317,2.542788728478687,6722.404151404151,5481.246642246642,2126.7008547008545,1519.857142857143,1340.1684981684982,1.2264370845110444,1.0,0.0,2797.179662823423,3408.7184467989705,15.0,19.0,1.0,0.7316196460154146,0.2082723018869404,71.0
2025-12-26 15:01:07.413,1,2025-12-26 15:01:07.374,37348.98656898657,116.71558302808305,10834.857142857143,136.0,15346489.364378763,26534191.298970725,0.0110014872175394,0.0190216511067963,2.6261885734693307,10834.857142857143,6351.372405372405,2950.076923076923,2478.6898656898657,2344.8534798534783,1.7059080229165289,1.0,0.0,3917.459554912949,5151.134952510051,15.0,19.0,1.0,0.6682872042791926,0.8166145997132066,39.0
2025-12-26 15:01:07.835,1,2025-12-26 15:01:07.797,25579.84249084249,79.93700778388278,4423.857142857143,138.0,4736202.353941309,7650843.459128581,0.0072382656397008,0.0116926670750998,3.066915847675266,4423.857142857143,3353.8534798534783,2867.3724053724054,2145.076923076923,1420.8192918192926,1.319037092535447,1.0,0.0,2176.281772643724,2766.01580963099,15.0,19.0,1.0,0.5555538212585233,0.8414591274006776,38.0
2025-12-26 15:01:08.244,1,2025-12-26 15:01:08.219,16987.34188034188,53.08544337606837,4169.853479853478,144.0,2416203.9427200905,4341358.972382154,0.0083730316732791,0.0150443990004868,3.039875425156646,4169.853479853478,1837.924297924298,1527.857142857143,1013.6703296703296,872.3833943833944,2.268784130315122,1.0,0.0,1554.4143407470517,2083.592803880392,15.0,19.0,1.0,0.5546299539418272,0.8537095746002428,25.0
2025-12-26 15:01:08.674,1,2025-12-26 15:01:08.642,26293.557997558,82.16736874236872,4806.857142857143,137.0,7800939.877365969,6892437.593833213,0.0112836138357833,0.0099695171887812,2.9494514888177923,4806.857142857143,3656.8534798534783,3047.3724053724054,2369.924297924298,1550.4041514041514,1.3144790102578647,1.0,0.0,2793.016268725617,2625.345233266134,15.0,19.0,1.0,0.5868894380457783,0.8419928947251761,32.0
2025-12-26 15:01:09.132,2,2025-12-26 15:01:09.064,11683.88766788767,36.51214896214897,1869.076923076923,159.0,815529.8967394871,1347247.473833094,0.005973998934399,0.0098689882556466,3.4489997951956948,1869.076923076923,1067.6898656898657,1062.857142857143,783.4041514041514,661.9487179487179,1.7505803727634963,1.0,0.0,903.0669392351195,1160.7099008077314,15.0,19.0,1.0,0.4660244052107299,0.7121200689217525,68.0
2025-12-26 15:01:09.521,2,2025-12-26 15:01:09.487,18380.032967032967,57.43760302197802,2426.2466422466423,143.0,1732372.4711064126,3669383.046881866,0.0051280080912777,0.0108617668938078,3.328372427775685,2426.2466422466423,2172.6898656898657,1929.076923076923,1434.3724053724054,983.4041514041514,1.1167017808476551,2.0,5.0,1316.196212996532,1915.5633758458284,15.0,19.0,1.0,0.4867124016499298,0.5877341944897017,34.0
2025-12-26 15:01:09.923,1,2025-12-26 15:01:09.909,12814.649572649574,40.04577991452992,1591.3577533577534,159.0,1027436.4796246124,612579.237738315,0.0062566449780408,0.0037303433228765,3.7303715519113982,1591.3577533577534,903.4041514041514,687.6898656898657,670.869352869353,637.9487179487179,1.761512553249353,1.0,0.0,1013.6254138608662,782.6744136218553,15.0,19.0,1.0,0.3504793335008746,0.4562724781371087,14.0
2025-12-26 15:01:10.353,1,2025-12-26 15:01:10.331,26028.80463980464,81.3400144993895,6817.853479853478,141.0,10071089.046452455,7776538.222805062,0.0148651052435671,0.0114783077162185,2.834829425596995,6817.853479853478,4102.0,2173.8192918192926,2133.2466422466423,1258.3724053724054,1.6620803217581217,1.0,0.0,3173.497919717682,2788.6445135235617,15.0,19.0,1.0,0.6333480176066555,0.7844572587962381,22.0
2025-12-26 15:01:10.796,1,2025-12-26 15:01:10.754,15194.494505494507,47.48279532967034,3751.8534798534783,133.0,1359023.3867272052,3295604.817681331,0.0058864629854142,0.0142745562462701,3.1196362566032594,3751.8534798534783,2036.6898656898657,916.8192918192926,894.0769230769231,814.3833943833944,1.8421329349428528,2.0,3.0,1165.771584285363,1815.380075268353,15.0,19.0,1.0,0.5537415510453384,0.8721031997724326,42.0
2025-12-26 15:01:11.230,1,2025-12-26 15:01:11.176,21379.00732600733,66.8093978937729,2682.0,152.0,3036503.044870764,4177596.246857416,0.0066435261492792,0.0091401093616585,3.482547840387171,2682.0,2302.3833943833943,1898.3724053724047,1172.722832722833,955.3577533577534,1.1648798399699658,2.0,2.0,1742.5564682014651,2043.9168884417527,15.0,19.0,1.0,0.4214805789824667,0.7438516906940017,54.0
2025-12-26 15:01:11.621,1,2025-12-26 15:01:11.599,33415.80097680097,104.42437805250304,7380.076923076923,146.0,9697429.355157929,15864726.104372568,0.0086846610505168,0.0142078651805262,2.882129035669068,7380.076923076923,4007.6898656898657,3425.8534798534783,2067.8571428571427,2010.948717948718,1.841479049129144,1.0,0.0,3114.0695809756608,3983.054870871423,15.0,19.0,1.0,0.5653740319599608,0.8682116526289041,22.0
2025-12-26 15:01:12.015,1,2025-12-26 15:01:12.021,13780.36385836386,43.06363705738706,2004.076923076923,133.0,1588306.7478475708,2624049.6974932803,0.0083639804920926,0.0138181749273923,3.0521560335275497,2004.076923076923,1959.404151404152,1699.857142857143,1341.948717948718,1163.7008547008545,1.0227991614898515,2.0,5.0,1260.2804242895986,1619.891878334255,15.0,19.0,1.0,0.5927991360713678,0.4568593027292135,6.0
2025-12-26 15:01:12.449,1,2025-12-26 15:01:12.444,26404.730158730163,82.51478174603176,6210.246642246642,154.0,10034017.56965668,10211876.999020984,0.0143916765555629,0.0146467782994056,2.773780110866623,6210.246642246642,6115.540903540904,2815.4041514041514,1838.1684981684984,1321.1684981684982,1.015486077224974,1.0,0.0,3167.651743745938,3195.602759890688,15.0,19.0,1.0,0.6930776638699078,0.146314804475494,5.0
2025-12-26 15:01:12.894,1,2025-12-26 15:01:12.866,21981.907203907205,68.69346001221001,2943.0,126.0,2360741.634825197,5702979.692307231,0.0048855978865446,0.0118024205278212,3.263895504686621,2943.0,2291.4041514041514,2254.076923076923,1853.2466422466423,1671.857142857143,1.2843653085795763,1.0,0.0,1536.470512188632,2388.0912236150507,15.0,19.0,1.0,0.5010295402223668,0.6174300187599889,28.0
2025-12-26 15:01:13.312,1,2025-12-26 15:01:13.289,14065.495726495728,43.95467414529914,3256.8534798534783,158.0,3407460.161934906,1864207.76270646,0.0172234718981785,0.0094228922679784,3.127292101208766,3256.8534798534783,3097.7008547008545,548.2588522588524,523.990231990232,503.37240537240535,1.0513776612451309,1.0,0.0,1845.93070344878,1365.3599388829523,15.0,19.0,1.0,0.5638035074182899,0.5205833237337495,23.0
2025-12-26 15:01:13.701,1,2025-12-26 15:01:13.711,34385.3137973138,107.45410561660564,12031.853479853478,137.0,21683381.038662337,13471110.399344089,0.0183392266384026,0.0113935066788714,2.754788873769221,12031.853479853478,3361.2466422466423,3149.7008547008545,2360.8192918192926,1456.5409035409036,3.579580661717779,1.0,0.0,4656.541746689525,3670.301131970521,15.0,19.0,1.0,0.650282306683713,0.5837897472484677,10.0
2025-12-26 15:01:14.112,1,2025-12-26 15:01:14.134,27906.294261294264,87.20716956654458,3955.540903540904,159.0,5066856.706525864,6859057.592954849,0.0065063029848745,0.0088076512669069,3.351797382909774,3955.540903540904,3017.8534798534783,1784.162393162393,1685.1684981684982,1633.2466422466423,1.3107133696005813,1.0,0.0,2250.967948800219,2618.9802582216707,15.0,19.0,1.0,0.4327329097837518,0.3499608295772553,22.0
2025-12-26 15:01:14.570,1,2025-12-26 15:01:14.556,34323.83028083028,107.26196962759464,8456.853479853478,144.0,11458148.805163177,10269498.598761,0.0097257469647641,0.0087168133810186,2.994766332280116,8456.853479853478,3793.2466422466414,2854.0,2750.076923076923,1874.1684981684984,2.2294499349619072,1.0,0.0,3384.988745204801,3204.6058414040563,15.0,19.0,1.0,0.5747710958226935,0.6233248457368276,14.0
2025-12-26 15:01:15.023,1,2025-12-26 15:01:14.979,143749.77045177046,449.2180326617827,51081.16239316239,142.0,478289876.12450194,437418510.9444304,0.0231460490234902,0.0211681467735403,1.983551836538805,51081.16239316239,35637.24664224664,20389.13675213676,12891.372405372404,5991.168498168498,1.4333644488855133,1.0,0.0,21869.839416980223,20914.552611625008,15.0,18.0,0.9473684210526316,0.8764541765536717,0.2836562962457586,44.0
2025-12-26 15:01:15.442,1,2025-12-26 15:01:15.401,34756.84981684982,108.61515567765568,6382.700854700855,157.0,15922205.088133752,11457307.224506645,0.013180212095038,0.0094842227204792,2.9168540722452296,6382.700854700855,5921.853479853478,4041.136752136752,3819.372405372405,1686.990231990232,1.0778214753901172,1.0,0.0,3990.2637867857497,3384.864432219796,15.0,19.0,1.0,0.6287121485175394,0.6105798314190929,41.0
2025-12-26 15:01:15.847,1,2025-12-26 15:01:15.824,29785.789987789984,93.0805937118437,8065.853479853478,145.0,10104568.563876862,8742349.59075437,0.0113893654657626,0.0098539402141836,2.927700700409357,8065.853479853478,4510.136752136752,3129.162393162393,1803.3724053724047,1397.8192918192926,1.7883833513541152,1.0,0.0,3178.768403623778,2956.746453579401,15.0,19.0,1.0,0.6347437596952749,0.7290227223591634,23.0
2025-12-26 15:01:16.266,1,2025-12-26 15:01:16.246,31534.611721611724,98.54566163003663,6153.853479853478,154.0,7952269.911855054,8553559.628692377,0.0079967981918805,0.0086014547960575,3.192479521965004,6153.853479853478,3319.168498168498,2832.162393162393,2169.076923076923,1995.7008547008545,1.8540346726137265,1.0,0.0,2819.9769346317453,2924.646923765735,15.0,19.0,1.0,0.522282065635018,0.4690767711598561,20.0
2025-12-26 15:01:16.714,1,2025-12-26 15:01:16.669,81636.0586080586,255.1126831501832,23220.162393162394,157.0,70330840.31621441,94905686.54411858,0.0105531411957786,0.0142405963853028,2.816607143691572,23220.162393162394,8620.689865689867,7529.168498168498,6752.4310134310135,5464.076923076923,2.693538771830242,2.0,4.0,8386.348449487085,9741.95496520686,15.0,19.0,1.0,0.6319086145645418,0.3359150440057241,45.0
2025-12-26 15:01:17.168,1,2025-12-26 15:01:17.091,43493.77411477412,135.9180441086691,10809.162393162393,145.0,26694904.748403307,29554482.586764514,0.0141115326946913,0.0156231704600017,2.720687650439312,10809.162393162393,8817.136752136752,3739.4310134310135,3168.2466422466423,2880.5982905982905,1.225926590119141,2.0,4.0,5166.711212019045,5436.40346063135,15.0,19.0,1.0,0.6762939222968644,0.4783105807657484,77.0
2025-12-26 15:01:17.563,1,2025-12-26 15:01:17.513,29044.27594627595,90.76336233211234,6360.1623931623935,158.0,8506871.95725841,8560925.789095653,0.0100843703637588,0.0101484478369552,2.997991362513523,6360.1623931623935,3736.4310134310135,3659.8534798534783,3144.136752136752,1508.3345543345542,1.7022025484475387,1.0,0.0,2916.654240265447,2925.905977487256,15.0,19.0,1.0,0.6338225895859505,0.4485662116135784,50.0
2025-12-26 15:01:17.958,1,2025-12-26 15:01:17.936,79651.70818070817,248.91158806471304,20126.1684981685,139.0,90099012.96613888,82129885.60908271,0.0142013570116568,0.0129452675280634,2.5938439861252154,20126.1684981685,11985.196581196582,11032.431013431013,10809.162393162393,3267.6898656898657,1.679252264392768,2.0,3.0,9492.04998754952,9062.55403344348,15.0,19.0,1.0,0.7183857026873731,0.1642545600964888,22.0
2025-12-26 15:01:18.401,1,2025-12-26 15:01:18.358,42039.21123321123,131.37253510378508,13019.431013431013,128.0,27332809.242307022,27388261.0385264,0.0154658983897303,0.0154972750344891,2.4760848511028195,13019.431013431013,6114.1623931623935,5433.196581196581,4671.168498168498,1823.2588522588524,2.129389142164233,2.0,4.0,5228.0789246440245,5233.379504538764,15.0,19.0,1.0,0.7388629906946982,0.2120586066023431,43.0
2025-12-26 15:01:18.852,1,2025-12-26 15:01:18.781,124778.27106227107,389.9320970695972,42071.43101343101,124.0,360927313.5645728,313589351.2815108,0.023181515332313,0.0201411089756216,1.972128361018353,42071.43101343101,24984.162393162394,22549.59829059829,17292.136752136754,3991.258852258852,1.6839240135960427,1.0,0.0,18998.087102773603,17708.454231849566,15.0,19.0,1.0,0.8886850759956998,0.394384749137035,71.0
2025-12-26 15:01:19.322,1,2025-12-26 15:01:19.415,36946.01221001221,115.45628815628817,6428.853479853478,155.0,16309433.341010246,18489117.24370388,0.0119482343787956,0.0135450632566932,2.968392866639456,6428.853479853478,5358.015873015873,5234.700854700855,3181.8192918192926,2460.641025641026,1.1998571173014576,0.0,0.0,4038.493944654399,4299.897352693885,15.0,19.0,1.0,0.6134364487350021,0.7114434935653532,93.0
2025-12-26 15:01:19.742,1,2025-12-26 15:01:19.837,51597.86202686203,161.24331883394385,8708.641025641025,139.0,30948053.959396493,33043514.996585883,0.0116243835619195,0.0124114586674271,2.836673585500506,8708.641025641025,7389.442002442002,7042.2344322344325,6867.015873015873,3612.6898656898657,1.1785248497466907,2.0,4.0,5563.097514820003,5748.348893081028,15.0,19.0,1.0,0.6515778343978641,0.9350087126542838,95.0
2025-12-26 15:01:20.154,1,2025-12-26 15:01:20.048,29328.0989010989,91.65030906593408,5537.853479853478,130.0,6971315.387734128,7518261.220254946,0.0081048859264459,0.0087407678703795,3.115206732020553,5537.853479853478,4358.442002442002,3129.7008547008545,2003.6898656898657,1701.2344322344322,1.2706039168926395,2.0,4.0,2640.324864052552,2741.9447879661884,15.0,19.0,1.0,0.5704740935080921,0.7841883039984432,106.0
2025-12-26 15:01:20.597,1,2025-12-26 15:01:20.682,30570.36263736264,95.53238324175824,5772.136752136752,121.0,5927352.644954195,14443934.223420754,0.0063424869906928,0.0154555448939678,3.1140477739339723,5772.136752136752,3827.6898656898657,2913.5982905982905,1842.162393162393,1785.722832722833,1.5079948884769248,3.0,4.0,2434.615502487856,3800.517625721627,15.0,19.0,1.0,0.5280051900523398,0.7987849404605945,85.0
2025-12-26 15:01:21.047,1,2025-12-26 15:01:21.104,12345.48717948718,38.57964743589744,2426.7008547008545,144.0,1570089.5454086617,850742.5684455566,0.0103016776493811,0.0055818954583584,3.379823342337553,2426.7008547008545,927.6410256410256,804.3833943833944,680.3724053724054,679.3577533577534,2.615991302261908,2.0,4.0,1253.0321406127864,922.3570720960277,15.0,19.0,1.0,0.4470018358306875,0.5492266110596044,57.0
2025-12-26 15:01:21.451,1,2025-12-26 15:01:21.527,11172.03785103785,34.912618284493284,1206.076923076923,140.0,416036.24882628064,950512.555860504,0.0033332383897928,0.0076154059895325,3.6103880824149455,1206.076923076923,1198.3833943833945,966.6410256410256,687.4420024420025,481.13675213675214,1.0064199226462751,1.0,0.0,645.0087199614286,974.9423346334409,15.0,19.0,1.0,0.4063430645518237,0.828937565321685,76.0
2025-12-26 15:01:21.858,1,2025-12-26 15:01:21.949,71251.42490842492,222.66070283882783,18699.641025641027,143.0,61113432.11404877,82515562.94726768,0.0120378677120947,0.0162535697405201,2.749086867268321,18699.641025641027,7802.015873015873,7501.136752136752,5918.0,4936.853479853478,2.396770441125785,1.0,0.0,7817.508050142882,9083.807733944375,15.0,19.0,1.0,0.6295684218006767,0.8732025272180454,91.0
2025-12-26 15:01:22.245,1,2025-12-26 15:01:22.161,43487.858363858366,135.8995573870574,13500.641025641024,134.0,30627178.303210184,24079996.47189693,0.016194626852694,0.0127326962221552,2.6714875238479032,13500.641025641024,5004.136752136752,4202.015873015873,2562.7008547008545,2497.3833943833943,2.697896099636684,1.0,0.0,5534.182713211607,4907.137299067241,15.0,19.0,1.0,0.6384972483021514,0.8286098464994572,84.0
2025-12-26 15:01:22.688,1,2025-12-26 15:01:22.583,51458.62881562881,160.80821504884003,10119.641025641024,158.0,18893810.486181542,35702613.50128395,0.0071351504591301,0.0134829085589773,3.0005553815555497,10119.641025641024,6325.383394383394,5636.689865689866,4948.076923076923,3689.4420024420015,1.5998462693384137,2.0,4.0,4346.701103846634,5975.166399464031,15.0,19.0,1.0,0.5969695251946296,0.929395514497124,105.0
2025-12-26 15:01:23.120,1,2025-12-26 15:01:23.217,35393.32722832723,110.6041475885226,7540.853479853478,144.0,13212992.584694931,17866139.22528007,0.0105477155318273,0.0142622462695211,2.8701687838560224,7540.853479853478,5224.383394383394,4068.641025641026,3282.7008547008545,2595.3724053724054,1.4433958824612718,1.0,0.0,3634.968030766561,4226.8356042410815,15.0,19.0,1.0,0.6417014996480154,0.8115353587030706,97.0
2025-12-26 15:01:23.535,1,2025-12-26 15:01:23.639,55250.44566544567,172.65764270451774,7670.641025641025,127.0,36185532.20546295,28997204.80369012,0.0118539582539924,0.009499146047478,3.1747225856363093,7670.641025641025,7616.853479853478,6209.700854700855,4054.383394383394,3018.3724053724054,1.0070616490035955,1.0,0.0,6015.441148034194,5384.905273418476,15.0,19.0,1.0,0.5170990173174052,0.7486512465216806,104.0
2025-12-26 15:01:23.946,1,2025-12-26 15:01:23.851,30639.369963369965,95.74803113553114,5273.853479853478,146.0,7701113.178758435,13280811.004548654,0.0082033991744711,0.0141470189441607,3.191094676174846,5273.853479853478,4331.700854700855,3026.924297924298,2809.3833943833943,1412.8192918192926,1.2175017751119543,1.0,0.0,2775.0879587426475,3644.284704101568,15.0,19.0,1.0,0.5500988218370975,0.7516974019396857,95.0
2025-12-26 15:01:24.367,1,2025-12-26 15:01:24.273,41284.06105006104,129.01269078144077,7686.076923076923,137.0,13079213.876385529,17721819.525728248,0.0076739120657959,0.0103978485229822,3.0153200765843464,7686.076923076923,4840.383394383394,3569.0,2643.641025641026,2639.4420024420024,1.587906638138206,1.0,0.0,3616.51958053396,4209.729151112723,15.0,19.0,1.0,0.5178401252633363,0.8381071421367455,94.0
2025-12-26 15:01:24.820,1,2025-12-26 15:01:24.907,18987.91941391941,59.33724816849817,2505.076923076923,146.0,1686759.8664181195,2599475.090728605,0.0046784123719009,0.0072099275463187,3.4340443519439083,2505.076923076923,1847.6898656898657,1400.3345543345542,1243.990231990232,997.3833943833944,1.355788636173666,1.0,0.0,1298.753196884658,1612.288773988272,15.0,19.0,1.0,0.4210295396352937,0.8319418567399205,87.0
2025-12-26 15:01:25.254,1,2025-12-26 15:01:25.329,22826.671550671548,71.33334859584859,2782.3833943833943,148.0,4794874.078619562,4885899.580222998,0.0092022075995679,0.00937690156418,3.4599255397056066,2782.3833943833943,2766.7008547008545,2617.8534798534783,1174.076923076923,1162.0,1.0056683177926111,1.0,0.0,2189.7200913860115,2210.4071073499103,15.0,19.0,1.0,0.460120286424553,0.6679133785402942,75.0
2025-12-26 15:01:25.651,1,2025-12-26 15:01:25.752,48470.10989010989,151.4690934065934,13597.383394383394,151.0,26071760.956675235,33731298.47428324,0.0110974285334405,0.0143577058251091,2.895562488361988,13597.383394383394,4635.641025641025,3711.4420024420015,3527.3724053724054,2953.076923076923,2.9332261318703354,1.0,0.0,5106.051405604456,5807.865225216856,15.0,19.0,1.0,0.5864421561114543,0.9205611151668122,101.0
2025-12-26 15:01:26.098,1,2025-12-26 15:01:26.174,31446.752136752137,98.27110042735043,7416.383394383394,136.0,10963335.838570086,11252945.272439288,0.0110864147769626,0.0113792754860089,2.9730806116222785,7416.383394383394,4290.924297924298,2950.4420024420024,2365.076923076923,1575.857142857143,1.7283883097097017,1.0,0.0,3311.092846564422,3354.5409928094914,14.0,19.0,1.0,0.5914341703652981,0.8872442087696463,76.0
2025-12-26 15:01:26.537,1,2025-12-26 15:01:26.597,28981.03907203907,90.5657471001221,7389.076923076923,153.0,8539932.891771894,10415185.618793204,0.0101677896533344,0.0124004975114448,2.927977244891065,7389.076923076923,4159.857142857143,2534.7008547008545,2281.670329670329,1530.924297924298,1.7762814128756488,2.0,4.0,2922.3163572364806,3227.256670733396,15.0,19.0,1.0,0.617515110612277,0.7619346167598434,60.0
2025-12-26 15:01:26.996,1,2025-12-26 15:01:27.019,43182.69230769231,134.94591346153845,8142.924297924298,133.0,19599424.617543817,29375962.21224459,0.0105105124355117,0.0157533408333092,2.7279139476569365,8142.924297924298,5598.076923076923,5497.383394383394,5357.67032967033,5138.857142857143,1.4545931415045958,1.0,0.0,4427.123740934267,5419.959613525232,15.0,19.0,1.0,0.6885840251932278,0.9226087872393602,23.0
2025-12-26 15:01:27.383,1,2025-12-26 15:01:27.441,59339.28815628817,185.4352754884005,12813.076923076924,147.0,29767398.16856046,44768590.74917061,0.0084538825978877,0.0127141918189578,2.9052307335146903,12813.076923076924,6423.924297924298,5305.383394383394,4452.853479853478,4372.689865689866,1.994587160252666,1.0,0.0,5455.950711705565,6690.933473676943,15.0,19.0,1.0,0.5623243722277685,0.8834747765879295,58.0
2025-12-26 15:01:27.798,1,2025-12-26 15:01:27.864,38188.72893772893,119.33977793040292,7529.076923076923,138.0,13047396.660646634,15836403.642761957,0.0089465060184549,0.0108589080400986,2.889298330293444,7529.076923076923,6235.689865689866,4934.700854700855,2660.334554334554,2210.990231990232,1.2074168352249763,1.0,0.0,3612.118029722538,3979.49791340088,15.0,19.0,1.0,0.6172185638392592,0.6701052471580069,66.0
2025-12-26 15:01:28.226,1,2025-12-26 15:01:28.286,18398.37606837607,57.49492521367522,3326.7008547008545,151.0,4008174.628859397,3505256.671893341,0.0118409801001289,0.0103552560307344,3.176029135578953,3326.7008547008545,3193.8534798534783,1151.8302808302808,1105.3345543345542,1072.2588522588524,1.0415946992197116,1.0,0.0,2002.0426141467112,1872.2330709325004,15.0,19.0,1.0,0.53537214292016,0.5485744547980327,60.0
2025-12-26 15:01:28.694,1,2025-12-26 15:01:28.709,58449.782661782665,182.65557081807083,12471.924297924295,157.0,43655273.88622503,55350062.63018072,0.0127782363290611,0.0162013914506663,2.8408095846929244,12471.924297924295,11492.853479853478,4941.383394383394,4114.857142857143,3565.0,1.0851895327636436,1.0,0.0,6607.213776337574,7439.762269735554,15.0,19.0,1.0,0.6259393388461549,0.8484736237269956,15.0
2025-12-26 15:01:29.153,1,2025-12-26 15:01:29.131,13081.384615384612,40.87932692307692,2087.8534798534783,124.0,1218749.496727201,1613992.239774092,0.0071220828205867,0.0094317876104348,3.1533467009507263,2087.8534798534783,1924.076923076923,1770.924297924298,852.6898656898657,723.8571428571429,1.085119547358618,1.0,0.0,1103.9698803532644,1270.4299428831532,15.0,19.0,1.0,0.5625858367275571,0.7843939145318074,22.0
2025-12-26 15:01:29.553,1,2025-12-26 15:01:29.554,8460.959706959706,26.44049908424908,1322.7008547008545,141.0,923378.2478775728,319388.32457478874,0.0128985349840987,0.0044614885476344,3.655672390142916,1322.7008547008545,916.8534798534783,504.0769230769231,496.81929181929263,378.990231990232,1.442652379866401,1.0,0.0,960.9257244332534,565.1445165396093,15.0,19.0,1.0,0.4277813518557617,0.6213250372391257,1.0
2025-12-26 15:01:29.942,1,2025-12-26 15:01:29.976,19316.83760683761,60.36511752136752,3256.076923076923,141.0,2698003.5556578413,3997142.234854368,0.0072305354562903,0.0107121721883361,3.1606832666968367,3256.076923076923,2658.6898656898657,1912.8534798534783,1168.4786324786326,1117.948717948718,1.2246922685850103,1.0,0.0,1642.5600615069884,1999.2854310614,15.0,19.0,1.0,0.52358713288903,0.7125744524979578,34.0
2025-12-26 15:01:30.352,1,2025-12-26 15:01:30.399,27390.716727716725,85.59598977411477,9049.076923076924,141.0,11931578.23869264,10665512.296979744,0.0159034409390999,0.0142159185907368,2.712863800818871,9049.076923076924,3490.948717948718,2799.6898656898657,1694.4041514041514,1457.6703296703297,2.5921540687631675,1.0,0.0,3454.211666747225,3265.8095928850084,15.0,19.0,1.0,0.6751115778243741,0.6708889142186151,47.0
2025-12-26 15:01:30.811,1,2025-12-26 15:01:30.821,11275.931623931623,35.237286324786325,2694.076923076923,140.0,1134267.7390904694,1431401.349541103,0.0089209419354432,0.0112578784404206,3.119232271857998,2694.076923076923,1471.857142857143,685.9487179487179,682.6898656898657,668.6703296703297,1.8303929400684893,1.0,0.0,1065.0200651116718,1196.411864510338,15.0,19.0,1.0,0.5501313049891943,0.7557537703350975,10.0
2025-12-26 15:01:31.255,1,2025-12-26 15:01:31.244,6503.092796092796,20.322164987789986,1184.722832722833,146.0,193120.45936023933,448178.6777509836,0.0045665517468671,0.0105976918788012,3.5073022217251166,1184.722832722833,672.8534798534783,446.0769230769231,340.2087912087912,335.6898656898657,1.7607441563340938,1.0,0.0,439.4547295913873,669.4614833961574,15.0,19.0,1.0,0.4581745926094757,0.773222584238469,11.0
2025-12-26 15:01:31.639,1,2025-12-26 15:01:31.666,12097.201465201464,37.80375457875458,1434.924297924298,149.0,998629.7604800736,1248167.072797375,0.0068239317990085,0.0085290938800409,3.601063695087668,1434.924297924298,1146.3724053724054,921.3833943833944,715.8534798534783,699.8571428571429,1.251708686634779,1.0,0.0,999.3146453845624,1117.2139780710654,15.0,19.0,1.0,0.4065726056177905,0.8461969831668056,27.0
2025-12-26 15:01:32.043,1,2025-12-26 15:01:32.089,21887.222222222223,68.39756944444444,3694.076923076923,129.0,3510785.615848868,6748257.566175563,0.007328633705068,0.0140867353525364,3.198418980500313,3694.076923076923,3693.700854700856,1970.0,1540.857142857143,1271.3724053724054,1.0001018134358632,1.0,0.0,1873.7090531480249,2597.7408581641785,15.0,19.0,1.0,0.5560325199079165,0.6603382809032683,46.0
2025-12-26 15:01:32.468,1,2025-12-26 15:01:32.511,18452.40659340659,57.6637706043956,2583.6898656898657,131.0,2090341.1070073703,4487975.937545485,0.0061391907846448,0.0131808825005277,3.230380829590773,2583.6898656898657,2121.076923076923,1487.4847374847377,1455.924297924298,1359.857142857143,1.218102859721202,1.0,0.0,1445.8011989922302,2118.484349138668,15.0,19.0,1.0,0.4881765921119051,0.8849429555796331,43.0
2025-12-26 15:01:32.892,1,2025-12-26 15:01:32.934,11452.014652014654,35.787545787545795,1630.076923076923,145.0,820689.6640999926,1561872.9220130562,0.0062577062687479,0.0119091812686433,3.3046353880189026,1630.076923076923,1378.6703296703297,1183.857142857143,1025.924297924298,1002.6898656898657,1.1823543946619406,1.0,0.0,905.9192370735884,1249.749143633656,15.0,19.0,1.0,0.5432422807914913,0.8201083248037496,42.0
2025-12-26 15:01:34.030,1,2025-12-26 15:01:33.990,33122.40903540904,103.50752823565324,5579.853479853478,154.0,17812038.91790663,9244813.106151562,0.0162356545907667,0.0084266373456425,3.140286746993004,5579.853479853478,4415.0,3462.7008547008545,2511.4041514041514,2378.2466422466423,1.2638399727864584,1.0,0.0,4220.431129387925,3040.5284254799462,15.0,19.0,1.0,0.55392121716119,0.5662017455287323,40.0
2025-12-26 15:01:34.458,1,2025-12-26 15:01:34.412,35610.352869352864,111.2823527167277,5452.853479853478,135.0,12300003.873748332,15844511.062234312,0.0096995747395441,0.0124947130779107,2.90196131487543,5452.853479853478,5394.700854700855,3755.404151404152,3645.076923076923,2625.948717948718,1.0107795829125426,1.0,0.0,3507.1361356166844,3980.516431599587,15.0,19.0,1.0,0.5861774019360589,0.5143705893653658,46.0
2025-12-26 15:01:34.876,1,2025-12-26 15:01:34.835,21675.4297924298,67.73571810134311,5196.857142857143,136.0,5856684.600922956,8214316.3175873775,0.0124656922616699,0.0174838063396689,2.6460319461913366,5196.857142857143,3901.076923076923,3404.4041514041514,1481.948717948718,1014.3724053724054,1.3321596178003223,1.0,0.0,2420.058801129212,2866.0628600202363,15.0,19.0,1.0,0.6919659487396635,0.6455778916579905,41.0
2025-12-26 15:01:35.289,1,2025-12-26 15:01:35.257,8153.03663003663,25.47823946886447,915.6898656898657,132.0,315525.9640156793,339564.4056785166,0.0047467495209281,0.0051083820788156,3.627915451590134,915.6898656898657,532.6153846153846,492.8571428571428,465.948717948718,448.33455433455424,1.719232850078842,1.0,0.0,561.7169785716641,582.721550724286,15.0,19.0,1.0,0.3502309378723453,0.6737349035999605,32.0
2025-12-26 15:01:35.688,1,2025-12-26 15:01:35.680,28375.21001221001,88.67253128815628,4014.700854700856,133.0,6952013.708820924,6822824.020612152,0.0086344057001554,0.0084739520205466,3.2378286419536253,4014.700854700856,3056.8534798534783,2844.076923076923,1894.3833943833945,1446.924297924298,1.31334422181464,1.0,0.0,2636.667159279101,2612.053602170551,15.0,19.0,1.0,0.4672014390108107,0.6312029146148218,8.0
2025-12-26 15:01:36.112,1,2025-12-26 15:01:36.102,25063.62148962149,78.32381715506716,4995.700854700855,136.0,4017143.843094983,7135676.031778993,0.0063948407902208,0.0113591929829092,2.9767908441666684,4995.700854700855,2760.076923076923,2543.6898656898657,2256.7228327228327,1639.857142857143,1.8099860960142573,1.0,0.0,2004.281378223872,2671.268618424398,15.0,19.0,1.0,0.5664004950332275,0.6453499582454278,10.0
2025-12-26 15:01:36.525,1,2025-12-26 15:01:36.525,15484.355311355312,48.38861034798535,5454.700854700855,159.0,3879879.147203692,2881563.741315652,0.016181990488439,0.0120182704885041,2.9728429836189343,5454.700854700855,1179.857142857143,1073.2588522588524,814.0769230769231,548.3345543345542,4.623187550898852,1.0,0.0,1969.74088326452,1697.5169340291282,15.0,19.0,1.0,0.585767256359467,0.3668720888632324,0.0
2025-12-26 15:01:36.936,1,2025-12-26 15:01:36.947,8537.581196581195,26.67994123931624,1804.8534798534783,136.0,532836.2534408617,556864.1859023517,0.0073101126883919,0.0076397578520389,3.259647691863374,1804.8534798534783,979.3724053724054,807.4041514041514,564.8571428571429,554.2466422466423,1.842867401563496,1.0,0.0,729.9563366673802,746.2333320767384,15.0,19.0,1.0,0.5517644533348207,0.7131760617674744,11.0
2025-12-26 15:01:37.354,1,2025-12-26 15:01:37.369,50981.819291819294,159.3181852869353,11403.404151404153,152.0,29946851.10245953,41496165.99012606,0.0115218045751116,0.0159653084565995,2.741772946646098,11403.404151404153,9628.94871794872,5085.076923076923,4010.700854700856,3234.8571428571427,1.1842834026259377,1.0,0.0,5472.371615895574,6441.751779611355,15.0,19.0,1.0,0.6544095180091125,0.3142352692944418,15.0
2025-12-26 15:01:37.755,1,2025-12-26 15:01:37.792,38940.00244200244,121.68750763125765,11034.404151404153,125.0,22676236.229921468,20698789.259231366,0.014954745402485,0.0136506393906344,2.531343437058565,11034.404151404153,7728.246642246642,4582.857142857143,3966.372405372405,1110.5409035409034,1.4278017592092485,1.0,0.0,4761.957184805578,4549.592208015062,15.0,19.0,1.0,0.7299029137903396,0.3658354598423793,37.0
2025-12-26 15:01:38.291,1,2025-12-26 15:01:38.214,23826.481074481075,74.45775335775336,3166.076923076923,136.0,3317919.147917628,8000694.183449902,0.0058444814730403,0.0140931429736562,3.050566772170647,3166.076923076923,3071.3724053724054,2679.8571428571427,2562.6898656898657,1419.4847374847377,1.030834592880313,1.0,0.0,1821.515618356765,2828.549837540414,15.0,19.0,1.0,0.5413926225260469,0.8858404844795292,77.0
2025-12-26 15:01:38.681,1,2025-12-26 15:01:38.637,35827.66056166057,111.96143925518928,6054.700854700855,143.0,11252599.55745058,11814780.408033874,0.0087662925946433,0.0092042573335605,3.269732045643229,6054.700854700855,4279.857142857143,3565.924297924298,1692.4041514041514,1508.2588522588524,1.4146969519308412,1.0,0.0,3354.4894630108142,3437.2635057606326,15.0,19.0,1.0,0.4773168281449245,0.6323609489383512,44.0
2025-12-26 15:01:39.253,1,2025-12-26 15:01:39.271,29053.08424908425,90.79088827838828,5212.853479853478,146.0,8131317.813729386,9123849.228834208,0.0096333302469329,0.0108092015043589,2.9532189004995963,5212.853479853478,3822.076923076923,2980.8571428571427,2486.924297924298,2138.7008547008545,1.3638797922611043,1.0,0.0,2851.546565239534,3020.571010394261,15.0,19.0,1.0,0.5727933239630714,0.7655953844076825,18.0
2025-12-26 15:01:39.748,1,2025-12-26 15:01:39.693,16994.840048840048,53.108875152625146,2212.8571428571427,136.0,2375677.497071959,2375860.6881065085,0.0082253298141017,0.0082259640780874,3.183200549374212,2212.8571428571427,2041.076923076923,1440.3724053724054,1268.4041514041514,1124.8534798534783,1.084161560907845,1.0,0.0,1541.3232941443398,1541.382719543238,15.0,19.0,1.0,0.4758835081307886,0.6758321530329789,55.0
2025-12-26 15:01:40.180,1,2025-12-26 15:01:40.116,42897.811965811954,134.05566239316235,9650.924297924295,143.0,26042933.038127866,28152028.07291619,0.0141520583910482,0.0152981672429542,2.6468800910580894,9650.924297924295,9364.857142857143,5504.853479853478,3936.372405372405,2313.3833943833943,1.030546878687233,1.0,0.0,5103.227707846071,5305.848478133935,15.0,19.0,1.0,0.7172951092450339,0.9105257609103948,64.0
2025-12-26 15:01:40.630,1,2025-12-26 15:01:40.538,49530.93650793651,154.7841765873016,8794.670329670329,151.0,20217707.70950182,27482343.037887603,0.0082409795150038,0.0112021317774369,3.009235727954939,8794.670329670329,8210.924297924297,4854.700854700855,3327.8571428571427,2720.163614163614,1.0710938270241428,1.0,0.0,4496.410536139001,5242.360445246741,15.0,19.0,1.0,0.5634522221247287,0.7739543251628056,92.0
2025-12-26 15:01:41.036,1,2025-12-26 15:01:40.960,28919.89133089133,90.3746604090354,5723.853479853478,153.0,6541469.333369015,10181213.874424044,0.0078213549633113,0.0121732417613045,3.1855446574590465,5723.853479853478,2523.4041514041514,2454.7008547008545,1970.924297924298,1917.2466422466423,2.268306278511179,1.0,0.0,2557.6296317819388,3190.801447038666,15.0,19.0,1.0,0.5045015300781645,0.5708190757754236,76.0
2025-12-26 15:01:41.418,1,2025-12-26 15:01:41.383,56021.35042735043,175.06672008547008,18375.40415140416,158.0,50939198.804840654,53543483.19390128,0.0162309882302834,0.0170608031912352,2.533661857102354,18375.40415140416,8770.948717948719,5590.857142857143,3581.168498168498,3273.076923076923,2.095030394351633,1.0,0.0,7137.170223894107,7317.341265371001,15.0,19.0,1.0,0.7067208328866991,0.2911284085262574,35.0
2025-12-26 15:01:41.822,1,2025-12-26 15:01:41.805,14520.992673992674,45.378102106227104,3158.168498168498,149.0,1561614.7526366916,1902452.8574895188,0.0074059587796307,0.009022383669832,3.2809302870688404,3158.168498168498,2395.5409035409034,1066.2466422466423,652.4786324786324,545.3345543345542,1.318352983870582,1.0,0.0,1249.6458508860387,1379.2943331608085,15.0,19.0,1.0,0.5383770521949536,0.2985040478216124,17.0
2025-12-26 15:01:42.241,1,2025-12-26 15:01:42.228,34831.19658119658,108.8474893162393,7037.246642246642,147.0,10104566.964622997,14177794.499825943,0.0083287709307777,0.0116861616243538,2.9834805978150776,7037.246642246642,5102.404151404151,2912.3724053724054,2844.076923076923,2563.8571428571427,1.3792021238279712,1.0,0.0,3178.768152071333,3765.341219574389,15.0,19.0,1.0,0.5874032267958852,0.5145636639294551,13.0
2025-12-26 15:01:42.654,1,2025-12-26 15:01:42.650,41782.01221001221,130.56878815628815,8829.076923076924,155.0,14766114.5117185,22439377.9285867,0.0084583865531037,0.0128538169184955,3.0593693809309017,8829.076923076924,4238.689865689866,4087.857142857143,3536.8534798534783,2698.948717948718,2.082973089053277,1.0,0.0,3842.670231976522,4737.022052786613,15.0,19.0,1.0,0.5598444137120876,0.7779494117208182,4.0
2025-12-26 15:01:43.057,1,2025-12-26 15:01:43.073,15714.440781440782,49.107627442002446,2810.6898656898657,153.0,1472936.16021494,2310967.598158551,0.0059646650794282,0.0093582791330311,3.488872859360097,2810.6898656898657,1416.3724053724054,1174.076923076923,832.4786324786324,820.3345543345542,1.984428569087287,2.0,3.0,1213.6458133306191,1520.1866984546834,15.0,19.0,1.0,0.4488834492464318,0.7210011214341094,16.0
2025-12-26 15:01:43.452,1,2025-12-26 15:01:43.495,17793.763125763126,55.60550976800977,2861.7008547008545,149.0,2165630.932588228,2955055.574218746,0.006839885572982,0.0093331886266062,3.4350493839728937,2861.7008547008545,2093.2466422466423,1220.3345543345542,941.7228327228328,799.8571428571429,1.3671111645152707,1.0,0.0,1471.6082809593822,1719.027508278662,15.0,19.0,1.0,0.4449234246239326,0.470406348906575,43.0
2025-12-26 15:01:43.850,1,2025-12-26 15:01:43.918,11675.017094017094,36.48442841880342,1118.4041514041514,142.0,721626.2570858825,534996.0401461138,0.0052941626139353,0.003924962550258,3.640587670321677,1118.4041514041514,850.885225885226,825.2466422466423,655.8571428571429,636.0769230769231,1.3144007174872443,2.0,4.0,849.4858780967947,731.4342350109912,15.0,19.0,1.0,0.3500183385225074,0.5153468909066109,68.0
2025-12-26 15:21:11.125,2,2025-12-26 15:21:11.200,2641160.105006105,8253.625328144077,1130927.0,150.0,210514544621.7493,151543873204.22296,0.0301781525663016,0.0217244567792815,1.6028812666353471,1130927.0,584289.4029304029,304231.8534798535,293394.7008547009,156141.8192918193,1.935559663290192,0.0,0.0,458818.6402291752,389286.3640101242,15.0,19.0,1.0,0.9348107189249965,0.8332832722359504,75.0
2025-12-26 15:21:11.641,2,2025-12-26 15:21:11.622,3239445.261294261,10123.266441544563,1583118.0,150.0,318514622855.08466,269130650710.93384,0.0303520538265297,0.0256461317961648,1.501532081193571,1583118.0,744413.4029304029,306611.7008547009,273137.8534798535,146131.8192918193,2.1266650946476946,0.0,0.0,564370.9975318405,518778.0360722048,15.0,19.0,1.0,0.9425727339923752,0.8605243981331976,19.0
2025-12-26 15:21:12.128,2,2025-12-26 15:21:12.045,78879.8424908425,246.4995077838828,22745.85347985348,122.0,116362443.1820907,95512737.70194158,0.0187016860368779,0.0153507367512829,2.608200137023298,22745.85347985348,19514.0,5500.819291819293,4884.402930402931,4234.598290598291,1.16561717125409,0.0,0.0,10787.142493825262,9773.061838643076,15.0,19.0,1.0,0.7210926416248445,0.9255540540161808,83.0
2025-12-26 15:21:12.689,2,2025-12-26 15:21:12.679,2378547.6483516484,7432.961401098901,928727.0,159.0,157337277148.51785,118052695397.86617,0.0278104437320302,0.0208666242500039,1.7156279329017172,928727.0,551178.4029304029,253454.70085470084,252672.85347985348,175729.25885225885,1.6849843808507647,0.0,0.0,396657.6321571512,343587.9733021314,15.0,19.0,1.0,0.9088580662301772,0.8140493280073468,10.0
2025-12-26 15:21:13.257,2,2025-12-26 15:21:13.312,163940.49084249084,512.3140338827839,32751.0,109.0,495072320.6314061,284730647.3961666,0.0184202781408179,0.0105940435400698,2.706465464768585,32751.0,29350.70085470085,20662.01343101343,15820.334554334557,15720.402930402932,1.115850696790207,0.0,0.0,22250.22068725176,16873.963594726836,15.0,19.0,1.0,0.6972313623256832,0.6794155599895935,55.0
2025-12-26 15:21:13.732,2,2025-12-26 15:21:13.735,29759.268620268616,92.99771443833944,3072.5982905982905,140.0,3327592.907364168,7679973.235235719,0.0037573848751328,0.0086719187349023,3.607260710590513,3072.5982905982905,1707.857142857143,1616.8534798534783,1611.3724053724054,1575.1062271062272,1.7990956113906684,1.0,0.0,1824.169100539796,2771.2764631547893,15.0,19.0,1.0,0.3220437863603892,0.8106960120077644,3.0
2025-12-26 15:21:14.207,2,2025-12-26 15:21:14.157,48173.047619047626,150.54077380952384,10827.689865689868,111.0,27880404.983287625,34101565.330094025,0.0120140886759438,0.0146948808709854,2.854993909037168,10827.689865689868,10024.076923076924,5680.484737484738,4336.67032967033,1550.924297924298,1.080168273725217,1.0,0.0,5280.189862428019,5839.654555715948,15.0,19.0,1.0,0.6729872357302692,0.8929309743774076,50.0
2025-12-26 15:21:14.792,2,2025-12-26 15:21:14.791,16990.559218559218,53.095497557997554,4136.853479853478,127.0,2319524.73813577,3316198.7798527936,0.0080349589477419,0.0114874916488643,3.2344803994486977,4136.853479853478,1948.8192918192929,1450.5982905982903,724.0769230769231,709.5750915750916,2.122748628986249,1.0,0.0,1522.998600831849,1821.043321794623,15.0,19.0,1.0,0.5279357178028888,0.8466049665733569,1.0
2025-12-26 15:21:15.349,2,2025-12-26 15:21:15.425,38376.40048840049,119.92625152625152,13402.598290598293,147.0,20706610.047518417,24580976.820729647,0.0140598448875319,0.0166905505290517,2.729878021563455,13402.598290598293,4120.136752136752,3443.431013431013,1926.015873015873,1455.6898656898657,3.252949864745215,2.0,4.0,4550.45163115909,4957.920614605447,15.0,19.0,1.0,0.6344490750827573,0.7949437090458318,76.0
2025-12-26 15:21:15.870,2,2025-12-26 15:21:15.847,37207.68376068376,116.27401175213674,8824.598290598291,148.0,14329679.472962936,25235427.141705208,0.0103507353728639,0.0182282673424634,2.8751923659196224,8824.598290598291,5858.4310134310135,4072.136752136752,2997.402930402931,2482.162393162393,1.506307451665053,2.0,4.0,3785.4563097416585,5023.487547680915,15.0,19.0,1.0,0.6513367382825062,0.6582446028697992,23.0
2025-12-26 15:21:16.402,2,2025-12-26 15:21:16.481,62112.49694749695,194.101552960928,8472.136752136752,140.0,23538652.576752186,49234663.36029897,0.0061013174537137,0.0127618312011875,3.145488466612824,8472.136752136752,5898.598290598291,4923.4310134310135,4509.1623931623935,4142.700854700855,1.436296614000475,1.0,0.0,4851.664928326376,7016.741648393431,15.0,19.0,1.0,0.4499260322387514,0.5896879573840235,79.0
2025-12-26 15:21:16.948,2,2025-12-26 15:21:16.903,60831.60195360196,190.0987561050061,16014.689865689868,128.0,31848963.58480423,54379580.14206804,0.0086067026201146,0.0146952623322655,2.9996107907763623,16014.689865689868,7662.015873015873,3464.4847374847377,3063.8571428571427,2820.641025641026,2.090140523212487,2.0,5.0,5643.488600573605,7374.251158054494,15.0,19.0,1.0,0.5429034841113959,0.8094674459298042,45.0
2025-12-26 15:21:17.475,2,2025-12-26 15:21:17.537,129054.70085470084,403.2959401709401,45604.59829059829,131.0,326918394.5939963,272762423.12509936,0.0196287073755907,0.0163770955538577,2.5034442416729665,45604.59829059829,15768.431013431013,13757.015873015873,10806.136752136752,6271.258852258852,2.892145594685416,1.0,0.0,18080.884784600457,16515.52067375108,15.0,19.0,1.0,0.7144833947990309,0.7154301590034743,62.0
2025-12-26 15:21:17.993,2,2025-12-26 15:21:17.959,94336.85347985348,294.8026671245421,21609.59829059829,157.0,120358312.71803232,119393816.49410656,0.0135242539632698,0.0134158768052289,2.7668419088160703,21609.59829059829,15187.015873015873,8567.819291819293,7902.136752136752,6756.402930402931,1.4228995657397427,1.0,0.0,10970.793622980624,10926.74775466637,15.0,19.0,1.0,0.6362621915388663,0.7829506433333933,34.0
2025-12-26 15:21:18.530,2,2025-12-26 15:21:18.593,45540.56532356532,142.31426663614164,7056.2344322344325,145.0,13537892.577396184,15649675.116907556,0.0065276104454058,0.0075458556179489,3.395673209557817,7056.2344322344325,6085.076923076923,2654.015873015873,2597.7228327228327,1934.225885225885,1.1595965870987353,3.0,3.0,3679.387527482826,3955.967026772033,15.0,19.0,1.0,0.4463553713453134,0.8076506976042302,63.0
2025-12-26 15:21:19.102,2,2025-12-26 15:21:19.016,87586.62026862027,273.7081883394384,20052.59829059829,147.0,122549455.68226568,86305748.96292222,0.0159748154554846,0.0112503022127219,2.797209658781451,20052.59829059829,15107.015873015873,8734.136752136752,5558.4310134310135,5127.641025641025,1.3273699093952025,1.0,0.0,11070.20576512766,9290.08874892604,15.0,19.0,1.0,0.6231525179009183,0.7584591995459994,86.0
2025-12-26 15:21:19.628,2,2025-12-26 15:21:19.649,50729.142857142855,158.5285714285714,15218.246642246642,154.0,28791152.290217947,38791778.88595958,0.0111877820701092,0.0150738658846743,2.880313351492253,15218.246642246642,7587.404151404151,3275.3724053724054,2364.076923076923,2215.5409035409034,2.005725059397066,1.0,0.0,5365.738745989964,6228.304655840109,15.0,19.0,1.0,0.6043989568675175,0.2655507831484394,21.0
2025-12-26 15:21:20.152,2,2025-12-26 15:21:20.072,78156.93772893773,244.2404304029304,26882.43101343101,150.0,88036427.00927407,94844292.00100426,0.0144121023732839,0.0155265915743731,2.6543853055860747,26882.43101343101,9274.162393162393,7121.598290598291,4618.540903540904,4403.196581196581,2.8986370815813896,1.0,0.0,9382.77288488185,9738.80341730976,15.0,19.0,1.0,0.6691655366963587,0.2398905386382323,80.0
2025-12-26 15:21:20.716,2,2025-12-26 15:21:20.705,52932.34310134311,165.41357219169723,10504.431013431013,147.0,17882696.99528664,30996564.41582151,0.0063824993633365,0.0110629595022352,3.1202141286360776,10504.431013431013,7197.1623931623935,4220.853479853478,3317.8192918192926,2981.5982905982905,1.4595239678639464,1.0,0.0,4228.793799097639,5567.455829714459,15.0,19.0,1.0,0.5331686227233691,0.476776387596764,11.0
2025-12-26 15:21:21.277,2,2025-12-26 15:21:21.339,61335.28327228328,191.67276022588527,12339.431013431013,142.0,34385570.98446433,36223225.77639312,0.009140195597541,0.0096286715413191,3.031643979538741,12339.431013431013,9107.540903540905,6267.015873015873,4794.1623931623935,3794.168498168498,1.3548586983158355,2.0,4.0,5863.921127067138,6018.573400432459,15.0,19.0,1.0,0.5918668137581211,0.3369697575110881,62.0
2025-12-26 15:21:21.812,2,2025-12-26 15:21:21.762,74145.36385836385,231.70426205738704,17194.59829059829,156.0,52059391.06814855,71581563.90355119,0.0094695879592477,0.0130206654695183,2.9190370011935363,17194.59829059829,9473.402930402932,7988.819291819293,4649.015873015873,3570.2466422466423,1.815039264867956,1.0,0.0,7215.219405406086,8460.588862694558,15.0,19.0,1.0,0.5782705862767963,0.7411881550766106,50.0
2025-12-26 15:21:22.353,2,2025-12-26 15:21:22.395,113498.20634920632,354.6818948412698,31322.01587301588,105.0,158681460.66499916,211623509.6794321,0.0123182267149693,0.016428046222439,2.751376913129545,31322.01587301588,15124.598290598293,8964.819291819293,7107.641025641025,6936.136752136752,2.070932085018357,2.0,4.0,12596.882974172586,14547.28530274402,15.0,19.0,1.0,0.6119498577758475,0.9342587815392072,42.0
2025-12-26 15:21:22.931,2,2025-12-26 15:21:23.029,44861.66910866911,140.19271596459097,8379.700854700855,108.0,18236147.06600483,20308564.60185465,0.0090611272693503,0.0100908644709424,3.1402791867499085,8379.700854700855,6104.598290598291,4654.4310134310135,3723.8534798534783,2985.162393162393,1.3726866954710326,0.0,0.0,4270.380201575128,4506.502479956563,15.0,19.0,1.0,0.5761655004216197,0.5353764048033904,98.0
2025-12-26 15:21:23.483,2,2025-12-26 15:21:23.451,64307.53968253969,200.9610615079365,18559.43101343101,153.0,75192142.24616204,78770347.08268459,0.0181822937297785,0.019047543334584,2.273528812790868,18559.43101343101,13394.598290598293,11509.162393162393,7262.136752136752,2868.402930402931,1.3855907143147808,2.0,4.0,8671.340279689297,8875.266028840182,15.0,19.0,1.0,0.8333973223715464,0.479323059834854,32.0
2025-12-26 15:21:24.024,2,2025-12-26 15:21:24.085,58869.10989010988,183.9659684065934,12624.196581196582,150.0,33910432.05327642,42070065.422924325,0.0097849449043569,0.0121394287055753,2.8937653013993017,12624.196581196582,10175.258852258852,7570.764346764347,4367.4310134310135,3038.7008547008545,1.240675717885333,2.0,3.0,5823.266441892936,6486.144110557853,15.0,19.0,1.0,0.6417007445648079,0.220558569941412,61.0
2025-12-26 15:21:24.582,2,2025-12-26 15:21:24.508,171644.652014652,536.3895375457876,70142.431013431,143.0,727475378.2667621,572946807.0836247,0.0246920840135632,0.0194470508809769,2.0975371139171664,70142.431013431,27522.59829059829,20731.25885225885,12612.196581196582,12305.162393162393,2.548539577289441,1.0,0.0,26971.751486819725,23936.30729840392,15.0,19.0,1.0,0.8349438531787912,0.2633612959505371,74.0
2025-12-26 15:21:25.166,2,2025-12-26 15:21:25.141,90102.2612942613,281.56956654456656,21882.59829059829,150.0,75781474.98441283,145902391.38209012,0.0093345131701576,0.0179717773267642,2.884690021874736,21882.59829059829,13241.402930402932,9603.015873015873,5723.700854700855,5646.689865689866,1.6525891105052837,2.0,5.0,8705.255595582064,12079.006224937966,15.0,19.0,1.0,0.6225971136418091,0.8047480090184236,25.0
2025-12-26 15:21:25.718,2,2025-12-26 15:21:25.775,36410.11599511599,113.78161248473748,6206.076923076923,140.0,6127941.09962662,15019328.78700534,0.0046224312151379,0.0113293866711126,3.2909851291411303,6206.076923076923,2464.431013431013,2403.6898656898657,2111.258852258852,1949.948717948718,2.518259545206024,2.0,3.0,2475.4678546946675,3875.477878533864,15.0,19.0,1.0,0.4156923140380877,0.6164556301943988,57.0
2025-12-26 15:21:26.269,2,2025-12-26 15:21:26.198,88117.63003663003,275.36759386446886,12202.689865689868,157.0,41273001.08270351,90946624.14331344,0.0053154548393245,0.0117128064531608,3.200528713849584,12202.689865689868,12109.076923076924,5829.948717948718,5348.196581196581,5298.1623931623935,1.00773080749314,2.0,5.0,6424.40667164708,9536.593948748863,15.0,19.0,1.0,0.4628821095633034,0.5253319048952972,71.0
2025-12-26 15:21:26.884,2,2025-12-26 15:21:26.831,96596.97802197802,301.86555631868134,24232.43101343101,155.0,82076938.79565486,130344147.85184556,0.0087961792380631,0.013968972332069,2.919157476834788,24232.43101343101,9558.076923076924,8697.162393162393,7695.196581196581,5435.689865689866,2.5352831127485427,2.0,4.0,9059.632376407711,11416.83615770348,15.0,19.0,1.0,0.5757794696631369,0.3986711652994713,53.0
2025-12-26 15:21:27.448,2,2025-12-26 15:21:27.465,59536.317460317456,186.0509920634921,9620.819291819293,147.0,22323251.247433417,49067851.23386029,0.0062978673702598,0.0138430919308862,3.153515001523686,9620.819291819293,9067.015873015873,4772.689865689866,4318.076923076923,4194.402930402931,1.0610789069478217,2.0,5.0,4724.748802574949,7004.844840098907,15.0,19.0,1.0,0.5370336333837781,0.8256723653802742,17.0
2025-12-26 15:21:27.965,2,2025-12-26 15:21:27.887,27354.83760683761,85.48386752136751,9881.853479853478,103.0,7343224.925398073,8157940.685647553,0.0098133784853306,0.0109021527220613,3.008742153621845,9881.853479853478,1590.076923076923,1444.2466422466423,1089.402930402931,1056.948717948718,6.214701525713049,1.0,0.0,2709.838542311714,2856.210896563409,15.0,19.0,1.0,0.550634915477002,0.7201675783351098,78.0
2025-12-26 15:21:28.519,2,2025-12-26 15:21:28.521,155619.15873015873,486.309871031746,41287.819291819294,156.0,287328431.22826606,448352675.53447294,0.0118645829021901,0.0185137177882388,2.518768077752717,41287.819291819294,33790.01587301587,10803.689865689868,10729.853479853478,9844.234432234432,1.2218940484366514,2.0,5.0,16950.76491572773,21174.340025948222,15.0,19.0,1.0,0.68407780771521,0.9360175189279496,2.0
2025-12-26 15:21:29.068,2,2025-12-26 15:21:29.155,132207.55799755795,413.1486187423687,25461.59829059829,159.0,190108877.31482148,298512661.7248473,0.0108765166800407,0.0170785183223031,2.710763012353856,25461.59829059829,19455.9242979243,18866.01587301588,17918.383394383396,9015.857142857143,1.308680990977818,3.0,2.0,13787.99758176732,17277.51896902004,15.0,19.0,1.0,0.6861769506434268,0.9441483536958828,87.0
2025-12-26 15:21:29.598,2,2025-12-26 15:21:29.577,95069.26007326008,297.09143772893776,30550.43101343101,141.0,121992404.26494764,122278332.67422204,0.0134974759717389,0.0135291116449357,2.711548469981812,30550.43101343101,10271.853479853478,9513.162393162393,8330.015873015873,4374.076923076923,2.974188745326985,2.0,4.0,11045.01716906532,11057.95336733801,15.0,19.0,1.0,0.6630906734096903,0.4649406041921141,21.0
2025-12-26 15:21:30.078,2,2025-12-26 15:21:30.000,96982.49816849816,303.0703067765568,33364.59829059829,140.0,148390591.696769,197635740.18836173,0.0157768258894336,0.0210125495614492,2.4643015360960097,33364.59829059829,15570.402930402932,9575.431013431013,8584.136752136752,5564.819291819293,2.142821765096912,1.0,0.0,12181.567702753577,14058.29791220693,15.0,19.0,1.0,0.7492010378217783,0.8053818378367245,78.0
2025-12-26 15:21:30.640,2,2025-12-26 15:21:30.633,83727.79120879123,261.64934752747257,18367.43101343101,106.0,70589183.84499651,74798158.41473813,0.0100692909942539,0.0106696859474411,2.970739981049518,18367.43101343101,10722.402930402932,9794.598290598293,8201.258852258852,4224.442002442002,1.7129957839347003,2.0,3.0,8401.736954046853,8648.592857496422,15.0,19.0,1.0,0.6128208131178436,0.5630203090977598,7.0
2025-12-26 15:21:31.217,2,2025-12-26 15:21:31.267,75757.46031746033,236.74206349206352,23250.59829059829,144.0,126412777.6832676,120453777.29141392,0.0220262295110374,0.0209879301184222,2.015289838578717,23250.59829059829,21704.40293040293,12311.819291819293,6947.015873015873,3320.431013431013,1.0712387880538476,1.0,0.0,11243.343705645024,10975.1436114255,15.0,19.0,1.0,0.8914536880759376,0.9275150954076056,50.0
2025-12-26 15:21:31.707,2,2025-12-26 15:21:31.690,42161.45543345544,131.75454822954822,11962.598290598293,146.0,22672757.13631457,23248027.966582943,0.0127547851360126,0.0130784094659066,2.7438744939593738,11962.598290598293,6563.015873015873,4410.700854700855,3476.258852258852,2021.076923076923,1.822728837177008,2.0,4.0,4761.591869985769,4821.620885820757,15.0,19.0,1.0,0.6743991757715224,0.7003997540473933,17.0
2025-12-26 15:21:32.201,2,2025-12-26 15:21:32.112,29654.045177045173,92.66889117826616,5562.598290598291,132.0,5934741.457443292,9706910.48249798,0.0067489143142153,0.0110385781035118,3.238029631847458,5562.598290598291,3357.136752136752,2520.334554334554,1464.8534798534783,1360.4310134310135,1.6569471848461783,1.0,0.0,2436.1324794524808,3115.5915140624547,15.0,19.0,1.0,0.4810592957953757,0.8118377563850305,89.0
2025-12-26 15:21:32.787,2,2025-12-26 15:21:32.746,84622.10134310134,264.4440666971917,13405.076923076924,159.0,58338740.84966371,115174724.6756832,0.0081468447483751,0.0160838336104584,2.8631554727412705,13405.076923076924,11242.598290598293,9537.402930402932,8501.819291819293,8408.853479853478,1.1923468736124665,1.0,0.0,7637.980155097532,10731.94878275531,15.0,19.0,1.0,0.6038109442423554,0.8512094732566654,41.0
2025-12-26 15:21:33.319,2,2025-12-26 15:21:33.379,28560.61294261294,89.25191544566545,3215.924297924298,127.0,4257507.739449275,6272780.938783992,0.0052193978077496,0.0076899775840731,3.4614728681796376,3215.924297924298,2797.076923076923,2331.163614163614,2148.7228327228327,2127.106227106227,1.1497446750179017,1.0,0.0,2063.372903633581,2504.552043536726,15.0,19.0,1.0,0.4418670537761533,0.8122313566391642,60.0
2025-12-26 15:21:33.796,2,2025-12-26 15:21:33.802,39886.81318681319,124.6462912087912,9369.598290598293,135.0,13848298.035356576,23927097.812068246,0.0087043776139935,0.0150394289631446,2.9243009119456334,9369.598290598293,4717.136752136752,4455.924297924298,2900.402930402931,2146.015873015873,1.986289307036116,2.0,3.0,3721.330143289705,4891.533278233753,15.0,19.0,1.0,0.5914004218285416,0.8818853716101202,6.0
2025-12-26 15:21:34.356,2,2025-12-26 15:21:34.436,62963.20390720392,196.76001221001223,13674.598290598293,142.0,37690381.39663158,73928639.04524618,0.0095072933387369,0.018648292521645,2.7476022810729384,13674.598290598293,11397.402930402932,6153.853479853478,4478.0,3309.015873015873,1.1997994959114473,2.0,5.0,6139.249253502548,8598.176495353313,15.0,19.0,1.0,0.619613808588389,0.8787978070568588,80.0
2025-12-26 15:21:34.908,2,2025-12-26 15:21:34.858,25057.0989010989,78.30343406593406,4690.598290598291,155.0,3610652.0935324766,7845925.125605186,0.0057507444560354,0.0124963328644604,3.2984196072668714,4690.598290598291,2616.076923076923,1816.2588522588524,1812.857142857143,1519.4310134310135,1.7929894374358104,3.0,4.0,1900.1715958124607,2801.057858310889,15.0,19.0,1.0,0.4970735946480816,0.6693796400737991,50.0
2025-12-26 15:21:35.413,2,2025-12-26 15:21:35.492,132771.9938949939,414.912480921856,50385.59829059829,149.0,366844210.8497501,372648709.10465,0.0208098387646734,0.0211391084361628,2.206236388138074,50385.59829059829,25610.40293040293,13739.431013431013,9083.015873015873,6428.819291819293,1.9673879566643584,2.0,3.0,19153.177565348004,19304.11119696139,15.0,19.0,1.0,0.7926917741591203,0.8061107687407316,79.0
2025-12-26 15:21:35.919,2,2025-12-26 15:21:35.914,32557.197802197807,101.74124313186816,7202.402930402931,125.0,8612626.989912383,19815906.9421782,0.0081253411120917,0.0186947610223049,2.998164865455397,7202.402930402931,5236.598290598291,3634.0,2060.8192918192926,1356.6898656898657,1.3753972580506395,2.0,7.0,2934.7277539683955,4451.506143113609,14.0,19.0,1.0,0.5986544203504534,0.8573243783036597,5.0
2025-12-26 15:21:36.452,2,2025-12-26 15:21:36.548,77382.5006105006,241.8203144078144,9056.853479853478,139.0,35907212.80566449,83631259.32243414,0.0059964770511591,0.0139663562861499,3.161106193709762,9056.853479853478,8721.598290598291,8442.402930402932,6892.136752136752,5447.819291819293,1.0384396504039342,1.0,0.0,5992.262745045855,9145.012811496446,15.0,19.0,1.0,0.4983143532528548,0.7664325232908847,96.0
2025-12-26 15:21:37.015,2,2025-12-26 15:21:36.970,44407.61782661783,138.77380570818073,12989.598290598293,157.0,21926162.32581881,24348748.311436187,0.0111185376598962,0.0123470067880165,2.865396161837132,12989.598290598293,5300.853479853478,3096.258852258852,2978.015873015873,2599.431013431013,2.4504729926915254,2.0,4.0,4682.538021823081,4934.445086474891,15.0,19.0,1.0,0.6071966664465989,0.7114853326680775,45.0
2025-12-26 15:21:37.540,2,2025-12-26 15:21:37.604,55433.57997557998,173.22993742368743,9151.404151404153,151.0,22737921.41917889,35252410.16552287,0.007399543158883,0.0114721009746481,3.0434168458682445,9151.404151404153,6872.076923076923,6220.948717948718,4191.853479853478,3938.2466422466414,1.331679527723526,1.0,0.0,4768.429659665631,5937.374012602109,15.0,19.0,1.0,0.5479445839130395,0.5148244821123877,64.0
2025-12-26 15:21:38.039,2,2025-12-26 15:21:38.027,40876.89010989011,127.7402815934066,6377.246642246642,158.0,10559955.98955444,21025898.93930435,0.0063198447997643,0.0125834253668647,3.202797432313276,6377.246642246642,4244.404151404151,4040.372405372405,3058.5982905982905,2386.7008547008545,1.5025069278888987,1.0,0.0,3249.608590208125,4585.400630185366,15.0,19.0,1.0,0.4918995131544244,0.5186729275817882,12.0
2025-12-26 15:21:38.608,2,2025-12-26 15:21:38.660,66137.9072039072,206.68096001221,11329.598290598293,126.0,24924647.13219144,52243843.14575209,0.0056980744801223,0.0119435716699815,3.1547276257813293,11329.598290598293,8217.246642246642,4914.0,4384.540903540904,4264.819291819293,1.3787584557032762,1.0,0.0,4992.459026591149,7227.990256340422,15.0,19.0,1.0,0.5006237198604402,0.6173858500348072,52.0
2025-12-26 15:21:39.208,2,2025-12-26 15:21:39.294,44720.72771672772,139.75227411477414,8189.246642246642,147.0,23539158.78647974,24571724.529998105,0.0117699119667337,0.0122862094271194,2.932801603358686,8189.246642246642,7125.1623931623935,5452.136752136752,3480.5409035409034,2927.3724053724054,1.1493417539653887,1.0,0.0,4851.717096707076,4956.987445011144,15.0,19.0,1.0,0.6076479628996271,0.3347786163135921,86.0
2025-12-26 15:21:39.689,2,2025-12-26 15:21:39.717,130632.44322344322,408.2263850732601,25407.43101343101,159.0,184761707.2777676,311724812.54904187,0.0108270431485839,0.0182670859978507,2.6850546513069142,25407.43101343101,23426.24664224664,15275.258852258852,12341.598290598293,10302.372405372404,1.0845711394334268,1.0,0.0,13592.707871420158,17655.7303034749,15.0,19.0,1.0,0.6640992471948034,0.3771251910179669,28.0
2025-12-26 15:21:40.171,2,2025-12-26 15:21:40.139,68576.86568986569,214.30270528083028,19153.59829059829,147.0,82086221.70416713,58059088.19564082,0.0174548050538157,0.0123456780567811,2.677486439669698,19153.59829059829,18602.01587301588,3369.168498168498,3331.5409035409034,3041.402930402931,1.0296517550219657,1.0,0.0,9060.14468450516,7619.651448435212,15.0,19.0,1.0,0.6926202592946009,0.7623042816779394,32.0
2025-12-26 15:21:40.727,2,2025-12-26 15:21:40.773,114481.99023199025,357.7562194749695,25938.01587301588,150.0,163461121.13765627,158743713.2911801,0.012472115714943,0.0121121765677847,2.8224767630458087,25938.01587301588,17929.234432234432,14797.819291819293,7549.076923076923,5433.442002442002,1.4466884222552885,2.0,4.0,12785.191478333683,12599.353685454667,15.0,19.0,1.0,0.6258415701666153,0.8877322866977843,46.0
2025-12-26 15:21:41.282,2,2025-12-26 15:21:41.195,151821.5702075702,474.44240689865694,37561.16239316239,158.0,257529105.66534883,357007033.1779194,0.011172731500969,0.0154885162022722,2.8792723004315803,37561.16239316239,14902.431013431013,12468.246642246642,12441.136752136752,11174.168498168498,2.520472153792048,1.0,0.0,16047.713409247712,18894.629744398782,15.0,19.0,1.0,0.583231652643845,0.3367742928998647,87.0
2025-12-26 15:21:41.768,2,2025-12-26 15:21:41.829,45334.38827838828,141.66996336996337,8290.0,151.0,19785452.21692488,24849544.384727,0.0096269886789308,0.012091019191551,3.0795642743205094,8290.0,6444.136752136752,4911.641025641025,4084.162393162393,3275.015873015873,1.286440731918035,1.0,0.0,4448.08410632318,4984.931733206283,15.0,19.0,1.0,0.5956836977290637,0.7258136957812502,61.0
2025-12-26 15:21:42.279,2,2025-12-26 15:21:42.251,65119.340659340654,203.4979395604396,14427.015873015873,159.0,33984333.74264464,87200107.42309555,0.0080141740632069,0.0205634997734886,2.78826194033385,14427.015873015873,9796.641025641024,7912.853479853478,7723.819291819293,2801.162393162393,1.472649231022568,2.0,5.0,5829.608369577209,9338.09977581604,15.0,19.0,1.0,0.6551278257970519,0.8492742356758587,28.0
2025-12-26 15:21:42.837,2,2025-12-26 15:21:42.885,178502.06715506717,557.8189598595849,42347.43101343101,132.0,602746850.5394787,457529837.2590658,0.0189168338808552,0.0143592885126118,2.436071272373739,42347.43101343101,37477.59829059829,27384.162393162394,18825.13675213676,8576.402930402932,1.1299398292567018,1.0,0.0,24550.90325302673,21389.94710743965,15.0,19.0,1.0,0.7541130112672166,0.553466316314738,48.0
2025-12-26 15:21:43.349,2,2025-12-26 15:21:43.307,107476.80463980466,335.8650144993896,22336.43101343101,149.0,117361101.40906753,134616307.10346213,0.0101600228449073,0.0116538166312962,2.9034143698620545,22336.43101343101,16691.641025641027,11805.383394383394,9250.162393162393,7895.372405372405,1.3381806485723813,1.0,0.0,10833.332885546695,11602.426776474917,15.0,19.0,1.0,0.6324991746806472,0.5909032159285857,42.0
2025-12-26 15:21:43.878,2,2025-12-26 15:21:43.941,134932.81562881565,421.6650488400489,19574.442002442003,154.0,225346216.45670068,163421481.9493421,0.01237699185197,0.0089758167779689,2.9215033132743646,19574.442002442003,17302.641025641027,16897.59829059829,14832.442002442003,10168.136752136752,1.1312979315373433,1.0,0.0,15011.53611249364,12783.641185098324,15.0,19.0,1.0,0.5838109855349124,0.8293326025154445,63.0
2025-12-26 15:21:44.408,2,2025-12-26 15:21:44.364,43404.92796092796,135.64039987789988,6289.598290598291,155.0,9410768.842184756,27662654.03802123,0.0049951326572167,0.0146830326924201,3.341495766889294,6289.598290598291,4206.689865689866,3673.136752136752,2790.015873015873,2376.076923076923,1.4951419028760151,2.0,4.0,3067.6976451705204,5259.529830509684,15.0,19.0,1.0,0.445468259316606,0.8061611984212093,44.0
2025-12-26 15:21:44.982,2,2025-12-26 15:21:44.997,102795.19536019536,321.2349855006105,20877.3833943834,137.0,64069344.44939379,179937693.38439152,0.0060632384462834,0.0170285048152093,3.10076907382847,20877.3833943834,8568.598290598291,7947.819291819293,7102.924297924298,6363.372405372405,2.4364992600117823,1.0,0.0,8004.332854735227,13414.085633556671,15.0,19.0,1.0,0.4947711563938656,0.9327378021413922,15.0
2025-12-26 15:21:45.482,2,2025-12-26 15:21:45.420,57083.81074481075,178.38690857753355,6135.689865689866,126.0,17773367.85704334,42004557.14328493,0.0054543601937236,0.0128905217221693,3.283777024105436,6135.689865689866,5834.598290598291,4882.4310134310135,4293.076923076923,3497.8534798534783,1.051604508158804,2.0,3.0,4215.847228854876,6481.092280108726,15.0,19.0,1.0,0.4317099585873284,0.8167221124922509,62.0
2025-12-26 15:21:45.968,2,2025-12-26 15:21:46.054,288482.0146520146,901.5062957875456,96406.431013431,147.0,2236320534.668615,1282398539.54532,0.0268717881492837,0.0154093929485466,2.166843283425284,96406.431013431,68588.19658119658,25481.59829059829,19289.1684981685,18853.162393162394,1.4055834067498922,1.0,0.0,47289.75084168466,35810.59256065613,15.0,19.0,1.0,0.7924880760845013,0.1721572949086317,86.0
2025-12-26 15:21:46.505,2,2025-12-26 15:21:46.476,107325.73992673992,335.39293727106224,20529.196581196586,124.0,105861446.07358427,100418140.62202103,0.009190307433594,0.0087177496478251,3.153724889644577,20529.196581196586,13907.431013431013,8409.168498168498,6104.853479853478,5932.258852258852,1.476131469670363,2.0,5.0,10288.899167237683,10020.885221477243,15.0,18.0,0.9473684210526316,0.5113676221787126,0.3785296916723797,29.0
2025-12-26 15:21:47.092,2,2025-12-26 15:21:47.110,58077.96703296703,181.493646978022,11356.819291819293,138.0,33571980.53539626,45323041.15574636,0.0099530033650673,0.0134368117085798,2.867846382922528,11356.819291819293,6867.015873015873,6505.076923076923,5154.402930402931,4131.4310134310135,1.6538216165255375,2.0,4.0,5794.133285953669,6732.238940779387,15.0,19.0,1.0,0.5856738410357498,0.7575291141092572,18.0
2025-12-26 15:21:47.596,2,2025-12-26 15:21:47.532,91555.52503052502,286.1110157203907,18006.015873015873,143.0,90316126.74466312,118930657.55666052,0.0107744767774288,0.0141881151700772,2.805673220767237,18006.015873015873,15992.819291819293,11000.234432234432,8260.853479853478,6093.700854700855,1.1258812811212875,2.0,4.0,9503.479717696204,10905.533345813974,15.0,19.0,1.0,0.6482800891790476,0.7712583121926966,64.0
2025-12-26 15:21:48.068,2,2025-12-26 15:21:48.166,139704.50305250305,436.576572039072,40667.01587301587,148.0,267065039.1020212,292292570.0105126,0.0136834695335026,0.0149760391328501,2.622936606822412,40667.01587301587,23716.59829059829,14071.819291819293,8075.641025641025,6720.853479853478,1.714706948050612,1.0,0.0,16342.124681387704,17096.56602977664,15.0,19.0,1.0,0.6674940744457022,0.8259124780274877,98.0
2025-12-26 15:21:48.677,2,2025-12-26 15:21:48.588,112504.64835164836,351.5770260989011,26302.01587301588,103.0,101256858.1255687,208452900.1984,0.0079998807738817,0.0164689916261186,2.980047028220397,26302.01587301588,11866.598290598293,10188.641025641024,8891.689865689867,7592.819291819293,2.216474783161094,2.0,5.0,10062.64667597788,14437.898053331724,15.0,18.0,0.9473684210526316,0.5763474247223292,0.903072603474132,89.0
2025-12-26 15:21:49.284,2,2025-12-26 15:21:49.222,83213.93528693529,260.0435477716728,14872.598290598293,158.0,57648127.45283784,104143787.036816,0.0083251694782145,0.0150397717236156,3.062865110570037,14872.598290598293,10027.431013431013,9663.404151404153,4731.857142857143,4518.700854700855,1.4831912850535742,2.0,3.0,7592.636396722672,10205.086331668928,15.0,19.0,1.0,0.5265222862242135,0.4445141641988886,62.0
2025-12-26 15:21:49.792,2,2025-12-26 15:21:49.856,99372.99511599512,310.5406097374847,26507.43101343101,147.0,143075148.07577088,137767128.30589825,0.0144886340952858,0.0139511126790892,2.529465072701821,26507.43101343101,19249.59829059829,9620.402930402932,9573.383394383394,5772.136752136752,1.3770381393556743,1.0,0.0,11961.40242930447,11737.424261987731,15.0,19.0,1.0,0.7116918665719886,0.6389526132981993,64.0
2025-12-26 15:21:50.330,2,2025-12-26 15:21:50.278,67985.62881562882,212.45509004884008,8407.853479853478,159.0,28095092.411371347,31889828.38322853,0.0060784972889025,0.0068995051709658,3.441380696758289,8407.853479853478,6507.015873015873,6050.4310134310135,5224.442002442002,3662.700854700856,1.292121249422327,1.0,0.0,5300.480394395526,5647.107966315903,15.0,19.0,1.0,0.4390993176572661,0.6734262232752889,52.0
2025-12-26 15:21:50.932,2,2025-12-26 15:21:50.912,27448.567765567765,85.77677426739926,4470.015873015873,158.0,3415786.5562161794,5682623.72691738,0.0045336850628602,0.0075423993521187,3.4284671063176813,4470.015873015873,2925.470085470085,2101.2344322344325,1726.013431013431,1574.3833943833945,1.527964991067776,3.0,6.0,1848.184665074402,2383.825439690872,15.0,19.0,1.0,0.4662216741293804,0.7149339177007316,20.0
2025-12-26 15:21:51.484,2,2025-12-26 15:21:51.546,43013.88888888889,134.41840277777777,5579.015873015873,153.0,6375472.085436349,18548153.00321081,0.0034458385927344,0.0100249739291318,3.4437885794789573,5579.015873015873,3954.7228327228327,3164.6898656898657,3069.8192918192926,2509.2344322344325,1.410722346165863,2.0,5.0,2524.969719706822,4306.756668678973,15.0,19.0,1.0,0.4249204795849838,0.82854735706655,62.0
2025-12-26 15:21:52.020,2,2025-12-26 15:21:51.968,78989.53846153847,246.8423076923077,24010.59829059829,158.0,73448652.6650543,87423052.55141774,0.0117718489564965,0.0140115704319896,2.667623385128638,24010.59829059829,10177.136752136752,7111.924297924298,6731.4310134310135,5262.106227106227,2.359268512880576,1.0,0.0,8570.21893915519,9350.029548157469,15.0,19.0,1.0,0.6746867701619169,0.8228821726782405,52.0
2025-12-26 15:21:52.605,2,2025-12-26 15:21:52.602,103433.92307692308,323.2310096153846,37687.43101343101,137.0,207281294.9945508,167959896.21389997,0.0193746613016505,0.0156992752360517,2.513879211957244,37687.43101343101,17269.59829059829,9625.258852258852,4752.1623931623935,4457.402930402931,2.1822992277675723,2.0,4.0,14397.266927946805,12959.934267344875,15.0,19.0,1.0,0.7134202327893362,0.3961785610493293,3.0
2025-12-26 15:21:53.203,2,2025-12-26 15:21:53.236,53961.46642246642,168.62958257020756,10293.598290598293,141.0,25118778.97780207,42769798.65703365,0.0086264287181851,0.0146882386174933,2.918025213180125,10293.598290598293,7939.431013431013,4333.136752136752,4086.076923076923,4043.258852258852,1.296515867847894,2.0,4.0,5011.86382275118,6539.862281197797,15.0,19.0,1.0,0.5688411354722086,0.5792262425041087,33.0
2025-12-26 15:21:53.748,2,2025-12-26 15:21:53.658,163124.76312576313,509.7648847680098,57441.59829059829,157.0,543275109.4624949,527251215.1775732,0.0204164401484962,0.0198142574367986,2.1364155632231463,57441.59829059829,36482.43101343101,16986.40293040293,10072.136752136752,9311.853479853478,1.5745002921940587,2.0,4.0,23308.26268649156,22961.95146710256,15.0,19.0,1.0,0.7987409144371876,0.7011755783143568,90.0
2025-12-26 15:21:54.292,2,2025-12-26 15:21:54.292,88815.13553113554,277.5472985347986,45179.01587301587,154.0,196883587.7149511,162584323.90923703,0.0249594809112795,0.0206112676845421,2.0601055332326483,45179.01587301587,11308.641025641024,7809.234432234432,4196.598290598291,2804.6898656898657,3.995087983655482,2.0,4.0,14031.52121884691,12750.855810855875,15.0,19.0,1.0,0.8027705982859644,0.9188801241073602,0.0
2025-12-26 15:21:54.883,2,2025-12-26 15:21:54.925,71038.0061050061,221.99376907814408,9548.404151404153,138.0,27421183.2490014,53502903.77536473,0.0054338127030503,0.0106021959572165,3.355509106597797,9548.404151404153,6166.0,5676.853479853478,4467.689865689866,4334.168498168498,1.5485572739867988,1.0,0.0,5236.52396623957,7314.567914467999,15.0,19.0,1.0,0.4250276387330617,0.5959264406555783,42.0
2025-12-26 15:21:55.453,2,2025-12-26 15:21:55.348,45474.71062271063,142.1084706959707,10098.431013431013,138.0,24577430.039945755,27272636.53975894,0.0118849286904805,0.0131882519836131,2.7897906154984207,10098.431013431013,9880.598290598293,3918.136752136752,3145.162393162393,2601.258852258852,1.0220465113978952,2.0,6.0,4957.562913362346,5222.320991643365,15.0,19.0,1.0,0.6518697292552376,0.5357077266146925,105.0
2025-12-26 15:21:55.977,2,2025-12-26 15:21:55.982,95621.21978021978,298.8163118131868,35207.431013431014,143.0,188509865.17439505,168947609.8833726,0.020617002518256,0.018477512013477,2.3564583242028148,35207.431013431014,17842.59829059829,8093.1623931623935,4589.402930402931,3684.196581196581,1.97322331871254,1.0,0.0,13729.889481506943,12997.984839326926,15.0,19.0,1.0,0.7259559266064711,0.3336995141046599,5.0
2025-12-26 15:21:56.563,2,2025-12-26 15:21:56.615,68920.6800976801,215.3771253052504,18787.43101343101,140.0,43169193.35435119,78091863.00839856,0.0090881361573155,0.0164401840445143,2.893141777410971,18787.43101343101,6940.076923076923,5553.258852258852,4861.598290598291,4292.404151404151,2.707092618953104,2.0,3.0,6570.326731171836,8836.960054701987,15.0,19.0,1.0,0.5866855807786739,0.3494384734219644,52.0
2025-12-26 15:21:57.170,2,2025-12-26 15:21:57.249,70665.53724053725,220.8298038766789,15367.819291819293,154.0,42235428.18803032,67864904.0362409,0.0084578810172899,0.0135903270835311,2.92691507895278,15367.819291819293,13603.015873015873,4535.857142857143,4534.076923076923,3234.5982905982905,1.1297361875687515,2.0,3.0,6498.8789947213445,8238.015782713754,15.0,19.0,1.0,0.5840947247152513,0.8683387105761728,79.0
2025-12-26 15:21:57.707,2,2025-12-26 15:21:57.671,53316.057387057386,166.61267933455434,9950.0,92.0,14694607.812524265,44707046.64235032,0.0051694215159943,0.0157275084696409,3.194377089530038,9950.0,6123.641025641025,4142.015873015873,3315.3724053724054,2796.8571428571427,1.6248503069228823,1.0,0.0,3833.354642154084,6686.332824676792,14.0,19.0,1.0,0.4938078270820737,0.9047713509579663,36.0
2025-12-26 15:21:58.252,2,2025-12-26 15:21:58.305,35765.39926739926,111.76687271062268,8778.246642246642,149.0,8860263.286765868,15531366.776196877,0.0069266057969676,0.012141812456919,3.066100705312208,8778.246642246642,5162.404151404151,2509.5982905982905,1835.4310134310133,1656.076923076923,1.7004183292889412,1.0,0.0,2976.6194393583246,3940.985508244972,15.0,19.0,1.0,0.5575712120997821,0.3771392887212049,53.0
2025-12-26 15:21:58.874,2,2025-12-26 15:21:58.939,283221.2796092796,885.0664987789987,122248.431013431,141.0,2107933475.4515376,1575657192.994352,0.0262787763968417,0.0196430976285455,2.1111846199770268,122248.431013431,41425.59829059829,26096.196581196586,24952.25885225885,22554.162393162394,2.9510359791513947,1.0,0.0,45912.236663568656,39694.54865588412,15.0,19.0,1.0,0.8377783175684518,0.2419339226888723,65.0
2025-12-26 15:21:59.446,2,2025-12-26 15:21:59.361,76696.04761904762,239.67514880952385,22320.43101343101,149.0,89532538.12800767,89425241.80838111,0.0152207105920032,0.01520247000302,2.618466496142144,22320.43101343101,10594.162393162393,7912.196581196581,6313.258852258852,5610.598290598291,2.1068613246701595,1.0,0.0,9462.163501441288,9456.49204559392,15.0,19.0,1.0,0.6877883380987381,0.2695832937920252,85.0
2025-12-26 15:21:59.977,2,2025-12-26 15:21:59.995,47621.64102564103,148.81762820512822,4996.853479853478,141.0,10747913.890364544,17451255.668797024,0.0047393137909528,0.0076951655460061,3.4589564376841264,4996.853479853478,4150.442002442002,4090.5982905982905,3242.015873015873,3069.076923076923,1.203932852672623,1.0,0.0,3278.4011179787844,4177.470008126572,15.0,19.0,1.0,0.4105063611407333,0.7938084089984266,18.0
2025-12-26 15:22:00.558,2,2025-12-26 15:22:00.629,45496.90964590964,142.1778426434676,8214.383394383394,158.0,17602324.450779315,24754471.058001805,0.0085036666052823,0.0119588619932544,3.068866936854777,8214.383394383394,5906.924297924298,4571.372405372405,4564.598290598291,3234.8571428571427,1.3906363075058452,2.0,4.0,4195.512418141474,4975.3865234775285,15.0,19.0,1.0,0.5822842856210718,0.8615036151202664,71.0
2025-12-26 15:22:01.139,2,2025-12-26 15:22:01.051,135702.99755799753,424.0718673687423,52482.01587301587,136.0,350077050.78368026,360786455.5915672,0.0190101156847572,0.0195916648718778,2.3567618702152147,52482.01587301587,16196.641025641024,14388.598290598293,7801.136752136752,7050.924297924298,3.2403024670317726,1.0,0.0,18710.34608936137,18994.37957901145,15.0,19.0,1.0,0.7215707685268059,0.93471852877011,88.0
2025-12-26 15:22:01.684,2,2025-12-26 15:22:01.685,49024.385836385845,153.20120573870577,6891.689865689866,152.0,12306828.114615804,23941920.341931246,0.0051206113166803,0.0099617275145294,3.164310490641353,6891.689865689866,5786.924297924298,4891.4310134310135,4824.1623931623935,3308.670329670329,1.1909072092338655,1.0,0.0,3508.1089086024404,4893.048164685409,15.0,19.0,1.0,0.5242876062875781,0.6868238706649352,1.0
2025-12-26 15:22:02.243,2,2025-12-26 15:22:02.319,68474.4468864469,213.9826465201465,23303.43101343101,156.0,91162008.17971332,66824153.67727363,0.0194427108680854,0.0142520192884569,2.417277368568049,23303.43101343101,9864.196581196582,8929.162393162393,4853.598290598291,4831.853479853478,2.362425649327623,1.0,0.0,9547.879774050012,8174.604190862921,15.0,19.0,1.0,0.7562272367692571,0.2495988272016875,76.0
2025-12-26 15:22:02.840,2,2025-12-26 15:22:02.741,39580.15750915752,123.68799221611724,14673.598290598293,147.0,33817073.83604085,27167250.830000184,0.0215864382270915,0.0173416595618244,2.320549797600883,14673.598290598293,8227.431013431013,3022.136752136752,2843.258852258852,1805.402930402931,1.7834969708822033,1.0,0.0,5815.244950648325,5212.221295186936,15.0,19.0,1.0,0.7724028847473328,0.6214433120972973,99.0
2025-12-26 15:22:03.410,2,2025-12-26 15:22:03.375,140929.2026862027,440.4037583943835,42402.01587301587,99.0,277067284.5791985,285874811.2520405,0.0139502907305393,0.0143937482029353,2.6091181993461863,42402.01587301587,25926.641025641027,12681.234432234432,8458.442002442003,6189.598290598291,1.635461216556334,1.0,0.0,16645.338223634822,16907.832837239683,15.0,19.0,1.0,0.6787658611602725,0.8415228311495411,35.0
2025-12-26 15:22:03.975,2,2025-12-26 15:22:04.009,44119.57631257631,137.87367597680097,6961.598290598291,146.0,9005077.098153299,27765824.50776004,0.0046262038858651,0.0142642160452341,3.285128635415369,6961.598290598291,5460.689865689866,3172.136752136752,3062.015873015873,2405.7228327228327,1.274856925008235,2.0,5.0,3000.8460637215794,5269.328658165102,15.0,19.0,1.0,0.4773881658550596,0.7134848011147698,34.0
2025-12-26 15:22:04.561,2,2025-12-26 15:22:04.642,135724.70818070817,424.139713064713,19021.59829059829,137.0,193889358.1972599,220521827.9241412,0.0105253401502321,0.011971091508236,3.00225641942332,19021.59829059829,13816.136752136752,12623.431013431013,11771.015873015873,11391.853479853478,1.3767667931960144,2.0,4.0,13924.415901475362,14849.977371165964,15.0,19.0,1.0,0.5056119576817708,0.6276780039636315,81.0
2025-12-26 15:22:05.177,2,2025-12-26 15:22:05.276,85695.48717948717,267.7983974358974,21107.43101343101,157.0,97216714.43882889,135269768.6453262,0.013238081036391,0.0184197971453505,2.53770600465061,21107.43101343101,16741.59829059829,15551.258852258852,4857.246642246642,4383.404151404151,1.26077753432199,1.0,0.0,9859.853672282812,11630.55323900485,15.0,19.0,1.0,0.7309712682855545,0.3705897663823777,99.0
2025-12-26 15:22:05.724,2,2025-12-26 15:22:05.698,115202.8827838828,360.0090086996337,23528.43101343101,150.0,133944669.51348355,184730087.14877543,0.0100924996125329,0.0139190931579738,2.737010631460875,23528.43101343101,17036.85347985348,13464.598290598293,10888.258852258852,8788.819291819293,1.3810314822072405,1.0,0.0,11573.446743018416,13591.544693256004,15.0,19.0,1.0,0.63980135867114,0.5076617446180614,26.0
2025-12-26 15:22:06.285,2,2025-12-26 15:22:06.332,68795.92551892553,214.9872672466423,14122.598290598293,155.0,41378987.7362026,64882078.71795829,0.0087428781760052,0.0137087962048139,2.889541144252738,14122.598290598293,7677.076923076923,7221.948717948718,6378.015873015873,4941.1623931623935,1.8395801464675443,2.0,4.0,6432.650133203469,8054.941260987463,15.0,19.0,1.0,0.5863835960271221,0.5960986203590536,47.0
2025-12-26 15:22:06.871,2,2025-12-26 15:22:06.966,185172.8656898657,578.6652052808304,62462.01587301587,128.0,658420659.9029932,582142344.8349893,0.0192021012079063,0.0169775295698897,2.3247887013516766,62462.01587301587,32248.234432234432,22850.641025641027,15415.819291819293,14489.442002442003,1.936912732517804,1.0,0.0,25659.708881883154,24127.626174884863,15.0,19.0,1.0,0.7963702029223522,0.9228877755825864,95.0
2025-12-26 15:22:07.436,2,2025-12-26 15:22:07.388,127783.75946275944,399.32424832112326,34019.01587301587,142.0,156418372.36652702,220925353.11488515,0.0095793587972005,0.0135298890588545,2.899118745791233,34019.01587301587,13907.641025641024,9389.819291819293,7701.1623931623935,7618.246642246642,2.4460665766605403,2.0,5.0,12506.733081285736,14863.557888839574,15.0,19.0,1.0,0.5684281440088107,0.8009507896997667,48.0
2025-12-26 15:22:07.974,2,2025-12-26 15:22:08.022,50484.06349206349,157.7626984126984,13609.598290598293,156.0,21910277.493956126,42451326.4483271,0.0085968484221735,0.0166564580890015,2.9545624352286066,13609.598290598293,7822.136752136752,3112.431013431013,2844.076923076923,2251.7008547008545,1.7398824287850572,2.0,4.0,4680.8415369414215,6515.468244748577,15.0,19.0,1.0,0.5871148592981802,0.6957123620389212,48.0
2025-12-26 15:22:08.556,2,2025-12-26 15:22:08.656,309879.47374847374,968.3733554639804,79758.431013431,142.0,1696465156.1883583,1225947045.620441,0.0176668582525936,0.0127669186727213,2.381564688845774,79758.431013431,45405.16239316239,41437.13675213675,29562.641025641027,21344.196581196586,1.7565938939454198,1.0,0.0,41188.16767214048,35013.526609304026,15.0,19.0,1.0,0.7019102141051005,0.4437248671683119,100.0
2025-12-26 15:22:09.167,2,2025-12-26 15:22:09.078,150709.56043956045,470.9673763736264,37819.43101343101,153.0,376119771.96787184,332944367.2255953,0.0165593985103157,0.0146585180295293,2.511739791597461,37819.43101343101,34417.19658119658,18155.25885225885,11983.764346764348,7872.1623931623935,1.098852747178488,1.0,0.0,19393.80756756836,18246.763198594846,15.0,19.0,1.0,0.7315250131794094,0.1767612675991855,89.0
2025-12-26 15:22:09.737,2,2025-12-26 15:22:09.712,127273.99877899878,397.7312461843712,18333.01587301588,146.0,75048015.55343392,282644683.8520099,0.0046329736952661,0.0174486343940811,3.152349788998138,18333.01587301588,15107.819291819293,10956.641025641024,10614.076923076924,7950.689865689866,1.213478631091502,2.0,4.0,8663.025773563988,16812.03984803777,15.0,19.0,1.0,0.4946983954560226,0.9156295093877216,25.0
2025-12-26 15:22:10.312,2,2025-12-26 15:22:10.346,69929.95604395604,218.53111263736264,9725.015873015873,152.0,36005393.63900086,56275852.67749514,0.0073627669268032,0.0115078865968207,3.1764489939671354,9725.015873015873,9589.234432234432,6347.641025641025,4410.442002442002,4101.442002442002,1.0141597790459678,1.0,0.0,6000.449453082732,7501.723313845635,15.0,19.0,1.0,0.4886857831612843,0.9112307808297984,34.0
2025-12-26 15:22:10.900,2,2025-12-26 15:22:10.979,55098.444444444445,172.1826388888889,6817.136752136752,147.0,14116987.080998093,49824420.742679134,0.0046501112322246,0.0164120783850883,3.2255136215187226,6817.136752136752,6528.598290598291,4822.372405372405,3747.015873015873,3428.8192918192926,1.0441960814089195,1.0,0.0,3757.257920478456,7058.641564966954,15.0,19.0,1.0,0.4599756466536248,0.8979945452723307,79.0
2025-12-26 15:22:11.456,2,2025-12-26 15:22:11.402,28077.15873015873,87.74112103174603,5349.598290598291,139.0,4843037.104066309,14356255.973195411,0.0061434380308254,0.0182110454722601,3.100304439952193,5349.598290598291,4549.076923076923,2797.136752136752,1634.0,1106.4310134310135,1.1759744627441322,2.0,4.0,2200.6901426748627,3788.965026652452,15.0,19.0,1.0,0.5497793821517196,0.8060443763181,54.0
2025-12-26 15:22:11.975,2,2025-12-26 15:22:12.035,78553.46153846153,245.4795673076923,17266.59829059829,147.0,43402634.59315999,104587859.88822678,0.0070337258602512,0.0169492553081117,2.931643770712073,17266.59829059829,7864.076923076923,6865.136752136752,6263.853479853478,4805.819291819293,2.195629373859216,2.0,4.0,6588.067591726726,10226.820614845396,15.0,19.0,1.0,0.5482315342195119,0.8858865706431434,60.0
2025-12-26 15:22:12.521,2,2025-12-26 15:22:12.458,22867.87057387058,71.46209554334555,5460.598290598291,140.0,3628283.744592501,7339551.70952815,0.0069382475655255,0.0140351831238606,3.0905780372531853,5460.598290598291,2516.402930402931,2390.924297924298,1353.1367521367522,1094.015873015873,2.170001562397545,2.0,3.0,1904.805434839081,2709.1607020492806,15.0,19.0,1.0,0.5603966535791235,0.8209419446620473,63.0
2025-12-26 15:22:13.112,2,2025-12-26 15:22:13.092,63457.369963369965,198.3042811355312,17109.59829059829,151.0,36657218.835292086,54542558.7365816,0.0091032270559801,0.0135447617732311,2.964679229741516,17109.59829059829,5764.136752136752,4718.924297924298,4305.015873015873,2841.990231990232,2.9682845890588614,1.0,0.0,6054.5205289347305,7385.293408970398,15.0,19.0,1.0,0.5474488694649332,0.7923905574095691,20.0
2025-12-26 15:22:13.627,2,2025-12-26 15:22:13.725,44281.16239316239,138.37863247863248,16309.598290598293,150.0,31977698.1174185,32612142.257019777,0.0163083180593557,0.0166318784601551,2.4870584529377053,16309.598290598293,5352.136752136752,4736.853479853478,3734.015873015873,2359.431013431013,3.047305972532168,2.0,4.0,5654.882679368203,5710.704182237054,15.0,19.0,1.0,0.7337665420917651,0.8119552514247768,98.0
2025-12-26 15:22:14.172,2,2025-12-26 15:22:14.148,45592.93772893773,142.4779304029304,7077.598290598291,143.0,11719440.8862268,22495813.945413586,0.0056378269331191,0.0108219758071345,3.22488545451207,7077.598290598291,5103.404151404151,4829.948717948718,3217.076923076923,2862.136752136752,1.3868386826956616,2.0,4.0,3423.3668933123136,4742.975220830653,15.0,19.0,1.0,0.5064416987657511,0.5617928209861226,24.0
2025-12-26 15:22:14.736,2,2025-12-26 15:22:14.781,55034.0989010989,171.98155906593405,11748.598290598293,139.0,22412739.21993386,53983917.06748593,0.0073999914519906,0.0178238153277163,2.907248956370393,11748.598290598293,6070.136752136752,5909.246642246642,3591.3724053724054,3515.015873015873,1.9354750593486587,1.0,0.0,4734.209460927332,7347.374841906865,15.0,19.0,1.0,0.5602775475397802,0.7095668759208695,45.0
2025-12-26 15:22:15.313,2,2025-12-26 15:22:15.415,50743.59462759463,158.57373321123322,9205.598290598293,135.0,15567659.578244057,33751507.57953155,0.0060458987280738,0.0131078275266782,2.950527972958878,9205.598290598293,6216.853479853478,5153.246642246642,4881.136752136752,4107.404151404151,1.480748793650799,1.0,0.0,3945.587355292499,5809.604769649271,15.0,19.0,1.0,0.5826201224649061,0.6888640545860879,102.0
2025-12-26 15:22:15.840,2,2025-12-26 15:22:15.838,25762.199023199024,80.50687194749695,2681.8534798534783,139.0,4298704.342324607,7258173.051556733,0.0064769674436835,0.0109360744103028,3.4131370900209905,2681.8534798534783,2369.0,2317.5982905982905,2029.076923076923,1613.8192918192926,1.132061409815258,2.0,5.0,2073.3317009886787,2694.0996736492016,15.0,19.0,1.0,0.4274226736402342,0.7225083594238962,2.0
2025-12-26 15:22:16.380,2,2025-12-26 15:22:16.471,53459.14285714286,167.05982142857144,9938.246642246642,145.0,19844579.93973223,31285008.701956123,0.0069438115848325,0.0109469289103613,2.991411363745782,9938.246642246642,6644.853479853478,5327.404151404151,3825.136752136752,3411.3724053724054,1.4956306670082196,1.0,0.0,4454.725574009271,5593.300340760911,15.0,19.0,1.0,0.5452203659325685,0.5076714868438227,91.0
2025-12-26 15:22:16.933,2,2025-12-26 15:22:16.894,67345.04151404151,210.45325473137973,17721.246642246642,145.0,63062839.702727154,63043623.37221042,0.0139047208068159,0.0139004837995383,2.398568021048866,17721.246642246642,13383.372405372404,10292.853479853478,4893.1623931623935,3352.136752136752,1.3241241523796787,1.0,0.0,7941.211475759045,7940.001471801527,15.0,19.0,1.0,0.7371407093485918,0.5601630688777439,39.0
2025-12-26 15:22:17.435,2,2025-12-26 15:22:17.527,49093.76678876679,153.4180212148962,11769.246642246642,158.0,25016896.82275249,41196788.10482675,0.0103796026182806,0.0170926990948257,2.8315759822218105,11769.246642246642,6097.1623931623935,5954.700854700855,5319.540903540904,2498.168498168498,1.930282627119006,1.0,0.0,5001.689396869071,6418.472412095167,15.0,19.0,1.0,0.6444569516930604,0.2232934186020352,92.0
2025-12-26 15:22:17.915,2,2025-12-26 15:22:17.950,55192.50549450549,172.47657967032964,17544.246642246642,145.0,40139618.69366696,43699235.87932243,0.013176893125145,0.0143454317597487,2.742453557546831,17544.246642246642,6610.1623931623935,5499.372405372405,3120.5409035409034,2729.5982905982905,2.6541324703901226,1.0,0.0,6335.583532214452,6610.5397570336445,15.0,19.0,1.0,0.6432743053937726,0.3703367735289504,35.0
2025-12-26 15:22:18.425,2,2025-12-26 15:22:18.372,44473.71062271063,138.9803456959707,7807.0,156.0,19571559.83186009,31358595.217256594,0.0098950662894717,0.0158544020550852,2.9752813773890647,7807.0,6468.853479853478,4440.372405372405,3102.136752136752,2570.402930402931,1.2068599210529072,1.0,0.0,4423.975568632821,5599.87457156467,15.0,19.0,1.0,0.5483861190415451,0.8084887179647925,53.0
2025-12-26 15:22:18.964,2,2025-12-26 15:22:19.006,39755.006105006105,124.23439407814408,7054.0,144.0,13763668.50581892,22930767.27247761,0.0087086443572422,0.0145089150418198,3.0611356621748165,7054.0,5166.383394383394,4801.853479853478,2590.3724053724054,1880.136752136752,1.365365181311815,1.0,0.0,3709.9418466896377,4788.608072548599,15.0,19.0,1.0,0.5406299265802161,0.9160780543837412,42.0
2025-12-26 15:22:19.445,2,2025-12-26 15:22:19.429,27697.4126984127,86.55441468253969,3367.8534798534783,154.0,6277615.782576565,6554113.468757197,0.0081830711473367,0.0085434946451191,3.3231038593404447,3367.8534798534783,3038.4420024420024,2937.3833943833943,2223.641025641026,1805.7008547008545,1.108414601017765,2.0,4.0,2505.517068905452,2560.1002849023703,15.0,19.0,1.0,0.4828256307776595,0.8045286272402491,16.0
2025-12-26 15:22:19.963,2,2025-12-26 15:22:20.062,23998.495726495727,74.99529914529914,3898.700854700856,130.0,7575647.601368074,5945533.908567791,0.0131538148341822,0.0103234015412133,3.187874183287076,3898.700854700856,3764.8534798534783,2166.3833943833943,1804.8192918192929,1625.3345543345542,1.0355518151138114,1.0,0.0,2752.3894349034395,2438.3465521881403,15.0,19.0,1.0,0.5525384476682476,0.7142383975226477,99.0
2025-12-26 15:22:20.509,2,2025-12-26 15:22:20.485,31734.347985347988,99.16983745421246,5975.924297924298,120.0,5981802.159902422,10557145.673678773,0.005939814549018,0.0104830427005702,3.2422038124423853,5975.924297924298,4690.598290598291,3226.670329670329,1977.136752136752,1684.857142857143,1.274021761765659,2.0,3.0,2445.772303363995,3249.1761530700014,15.0,19.0,1.0,0.5531919805408207,0.8409390748464043,24.0
2025-12-26 15:22:21.065,2,2025-12-26 15:22:21.118,20701.94871794872,64.69358974358974,2281.8534798534783,118.0,1444631.415316334,3837755.874267378,0.0033708125177561,0.0089547793325814,3.6747228694037535,2281.8534798534783,1885.5982905982903,1374.3833943833945,1332.6898656898657,1132.8192918192926,1.2101482543921105,1.0,0.0,1201.9282072221845,1959.0191102353688,15.0,18.0,0.9473684210526316,0.3867918151783227,0.7963361143589053,53.0
2025-12-26 15:22:21.558,2,2025-12-26 15:22:21.541,45893.03418803419,143.41573183760684,6336.598290598291,157.0,12430385.129789658,20555413.233991228,0.0059018890523909,0.009759614611001,3.242920179024013,6336.598290598291,5361.136752136752,4321.924297924298,4314.106227106227,3032.4420024420024,1.1819505048200036,1.0,0.0,3525.675131062086,4533.807807350377,15.0,19.0,1.0,0.5091449712056607,0.8790440796463528,17.0
2025-12-26 15:22:22.060,2,2025-12-26 15:22:21.963,72658.12087912089,227.0566277472528,14393.598290598293,146.0,38363330.265340224,83636361.88652594,0.0072668798080055,0.015842612859847,2.8986074049660973,14393.598290598293,11224.136752136752,9406.924297924295,3781.6703296703295,3370.015873015873,1.2823790914572455,1.0,0.0,6193.813870737497,9145.291787937986,15.0,19.0,1.0,0.5804766904653709,0.8973610180758271,97.0
2025-12-26 15:22:22.625,2,2025-12-26 15:22:22.597,18974.346764346767,59.29483363858365,4194.0,153.0,4270583.420291442,4705987.038379168,0.0118618804639543,0.0130712481692636,3.3236405894307004,4194.0,1492.8534798534783,1249.3345543345542,1234.402930402931,1142.1367521367522,2.809384883778967,0.0,0.0,2066.53899558935,2169.328706853613,15.0,19.0,1.0,0.4908062360400229,0.8219234375311265,28.0
2025-12-26 15:22:23.192,2,2025-12-26 15:22:23.231,87624.05738705739,273.8251793345543,21373.59829059829,158.0,101879808.26036638,141174171.85921258,0.0132690979737806,0.0183869006994978,2.5954365290928827,21373.59829059829,21006.13675213676,7451.015873015873,5030.641025641025,4845.1623931623935,1.0174930565670597,1.0,0.0,10093.552806636835,11881.673781888332,15.0,19.0,1.0,0.6813945406660965,0.7841892066845643,39.0
2025-12-26 15:22:23.699,2,2025-12-26 15:22:23.653,80409.7851037851,251.2805784493285,8820.162393162393,140.0,30921958.3048664,85089608.32370111,0.0047824362249818,0.0131600858265417,3.1429750143870576,8820.162393162393,8216.853479853478,7903.431013431013,7885.136752136752,6263.372405372405,1.073423350530354,1.0,0.0,5560.751595321121,9224.402870847582,15.0,19.0,1.0,0.4861218817274955,0.5720157434110253,46.0
2025-12-26 15:22:24.169,2,2025-12-26 15:22:24.076,59606.60073260074,186.2706272893773,13411.431013431013,156.0,47101636.32922974,62462586.22860408,0.0132570618998576,0.0175805011585961,2.6261433937925065,13411.431013431013,10765.598290598293,9394.162393162393,6169.136752136752,2876.258852258852,1.2457673648423335,2.0,4.0,6863.063188491691,7903.327541523512,15.0,19.0,1.0,0.7149642284210684,0.4057813249534333,93.0
2025-12-26 15:22:24.739,2,2025-12-26 15:22:24.710,82912.58363858363,259.10182387057387,21109.59829059829,147.0,70394400.2600803,126865648.95853607,0.0102399353898396,0.01845453677744,2.823756902295998,21109.59829059829,11001.015873015873,8697.136752136752,6430.076923076923,5724.857142857143,1.9188771777318847,2.0,4.0,8390.137082317564,11263.46522871785,15.0,19.0,1.0,0.6387774045559712,0.877487471321492,29.0
2025-12-26 15:22:25.303,2,2025-12-26 15:22:25.343,203435.5641025641,635.7361378205128,68627.01587301587,117.0,733708252.5171034,623062948.5906419,0.0177284043631206,0.0150549102567654,2.582066859460604,68627.01587301587,28165.234432234432,19354.641025641027,15133.598290598293,8414.442002442003,2.4365859988891647,2.0,5.0,27087.049535102626,24961.228907861125,15.0,19.0,1.0,0.6866790093471677,0.9110443643097864,40.0
2025-12-26 15:22:25.782,2,2025-12-26 15:22:25.766,68082.47741147742,212.7577419108669,12195.015873015873,149.0,53291923.78787008,60769705.209371045,0.0114971632194116,0.0131104146731272,2.757594277819858,12195.015873015873,12165.598290598293,8456.853479853478,5889.136752136752,5435.641025641025,1.0024180958234756,1.0,0.0,7300.13176510329,7795.492621340299,15.0,19.0,1.0,0.6483642649261645,0.7974547642054878,16.0
2025-12-26 15:22:26.269,2,2025-12-26 15:22:26.188,77192.2271062271,241.2257097069597,8445.076923076924,151.0,31394117.0558114,71552518.32152244,0.0052686716176338,0.0120081963694229,3.190659677115792,8445.076923076924,8343.404151404151,6901.598290598291,6521.853479853478,5899.857142857143,1.0121860058348784,1.0,0.0,5603.045337654462,8458.87216604687,15.0,19.0,1.0,0.4678164025257975,0.6297065913846698,81.0
2025-12-26 15:22:26.834,2,2025-12-26 15:22:26.822,64408.00488400488,201.27501526251527,13346.431013431013,159.0,28658211.39909845,46886055.19983684,0.0069082713648918,0.011302226368529,3.217172486971509,13346.431013431013,4712.853479853478,4474.598290598291,4076.258852258852,3285.3833943833943,2.831921482490713,1.0,0.0,5353.336473555389,6847.339278861304,15.0,19.0,1.0,0.4641585325358964,0.5091822098118456,12.0
2025-12-26 15:22:27.378,2,2025-12-26 15:22:27.456,130714.7326007326,408.4835393772894,28258.43101343101,135.0,173040595.8719297,164561256.45520848,0.0101274224038068,0.0096311582090052,2.910559026065848,28258.43101343101,20620.196581196586,11851.442002442003,11154.162393162393,9531.258852258852,1.3704249085189768,1.0,0.0,13154.489570938498,12828.14314135949,15.0,19.0,1.0,0.622848620217687,0.363623080789801,78.0
2025-12-26 15:22:27.886,2,2025-12-26 15:22:27.878,109494.94505494506,342.1717032967033,18880.59829059829,153.0,120786233.28062506,152686292.44546643,0.0100746344718152,0.0127353800467548,2.7837885933942443,18880.59829059829,13765.383394383394,13107.015873015873,9735.442002442003,8997.402930402932,1.3715998857177238,1.0,0.0,10990.279035612566,12356.629493736002,15.0,18.0,0.9473684210526316,0.5889389912793017,0.9173079058962612,8.0
2025-12-26 15:22:28.436,2,2025-12-26 15:22:28.512,100621.08302808304,314.44088446275947,22257.01587301588,156.0,74314424.97814286,158130687.8468589,0.0073399845654202,0.0156184591141841,2.9692075025214195,22257.01587301588,11475.641025641024,7883.857142857143,7668.819291819293,7609.076923076923,1.9395008804547944,1.0,0.0,8620.58147563973,12575.00249888082,15.0,19.0,1.0,0.5654322985226728,0.8905050363209887,76.0
2025-12-26 15:22:29.019,2,2025-12-26 15:22:28.934,57333.89987789988,179.1684371184371,11547.015873015873,150.0,25321780.642045192,37752578.07885008,0.0077032017946997,0.0114848055641339,3.094686243968538,11547.015873015873,6815.641025641025,5326.136752136752,5313.598290598291,4452.689865689866,1.6941936685886647,2.0,4.0,5032.075182471462,6144.312661221764,15.0,19.0,1.0,0.5835131026901752,0.8485231554062357,85.0
2025-12-26 15:22:29.520,2,2025-12-26 15:22:29.568,79254.90842490843,247.67158882783883,9305.853479853478,155.0,40777304.14417037,63901721.517449215,0.0064918155739021,0.0101732618095461,3.315175101043832,9305.853479853478,7828.1623931623935,7657.136752136752,5790.700854700855,5631.924297924298,1.188766023553702,1.0,0.0,6385.710934905398,7993.855234956986,15.0,19.0,1.0,0.4569278862026413,0.6357654325381137,48.0
2025-12-26 15:22:30.001,2,2025-12-26 15:22:29.990,68321.58363858363,213.50494887057383,17380.85347985348,147.0,41937938.83819469,56687104.78977151,0.0089844445613879,0.0121441864917178,3.02343064468421,17380.85347985348,9923.431013431013,5891.819291819293,4336.1623931623935,2984.196581196581,1.7514963782513686,0.0,0.0,6475.950805726885,7529.083927661552,15.0,19.0,1.0,0.5930258141232703,0.5982676338683145,11.0
2025-12-26 15:22:30.564,2,2025-12-26 15:22:30.624,305658.1477411477,955.1817116910868,111136.431013431,117.0,1821265330.4896555,1785553848.378247,0.0194940136784862,0.0191117738647126,2.2964545440066684,111136.431013431,35277.16239316239,32996.258852258856,31905.59829059829,24624.196581196586,3.1503789838541243,1.0,0.0,42676.28534080322,42255.814373624926,15.0,19.0,1.0,0.7719069453056302,0.2347095424579974,60.0
2025-12-26 15:22:31.127,2,2025-12-26 15:22:31.046,93207.15995115996,291.27237484737486,27832.43101343101,148.0,131654947.57422765,124247374.41212425,0.0151543960925058,0.0143017331288185,2.709657822904938,27832.43101343101,11228.196581196582,10168.258852258852,6919.0,6484.598290598291,2.4787979807940315,2.0,6.0,11474.098987468586,11146.63063046965,15.0,19.0,1.0,0.6719707452764695,0.2758018217825156,81.0
2025-12-26 15:22:31.618,2,2025-12-26 15:22:31.680,86928.85225885226,271.6526633089133,35310.01587301587,150.0,181581575.14290652,143769544.83050817,0.0240294531767095,0.0190256282501275,2.077677429563765,35310.01587301587,16229.234432234432,13954.641025641024,6057.013431013431,2661.5982905982905,2.17570434517115,1.0,0.0,13475.220782714716,11990.393856354684,15.0,19.0,1.0,0.8537154365217665,0.9635417256305236,62.0
2025-12-26 15:22:32.120,2,2025-12-26 15:22:32.103,123655.3724053724,386.4230387667888,37997.01587301587,138.0,259989173.81191263,298896493.7631857,0.0170031460198407,0.0195476629036504,2.3745746514307897,37997.01587301587,24723.641025641027,17552.59829059829,10998.136752136752,6740.853479853478,1.5368697447761603,2.0,4.0,16124.17978726089,17288.623246608902,15.0,19.0,1.0,0.7926242387588033,0.9437903405373972,17.0
2025-12-26 15:22:32.687,2,2025-12-26 15:22:32.736,88606.56166056167,276.89550518925523,16960.431013431014,126.0,82535638.16445124,100682378.2468756,0.0105125904395627,0.012823946485779,3.110103746407052,16960.431013431014,13869.598290598293,5436.076923076923,5361.196581196581,4484.1623931623935,1.2228494768249103,2.0,4.0,9084.912666858789,10034.060905081033,15.0,19.0,1.0,0.5204068901591139,0.4904453119188647,49.0
2025-12-26 15:22:33.254,2,2025-12-26 15:22:33.159,32999.64468864469,103.12388965201464,3220.4041514041514,151.0,5812392.059038674,10280442.93516967,0.0053374813822181,0.0094404631019504,3.366591353906461,3220.4041514041514,3117.136752136752,3058.5982905982905,2664.948717948718,2141.015873015873,1.0331289280765683,1.0,0.0,2410.890304231753,3206.312981474153,15.0,19.0,1.0,0.4303714151804294,0.6531257653308609,95.0
2025-12-26 15:22:33.739,2,2025-12-26 15:22:33.793,49254.94261294261,153.92169566544567,6036.404151404151,150.0,12144320.032167356,26659603.603088416,0.0050058008601593,0.0109888957384492,3.385730185872456,6036.404151404151,5734.700854700855,4732.689865689866,2618.990231990232,2537.7228327228327,1.052610119402293,1.0,0.0,3484.870160015629,5163.293871463101,15.0,19.0,1.0,0.4397631341634294,0.470999011943481,54.0
2025-12-26 15:22:34.277,2,2025-12-26 15:22:34.215,17008.418803418805,53.15130876068376,2251.7008547008545,107.0,1106631.7565973513,1568051.1286197132,0.0038253858465022,0.0054204124888459,3.783307563278077,2251.7008547008545,1248.3724053724054,958.8315018315018,886.8571428571429,653.002442002442,1.803709249746945,1.0,0.0,1051.9656632216431,1252.2184827815445,15.0,19.0,1.0,0.3526938286325712,0.4347957396663538,62.0
2025-12-26 15:22:34.847,2,2025-12-26 15:22:34.849,132727.98290598288,414.7749465811965,35812.23443223443,114.0,284869126.3101249,203546448.13892385,0.0161703862923735,0.0115541643191749,2.6870374412466016,35812.23443223443,29347.22588522589,13503.442002442003,7639.603174603175,4563.421245421246,1.2202936854165138,1.0,0.0,16878.06642687855,14266.970531227847,15.0,19.0,1.0,0.6846026342786391,0.8827464818338444,2.0
2025-12-26 15:22:35.375,2,2025-12-26 15:22:35.271,78579.85225885226,245.5620383089133,12328.035409035409,102.0,49559503.05103853,52466981.0610382,0.0080260992713647,0.0084969616832322,3.106811296504596,12328.035409035409,9856.540903540905,7630.168498168498,6966.641025641025,6424.783882783883,1.250746639179003,1.0,0.0,7039.851067390456,7243.409491464513,15.0,18.0,0.9473684210526316,0.5498377570988862,0.3479064303579902,104.0
2025-12-26 15:22:35.851,2,2025-12-26 15:22:35.905,159081.894993895,497.1309218559219,50724.24664224664,102.0,483703421.1107994,368588797.9399772,0.0191133867521641,0.0145646690514688,2.5123696792500456,50724.24664224664,29055.540903540903,18084.162393162394,13439.168498168498,5655.372405372405,1.745768451210051,1.0,0.0,21993.25853780652,19198.666566717,15.0,17.0,0.8947368421052632,0.7352093137121516,0.1944890089401264,54.0
2025-12-26 15:22:36.355,2,2025-12-26 15:22:36.327,29170.661782661788,91.15831807081808,4751.168498168498,143.0,6231297.774541996,6457841.486866768,0.0073229478537455,0.0075891793599217,3.353452880699753,4751.168498168498,4167.540903540904,2490.5824175824177,1869.076923076923,1631.6898656898657,1.140041239698591,1.0,0.0,2496.256752528072,2541.2283421343245,15.0,19.0,1.0,0.5111319969065705,0.3877585035761791,28.0
2025-12-26 15:22:36.940,2,2025-12-26 15:22:36.961,124842.50427350428,390.13282585470085,30053.162393162394,132.0,224918515.3156213,193890255.29484195,0.0144311275252045,0.0124403053084709,2.781843950652988,30053.162393162394,15869.246642246642,14614.136752136752,9855.372405372404,8799.853479853478,1.8937989351777955,1.0,0.0,14997.283597892696,13924.448114551684,15.0,19.0,1.0,0.6343334117944168,0.4141492131169758,21.0
2025-12-26 15:22:37.443,2,2025-12-26 15:22:37.384,75527.82295482296,236.0244467338217,9378.168498168498,132.0,40978883.88827653,59101511.540970966,0.0071836670023358,0.0103605939928127,3.3499902513390643,9378.168498168498,7984.1623931623935,5493.246642246642,4066.5982905982905,3876.136752136752,1.174596411791267,1.0,0.0,6401.47513377007,7687.750746542903,15.0,19.0,1.0,0.4077743985118465,0.4149600676796519,59.0
2025-12-26 15:22:37.921,2,2025-12-26 15:22:38.017,49987.96336996337,156.21238553113554,7398.641025641025,141.0,23533130.97271976,25690193.92846556,0.0094177861796265,0.010281026932281,3.2488397727434406,7398.641025641025,4670.136752136752,4642.1623931623935,4016.8534798534783,2782.7008547008545,1.5842450485533002,2.0,4.0,4851.095852765617,5068.549489594193,15.0,19.0,1.0,0.4703231122158691,0.6466267508305044,96.0
2025-12-26 15:22:38.450,2,2025-12-26 15:22:38.440,108395.11965811966,338.7347489316239,24346.162393162394,89.0,165068947.7998743,143597531.63743156,0.0140490165695345,0.0122215845451707,2.820151049106625,24346.162393162394,15000.136752136752,11830.431013431013,8489.168498168498,7664.196581196581,1.6230626957246033,1.0,0.0,12847.916087828184,11983.218751129913,15.0,19.0,1.0,0.6211543051980113,0.3943644629482232,10.0
2025-12-26 15:22:39.035,2,2025-12-26 15:22:39.073,557806.6056166056,1743.1456425518925,224280.43101343105,155.0,7905446756.132511,6285660312.590219,0.0254073348989925,0.0202014992384079,1.9207539910830311,224280.43101343105,84773.16239316239,78633.5982905983,44757.13675213675,43668.19658119658,2.6456537031526186,1.0,0.0,88912.57929074216,79282.15633161234,15.0,19.0,1.0,0.8535440782459435,0.271223631649351,38.0
2025-12-26 15:22:39.524,2,2025-12-26 15:22:39.496,129643.86080586082,405.1370650183151,27635.43101343101,115.0,194011708.4319377,218623832.43540803,0.0115431417341307,0.0130074927160702,2.865471400496848,27635.43101343101,19769.196581196586,13410.162393162393,9908.258852258852,8678.168498168498,1.3979035971403604,1.0,0.0,13928.80857905434,14785.933600398996,15.0,19.0,1.0,0.6124564390836718,0.2561232225915172,28.0
2025-12-26 15:22:40.004,2,2025-12-26 15:22:39.918,282279.2173382173,882.1225541819291,98596.19658119658,156.0,1574293932.271988,1327027086.3192725,0.019757319015981,0.0166541310677731,2.23947100721555,98596.19658119658,52222.43101343101,29593.764346764347,22423.25885225885,19781.1684981685,1.8880047264715976,2.0,4.0,39677.373051551534,36428.38297700397,15.0,19.0,1.0,0.7886404865048446,0.1092477088612874,86.0
2025-12-26 15:22:40.594,2,2025-12-26 15:22:40.552,247578.09768009765,773.6815552503051,77689.25885225885,155.0,1429129109.6682956,1155983208.6033423,0.0233156228778681,0.0188593657232265,2.0259046930669564,77689.25885225885,63659.43101343101,36474.59829059829,30546.40293040293,6055.819291819293,1.2203888350159235,1.0,0.0,37803.82400853511,33999.7530667995,15.0,19.0,1.0,0.8660924063467622,0.3716154745551545,42.0
2025-12-26 15:22:41.174,2,2025-12-26 15:22:41.186,60569.64224664226,189.2801320207571,8923.225885225886,132.0,30460486.25912545,30656561.05905997,0.0083028427911479,0.0083562883673384,3.0925289585115485,8923.225885225886,8886.136752136752,7203.421245421246,4041.5982905982905,3772.8192918192926,1.004173819751222,2.0,4.0,5519.101943172045,5536.836737620134,15.0,19.0,1.0,0.5419744982400113,0.8914384408651479,12.0
2025-12-26 15:22:41.684,2,2025-12-26 15:22:41.608,55026.94505494506,171.95920329670332,16682.015873015873,131.0,32899366.49125033,44403573.44386783,0.0108651751078715,0.0146644951662266,2.956939971461587,16682.015873015873,4902.641025641025,4229.819291819293,3489.402930402931,2770.225885225885,3.4026590537150896,2.0,5.0,5735.796936019469,6663.600636582885,15.0,19.0,1.0,0.5828799867788054,0.903712329366518,76.0
2025-12-26 15:22:42.178,2,2025-12-26 15:22:42.242,68462.02319902321,213.94382249694755,9533.442002442003,156.0,34007076.90550719,40287386.73260539,0.0072555417404337,0.0085954701976775,3.1798693020114968,9533.442002442003,7627.819291819293,6761.853479853478,5313.2344322344325,4943.603174603175,1.24982536131463,2.0,4.0,5831.558702911872,6347.234573623807,15.0,19.0,1.0,0.4992541964701906,0.9017439630398776,64.0
2025-12-26 15:22:42.735,2,2025-12-26 15:22:42.664,69692.45177045178,217.7889117826618,14313.076923076924,132.0,39234592.06036966,51429671.71230975,0.0080778847937983,0.010588690776641,3.125347214826331,14313.076923076924,8462.689865689867,4947.641025641025,3973.234432234433,3938.948717948718,1.6913153087536017,2.0,3.0,6263.752234912367,7171.44836921453,15.0,19.0,1.0,0.5113264070830011,0.819587008807812,71.0
2025-12-26 15:22:43.269,2,2025-12-26 15:22:43.298,66753.38461538462,208.6043269230769,15911.641025641024,158.0,41829326.39943155,87823464.23000097,0.0093871614951148,0.0197089724542793,2.800860377869123,15911.641025641024,11521.853479853478,7931.015873015873,3617.136752136752,3588.2344322344325,1.3809966472375232,2.0,4.0,6467.559539689723,9371.417407735127,15.0,19.0,1.0,0.6377186985822119,0.9254615178036956,29.0
2025-12-26 15:22:43.795,2,2025-12-26 15:22:43.721,177575.48473748474,554.9233898046398,56991.64102564102,157.0,613394817.532694,568590604.8806087,0.0194524400100756,0.0180315749588854,2.290350724028944,56991.64102564102,38633.442002442,20185.3833943834,13627.442002442003,8934.015873015873,1.475189319710036,1.0,0.0,24766.808787825168,23845.137971515465,15.0,19.0,1.0,0.7792287572943019,0.978660979352585,74.0
2025-12-26 15:22:44.327,2,2025-12-26 15:22:44.354,103995.44566544566,324.9857677045177,43982.442002442,142.0,216660539.0307628,200389512.3705513,0.0200332392875929,0.0185287596440131,2.3905430086781623,43982.442002442,12789.603174603177,8832.442002442003,8277.234432234432,3584.8534798534783,3.438921552294621,2.0,4.0,14719.393296965838,14155.90026704594,15.0,19.0,1.0,0.7449035349181066,0.9681501502777746,27.0
2025-12-26 15:22:44.921,2,2025-12-26 15:22:44.988,55648.99877899878,173.90312118437117,8117.383394383394,151.0,26499484.561444186,34578383.68284552,0.0085570233392797,0.0111658034526145,3.2220778081733705,8117.383394383394,7412.853479853478,4748.641025641025,4619.700854700855,2928.4420024420024,1.095041661951579,1.0,0.0,5147.765006431838,5880.338738784146,15.0,19.0,1.0,0.5000453084076298,0.8265166084385828,67.0
2025-12-26 15:22:45.491,2,2025-12-26 15:22:45.410,27575.7326007326,86.17416437728937,3890.0,154.0,5336785.960017096,7363126.848554982,0.0070181988138529,0.0096829605875016,3.420907243354793,3890.0,2958.136752136752,2945.8534798534783,2304.5982905982905,1160.7960927960928,1.315016960317612,1.0,0.0,2310.1484714227995,2713.5082178897087,15.0,19.0,1.0,0.480835262198324,0.888140574132034,81.0
2025-12-26 15:22:46.024,2,2025-12-26 15:22:46.044,59419.70085470085,185.68656517094016,9501.383394383394,157.0,23757505.23324878,45285273.71524117,0.0067288355045773,0.0128261429227494,3.093798044916176,9501.383394383394,6822.076923076923,6634.0,4255.442002442002,3676.857142857143,1.3927405834785935,1.0,0.0,4874.167132264627,6729.433387384198,15.0,19.0,1.0,0.5198572025512843,0.906913784694384,20.0
2025-12-26 15:22:46.612,2,2025-12-26 15:22:46.678,45185.13553113554,141.20354853479856,6809.853479853478,144.0,13980438.87911116,22200669.28748124,0.0068474619338463,0.0108736384577366,3.2017528728193976,6809.853479853478,5488.442002442002,4812.383394383394,3474.106227106227,2794.0,1.240762583775558,1.0,0.0,3739.0425083316654,4711.75861939905,15.0,19.0,1.0,0.5173999110321371,0.9099388849985748,66.0
2025-12-26 15:22:47.198,2,2025-12-26 15:22:47.100,22163.81318681319,69.26191620879122,2513.0,143.0,3093069.1799406228,4952415.084263138,0.0062965212255381,0.0100815678155432,3.451028027285558,2513.0,1867.857142857143,1710.924297924298,1303.6898656898657,1257.094017094017,1.3453919694065457,1.0,0.0,1758.7123641859753,2225.402229769517,15.0,19.0,1.0,0.3903915472772958,0.8952936903441905,98.0
2025-12-26 15:22:47.740,2,2025-12-26 15:22:47.734,13614.722832722831,42.54600885225885,1566.1367521367522,148.0,668170.307195647,1285022.1187647912,0.0036047036247554,0.0069325497399662,3.603714332326222,1566.1367521367522,1335.924297924298,946.5982905982906,929.3345543345542,785.6703296703297,1.1723244756974451,1.0,0.0,817.4168503252469,1133.5881610023948,15.0,19.0,1.0,0.40865056843402,0.7466423352295833,6.0
2025-12-26 15:22:48.265,2,2025-12-26 15:22:48.368,14314.44932844933,44.73265415140416,2409.8534798534783,156.0,1807082.337562647,1572328.7064321116,0.0088191890039103,0.0076735098064217,3.5882670334110163,2409.8534798534783,1405.924297924298,798.7008547008545,722.5982905982906,627.0854700854701,1.714070582185445,1.0,0.0,1344.2776266689284,1253.925319320139,15.0,19.0,1.0,0.4166532890167467,0.7599941280504137,103.0
2025-12-26 15:22:48.842,2,2025-12-26 15:22:48.790,18684.738705738702,58.38980845543345,3841.8534798534783,146.0,3955896.695257784,3583609.437432479,0.0113310689973346,0.0102647083387502,3.260740516197359,3841.8534798534783,1539.7008547008545,1128.1367521367522,1109.0,1081.076923076923,2.4951947439149857,1.0,0.0,1988.9436128904672,1893.042376026612,15.0,19.0,1.0,0.4656082242721196,0.7729636554771488,52.0
2025-12-26 15:22:49.423,2,2025-12-26 15:22:49.424,22424.30280830281,70.07594627594628,3575.8534798534783,151.0,5118689.98418289,5975193.020940783,0.0101793706577188,0.0118826701166744,3.211042708378596,3575.8534798534783,3330.0,1857.136752136752,1354.5982905982903,1251.2222222222222,1.0738298738295509,0.0,0.0,2262.4522059444457,2444.420794572977,15.0,19.0,1.0,0.5069861409738379,0.866519590205599,1.0
2025-12-26 15:22:50.002,2,2025-12-26 15:22:50.058,30700.333333333336,95.93854166666668,4486.076923076923,154.0,6926392.794811921,9533687.25131489,0.0073488762607498,0.0101152057057867,3.275935764570057,4486.076923076923,3745.700854700856,2511.8571428571427,2431.8534798534783,1643.6898656898657,1.1976602235722318,1.0,0.0,2631.8040950670934,3087.6669592614567,15.0,19.0,1.0,0.4827041486903871,0.6985352479537983,56.0
2025-12-26 15:22:50.582,2,2025-12-26 15:22:50.480,28965.518925518925,90.51724664224665,5031.924297924298,146.0,5685318.827962568,8442983.017861653,0.0067762933366108,0.0100631347680385,3.2225325931996807,5031.924297924298,3669.136752136752,2634.5982905982905,2100.8571428571427,1400.076923076923,1.3714191205853925,1.0,0.0,2384.390661775576,2905.6811624577213,15.0,19.0,1.0,0.5122156949697076,0.8145792900994375,102.0
2025-12-26 15:22:51.212,2,2025-12-26 15:22:51.114,23808.879120879123,74.40274725274726,5224.076923076923,121.0,4480128.688187745,12300019.65082502,0.0079033749983218,0.0216984097004858,2.87950346090628,5224.076923076923,3041.0,2828.6898656898657,1539.857142857143,1510.1367521367522,1.7178812637537668,1.0,0.0,2116.631448360282,3507.138384898009,15.0,19.0,1.0,0.5940540338733025,0.8560040497506447,98.0
2025-12-26 15:22:51.770,2,2025-12-26 15:22:51.748,25201.32844932845,78.75415140415141,4888.853479853478,143.0,3325432.0024093897,5480546.0782577405,0.0052360188674209,0.0086293277531268,3.1965561866549006,4888.853479853478,2542.168498168498,2168.136752136752,2042.404151404152,1786.5982905982903,1.9231036350948896,1.0,0.0,1823.576705929693,2341.0566157736853,15.0,19.0,1.0,0.5328354494946659,0.6271830544816661,22.0
2025-12-26 15:22:52.314,2,2025-12-26 15:22:52.381,13473.37851037851,42.10430784493285,2518.0,126.0,1392808.42742105,1779726.4488312942,0.0076725259245188,0.0098039307117732,3.510275977366497,2518.0,1014.0769230769232,934.5409035409036,805.9487179487179,787.8571428571429,2.48304634756639,1.0,0.0,1180.173049777468,1334.0638848388387,15.0,19.0,1.0,0.4498072760855718,0.6366898882678408,67.0
2025-12-26 15:22:52.892,2,2025-12-26 15:22:52.804,13975.947496947498,43.67483592796093,2091.8571428571427,158.0,1249159.1027218,2133477.8325949893,0.0063952162744566,0.0109225895456189,3.3449411182350537,2091.8571428571427,1461.076923076923,1428.4041514041514,1120.2466422466423,966.3724053724054,1.4317227996801225,1.0,0.0,1117.6578647876995,1460.6429517835593,15.0,19.0,1.0,0.5057229405376974,0.5904795793854728,88.0
2025-12-26 15:22:53.441,2,2025-12-26 15:22:53.437,109183.69963369964,341.19906135531136,16217.136752136752,139.0,79046396.37114316,142116764.19944328,0.006630808165814,0.0119214669335231,3.03703317710621,16217.136752136752,14551.853479853478,10837.598290598293,8454.076923076924,7553.1623931623935,1.1144378806856243,2.0,3.0,8890.804034008575,11921.273598044938,15.0,19.0,1.0,0.5276779229144636,0.6275757774001594,4.0
2025-12-26 15:22:53.985,2,2025-12-26 15:22:54.071,49840.72283272283,155.75225885225885,6549.246642246642,130.0,13274984.304542895,41129593.70730251,0.0053439864939467,0.0165571565457991,3.106083700461836,6549.246642246642,4945.1623931623935,4830.404151404151,3954.700854700856,3870.136752136752,1.3243744333453775,1.0,0.0,3643.485186540889,6413.235821900089,15.0,19.0,1.0,0.4845365279854027,0.3576141893962899,86.0
2025-12-26 15:22:54.548,2,2025-12-26 15:22:54.494,54118.56410256411,169.12051282051283,7727.431013431013,152.0,27296864.465442985,37435782.78889867,0.0093200927223451,0.0127818697699808,2.9896902268599104,7727.431013431013,6912.1623931623935,6632.246642246642,5480.372405372405,4337.136752136752,1.1179469714244528,1.0,0.0,5224.640127840671,6118.478796964052,15.0,19.0,1.0,0.5744673703357853,0.3603827701236742,54.0
2025-12-26 15:22:55.122,2,2025-12-26 15:22:55.127,173097.80708180706,540.930647130647,34954.16239316239,152.0,297461485.5129012,432886073.8785088,0.0099276763527717,0.0144474261320848,2.8097621459452267,34954.16239316239,31312.43101343101,16558.076923076922,12573.168498168498,10328.196581196582,1.1163030547889492,2.0,3.0,17247.071795319378,20805.91439659668,15.0,19.0,1.0,0.6107878383408291,0.3379878381376805,5.0
2025-12-26 15:22:55.626,2,2025-12-26 15:22:55.550,292342.6825396826,913.5708829365082,91207.431013431,136.0,1411092852.0540905,1796454435.0802853,0.016510914804143,0.0210199534948806,2.290345523497175,91207.431013431,48688.16239316239,31569.59829059829,29756.25885225885,23305.13675213676,1.8732978722203328,1.0,0.0,37564.515863432745,42384.60139107463,15.0,19.0,1.0,0.7680253370840204,0.2635033950844063,76.0
2025-12-26 15:22:56.130,2,2025-12-26 15:22:56.183,409109.7863247863,1278.468082264957,137359.43101343102,103.0,3685374419.041465,2765467036.874348,0.0220192174431977,0.0165229941637164,2.2194056058147726,137359.43101343102,90995.19658119658,55441.258852258856,40553.76434676435,10957.598290598293,1.5095239768053177,2.0,4.0,60707.28472795884,52587.70803975343,15.0,18.0,0.9473684210526316,0.819602122199181,0.1369099794883563,53.0
2025-12-26 15:22:56.669,2,2025-12-26 15:22:56.606,181138.89743589744,566.0590544871795,30552.59829059829,157.0,470529715.5717337,313363629.14770764,0.0143404776164216,0.0095504788770524,2.90482378066118,30552.59829059829,27458.01587301588,24316.25885225885,20782.43101343101,13769.168498168498,1.1127023318761526,1.0,0.0,21691.69692697493,17702.079797235907,15.0,19.0,1.0,0.6452422653661872,0.5603487503774504,63.0
2025-12-26 15:22:57.250,2,2025-12-26 15:22:57.240,207903.5824175824,649.698695054945,52548.59829059829,152.0,1100154545.29948,436489648.7158102,0.0254524593092468,0.0100983403380134,2.474429530551665,52548.59829059829,34142.01587301587,26263.43101343101,17649.196581196582,14532.162393162393,1.5391182080765335,1.0,0.0,33168.57767977819,20892.334688009625,15.0,19.0,1.0,0.6980899629708803,0.580748064899105,10.0
2025-12-26 15:22:57.777,2,2025-12-26 15:22:57.873,114338.0451770452,357.3063911782662,24352.81929181929,151.0,146177162.28449827,199163765.4585056,0.0111814467791782,0.0152345209676517,2.7369086269405973,24352.81929181929,21177.01587301588,10488.598290598293,8444.258852258852,5953.853479853478,1.1499646332535896,2.0,4.0,12090.37477849625,14112.539298740874,15.0,19.0,1.0,0.6158627749714423,0.7993726782733036,96.0
2025-12-26 15:22:58.307,2,2025-12-26 15:22:58.296,253783.60927960929,793.073778998779,48296.819291819294,128.0,575563000.7358354,1016612775.427211,0.0089364643873361,0.0157844125694346,2.841708479028923,48296.819291819294,40322.01587301587,21898.234432234432,19318.07692307692,18440.85347985348,1.197777894932557,2.0,4.0,23990.89412122515,31884.365689585407,15.0,19.0,1.0,0.5842615306043445,0.9370469133770564,11.0
2025-12-26 15:22:58.899,2,2025-12-26 15:22:58.929,73004.3137973138,228.1384806166056,13309.598290598293,126.0,35287095.64075444,70688688.89785637,0.0066209280468509,0.0132633393148513,3.1465647248247537,13309.598290598293,8742.076923076924,7091.4310134310135,5147.258852258852,4769.136752136752,1.5224755407336574,2.0,4.0,5940.29423856718,8407.656563981212,15.0,19.0,1.0,0.5350300523328595,0.7441863747894568,30.0
2025-12-26 15:22:59.450,2,2025-12-26 15:22:59.352,22464.788766788763,70.20246489621488,2648.8534798534783,156.0,2319066.8923850805,5225739.181131862,0.0045952442168277,0.0103548318634523,3.621159645029072,2648.8534798534783,1415.924297924298,1325.015873015873,1276.6703296703297,1052.4847374847377,1.8707592515607976,1.0,0.0,1522.8482827862665,2285.987572392261,15.0,19.0,1.0,0.3436021054139545,0.7591044392249489,98.0
2025-12-26 15:22:59.987,2,2025-12-26 15:22:59.986,52023.51648351648,162.57348901098902,6087.689865689866,93.0,12976586.009886434,20800804.57091929,0.0047946956001385,0.007685652149151,3.595856684450196,6087.689865689866,5212.853479853478,5173.076923076923,2257.334554334554,2197.3833943833943,1.1678229379007616,2.0,4.0,3602.3028759234603,4560.789906465688,15.0,19.0,1.0,0.4022861127422807,0.71846342618604,1.0
2025-12-26 15:23:00.552,2,2025-12-26 15:23:00.619,69268.89987789988,216.4653121184371,8459.404151404151,154.0,31671595.32626212,53204996.57619725,0.0066007511368787,0.0110885775730645,3.2143313781926706,8459.404151404151,6468.246642246642,5046.015873015873,4645.168498168498,4627.540903540904,1.3078357427113514,1.0,0.0,5627.752244569951,7294.175524087506,15.0,19.0,1.0,0.4222151083664986,0.3339776580549616,67.0
2025-12-26 15:23:01.138,2,2025-12-26 15:23:01.042,122814.44566544566,383.7951427045177,27707.43101343101,132.0,196250840.91198057,233070499.92349896,0.0130110582634239,0.0154521317712471,2.7352616219092134,27707.43101343101,21816.162393162394,14214.136752136752,13857.598290598293,4869.168498168498,1.270041472652119,2.0,4.0,14008.95573952536,15266.64664959201,15.0,19.0,1.0,0.6714560042239233,0.3514482587374229,96.0
2025-12-26 15:23:01.625,2,2025-12-26 15:23:01.676,62465.56410256411,195.20488782051285,15167.0,131.0,48894693.9678914,44490109.36621826,0.0125308462016631,0.0114020289876312,2.9994079552599926,15167.0,8576.853479853478,5826.402930402931,4149.819291819293,2793.196581196581,1.768364125098396,0.0,0.0,6992.474094903134,6670.090656521714,15.0,19.0,1.0,0.5845344200097103,0.70136368371128,51.0
2025-12-26 15:23:02.102,2,2025-12-26 15:23:02.098,197935.1916971917,618.547474053724,60608.19658119658,159.0,747646979.0182579,558720725.0999707,0.0190831713869715,0.0142609595888909,2.47529263340821,60608.19658119658,45187.43101343101,17978.764346764347,11083.258852258852,8731.853479853478,1.3412622762993702,2.0,3.0,27343.13403796752,23637.274062378063,15.0,19.0,1.0,0.7254369626861094,0.1440914214456369,4.0
2025-12-26 15:23:02.677,2,2025-12-26 15:23:02.732,179754.67643467642,561.7333638583639,36580.258852258856,139.0,337548865.12515265,554346202.4912345,0.0104466310533323,0.017156183449453,2.811402587279823,36580.258852258856,29479.43101343101,25789.59829059829,14292.402930402932,8853.162393162393,1.240873978727453,1.0,0.0,18372.502962992075,23544.557810484243,15.0,19.0,1.0,0.6397321936803265,0.450243195379292,55.0
2025-12-26 15:23:03.252,2,2025-12-26 15:23:03.154,95701.48473748474,299.06713980463985,14090.372405372404,159.0,69623101.31360844,117927593.59047224,0.0076017925475608,0.0128759145340257,2.990186034885629,14090.372405372404,10830.136752136752,10235.431013431013,7265.1623931623935,5713.383394383394,1.3010336552390362,2.0,4.0,8344.045859989532,10859.447204645006,15.0,19.0,1.0,0.5029648817938552,0.6678860966684135,98.0
2025-12-26 15:23:03.727,2,2025-12-26 15:23:03.788,98076.24175824175,306.4882554945055,23229.01587301588,140.0,113673250.48573355,113791376.6780841,0.0118176370570922,0.0118299176284858,2.8872228287643464,23229.01587301588,18080.81929181929,6192.1623931623935,5587.689865689866,5485.598290598291,1.284732483528808,2.0,5.0,10661.76582399621,10667.304096072452,15.0,19.0,1.0,0.5972423561933926,0.728372604194367,61.0
2025-12-26 15:23:04.261,2,2025-12-26 15:23:04.210,113903.89377289376,355.94966804029303,15112.819291819293,159.0,210081703.3694876,100818615.92909595,0.0161923949774892,0.007770761679976,3.048330685116911,15112.819291819293,13267.431013431013,11540.402930402932,9928.196581196582,9467.015873015873,1.1390916053393456,2.0,5.0,14494.195506115117,10040.847371068638,15.0,19.0,1.0,0.5207536259307479,0.5693390982773605,51.0
2025-12-26 15:23:04.827,2,2025-12-26 15:23:04.844,95179.10622710624,297.43470695970694,16792.431013431014,151.0,99798916.74772476,103277002.69366474,0.0110164732131544,0.0114004076475666,2.8389259756463905,16792.431013431014,15560.258852258852,11602.402930402932,9789.076923076924,7478.015873015873,1.0791871248974891,2.0,4.0,9989.940777988864,10162.52934527939,15.0,19.0,1.0,0.643231356324182,0.558368036879452,17.0
2025-12-26 15:23:05.367,2,2025-12-26 15:23:05.267,87574.15628815629,273.6692384004884,31117.01587301588,158.0,134436285.37188226,112812022.9079999,0.0175293002583953,0.0147096880640597,2.6624813637743485,31117.01587301588,15140.598290598293,4534.076923076923,4202.689865689866,3368.402930402931,2.0552038483404083,2.0,5.0,11594.666246679217,10621.300433939336,15.0,19.0,1.0,0.6664384375082619,0.9005840980343869,100.0
2025-12-26 15:23:05.841,2,2025-12-26 15:23:05.900,64522.03907203907,201.6313721001221,8280.234432234432,156.0,25875329.71099671,31890933.31652444,0.0062154091781291,0.0076603931949277,3.1049938557650973,8280.234432234432,7881.076923076923,6386.67032967033,6115.225885225886,4334.924297924298,1.050647584467507,2.0,5.0,5086.77989606359,5647.205797252695,15.0,19.0,1.0,0.5114241946273401,0.8892039804290074,59.0
2025-12-26 15:23:06.337,2,2025-12-26 15:23:06.323,35963.5006105006,112.3859394078144,5716.853479853478,142.0,10768795.538675422,11987238.08864458,0.0083261305181917,0.0092681961060773,3.43817325264154,5716.853479853478,3714.7228327228327,3329.7008547008545,2590.6898656898657,2239.0,1.5389717449421594,2.0,4.0,3281.584303149231,3462.259101893528,15.0,19.0,1.0,0.4891338922615988,0.7108857858090698,14.0
2025-12-26 15:23:06.913,2,2025-12-26 15:23:06.956,107117.75091575092,334.7429716117216,31507.43101343101,126.0,221806362.79739857,152914983.15651298,0.0193308570512705,0.0133268389739388,2.544440133559513,31507.43101343101,17493.162393162394,13827.196581196582,7614.168498168498,7274.598290598291,1.8011283669180718,2.0,4.0,14893.164969119176,12365.879797107562,15.0,19.0,1.0,0.725524538296933,0.2853744714516439,43.0
2025-12-26 15:23:07.451,2,2025-12-26 15:23:07.379,198382.64713064712,619.9457722832723,71926.431013431,153.0,896730603.800646,689785255.9584029,0.0227852936338542,0.0175269579678687,2.248069426237186,71926.431013431,35556.19658119658,23908.162393162394,12599.168498168498,10829.598290598293,2.022894401800735,2.0,4.0,29945.460487370136,26263.76317206662,15.0,19.0,1.0,0.780408765664861,0.1517289560188641,72.0
2025-12-26 15:23:07.937,2,2025-12-26 15:23:08.013,78487.10012210012,245.27218788156287,14504.431013431013,139.0,63442763.84377556,74342423.59315448,0.0102987739931893,0.0120681346824231,2.887900966955541,14504.431013431013,13458.015873015873,8615.404151404151,4675.819291819293,4500.857142857143,1.0777540426677743,2.0,4.0,7965.096599776776,8622.205262759318,15.0,19.0,1.0,0.582956019541401,0.5809553330236955,76.0
2025-12-26 15:23:08.502,2,2025-12-26 15:23:08.435,172153.02686202683,537.9782089438338,25097.01587301588,135.0,271950630.9122223,259238658.995519,0.0091761550786057,0.008747227867548,3.107569655178581,25097.01587301588,18174.40415140416,18117.81929181929,11471.431013431013,11437.598290598293,1.3808989644964784,2.0,3.0,16490.92571422909,16100.890006317011,15.0,19.0,1.0,0.4896705573921134,0.6179440801770097,67.0
2025-12-26 15:23:09.099,2,2025-12-26 15:23:09.069,73634.47985347986,230.10774954212457,11138.015873015873,112.0,40730587.067147896,52240378.281137176,0.0075120457305972,0.0096348257879181,3.2002523806160985,11138.015873015873,10909.076923076924,5553.598290598291,5349.948717948718,4158.689865689866,1.0209860973162297,2.0,4.0,6382.051948013891,7227.750568547394,15.0,19.0,1.0,0.5039667523172627,0.6372236230906433,30.0
2025-12-26 15:23:09.616,2,2025-12-26 15:23:09.702,69495.08302808303,217.17213446275943,11742.015873015873,148.0,46361755.12731546,44593504.69564082,0.0095995685125306,0.0092334382588428,3.0365824927768656,11742.015873015873,8843.641025641025,7813.598290598291,6027.540903540904,5445.136752136752,1.3277354699235355,1.0,0.0,6808.946697347209,6677.8368275693,15.0,19.0,1.0,0.5737374661286465,0.6511851498598563,86.0
2025-12-26 15:23:10.101,2,2025-12-26 15:23:10.125,65479.56043956043,204.6236263736264,15667.540903540905,126.0,44147859.95605291,38687505.084799945,0.0102967020389671,0.0090231715169377,2.911132938135597,15667.540903540905,8345.035409035409,6972.076923076923,5514.168498168498,3020.948717948718,1.8774684750379045,1.0,0.0,6644.385596580989,6219.928061063081,15.0,19.0,1.0,0.6035436124872549,0.2458322518039128,24.0
2025-12-26 15:23:10.652,2,2025-12-26 15:23:10.547,72626.39682539683,226.9574900793651,21333.59829059829,122.0,66052219.27934627,82721047.92424256,0.0125227127134981,0.0156829237505833,2.7222420032742183,21333.59829059829,7449.402930402931,5861.1623931623935,5579.4310134310135,4561.136752136752,2.8637997554847674,1.0,0.0,8127.251643658284,9095.11121010857,15.0,19.0,1.0,0.6166453705172651,0.6992571025052451,105.0
2025-12-26 15:23:11.246,2,2025-12-26 15:23:11.181,76082.05860805862,237.7564331501832,25656.59829059829,158.0,87331824.1822774,94133500.15248965,0.015087178254547,0.0162622149465332,2.598369760324645,25656.59829059829,7300.402930402931,6037.136752136752,5495.4310134310135,5467.853479853478,3.514408524459171,1.0,0.0,9345.149767782075,9702.242016796408,15.0,19.0,1.0,0.6566255353812194,0.7977716560324537,65.0
2025-12-26 15:23:11.735,2,2025-12-26 15:23:11.815,237454.6776556777,742.0458676739927,83229.5982905983,151.0,1030927863.5246892,1264274926.868764,0.0182838150384745,0.0224222952337497,2.183812512857972,83229.5982905983,42825.13675213675,24042.40293040293,22974.01587301588,12823.431013431013,1.9434753652349663,1.0,0.0,32108.06539679228,35556.64392021221,15.0,19.0,1.0,0.782863436066488,0.8653747797516813,80.0
2025-12-26 15:23:12.251,2,2025-12-26 15:23:12.237,132849.7728937729,415.1555402930403,21114.1684981685,123.0,280906953.098822,178776561.41863906,0.0159162538261359,0.0101295218872771,2.812172439393339,21114.1684981685,20722.162393162394,17482.59829059829,15903.431013431013,8616.196581196582,1.0189172393096595,2.0,3.0,16760.279028071756,13370.735260958503,15.0,19.0,1.0,0.6310779081541503,0.3671304199909453,14.0
2025-12-26 15:23:12.807,2,2025-12-26 15:23:12.871,39117.9474969475,122.24358592796094,6697.136752136752,102.0,15324827.063686518,15921471.369940631,0.0100148272742694,0.0104047363836173,3.0401071894562457,6697.136752136752,4546.598290598291,4199.4310134310135,3908.162393162393,3389.7008547008545,1.472999443558493,2.0,7.0,3914.6937381724406,3990.171847169071,15.0,19.0,1.0,0.5813451563583004,0.6174114358569598,64.0
2025-12-26 15:23:13.324,2,2025-12-26 15:23:13.293,84126.01465201467,262.89379578754586,16353.598290598293,109.0,102790948.52031888,64245686.79197258,0.0145242676346483,0.0090778571729392,3.160998190019697,16353.598290598293,10385.015873015873,9844.136752136752,7062.641025641025,5762.4310134310135,1.574730216165527,1.0,0.0,10138.58710670865,8015.340715900515,15.0,19.0,1.0,0.58730730510885,0.756524523664313,31.0
2025-12-26 15:23:13.799,2,2025-12-26 15:23:13.716,105250.7728937729,328.9086652930403,25146.641025641027,125.0,114799569.36622758,120945984.61632462,0.010363099584811,0.0109179441167026,3.116046845182335,25146.641025641027,13057.383394383394,6638.076923076923,5982.136752136752,5614.442002442002,1.925856066725886,1.0,0.0,10714.456092878798,10997.544481216006,15.0,19.0,1.0,0.5362305524790946,0.7927309325296077,83.0
2025-12-26 15:23:14.345,2,2025-12-26 15:23:14.350,142087.35409035409,444.0229815323565,16349.076923076924,128.0,151223899.9402235,177095527.23646164,0.0074904788125797,0.0087719619391624,3.1536540376442006,16349.076923076924,13314.442002442003,12566.641025641024,12441.162393162393,11455.442002442003,1.2279205482345492,1.0,0.0,12297.31271214258,13307.724344772912,15.0,19.0,1.0,0.465395142094866,0.7123408399051583,5.0
2025-12-26 15:23:14.900,2,2025-12-26 15:23:14.983,240771.695970696,752.4115499084248,58528.43101343101,110.0,862493032.3924176,779717738.5177938,0.0148780060694503,0.0134501321291228,2.638281520254244,58528.43101343101,43756.258852258856,38352.19658119658,11333.764346764348,11242.598290598293,1.3376013523242112,1.0,0.0,29368.231686508087,27923.42633914745,15.0,19.0,1.0,0.6778755635135489,0.2135334239871028,83.0
2025-12-26 15:23:15.398,2,2025-12-26 15:23:15.406,96445.778998779,301.39305937118434,15978.015873015873,112.0,64981561.593316734,88852305.15027413,0.0069859213723836,0.009552174529439,3.275850423449474,15978.015873015873,9236.853479853478,8226.234432234432,6214.076923076923,5052.689865689866,1.729811554103768,2.0,4.0,8061.114165753809,9426.150070430353,15.0,19.0,1.0,0.4635544555499531,0.7659251638704012,8.0
2025-12-26 15:23:15.904,2,2025-12-26 15:23:15.828,558587.2564102565,1745.5851762820516,142082.0158730159,118.0,8602807873.540527,3000706307.001457,0.0275713592402634,0.0096170404803905,2.560136382185564,142082.0158730159,110953.23443223444,64817.22588522588,44701.59829059829,35314.01343101343,1.2805576745921032,1.0,0.0,92751.32275898024,54778.70304234536,15.0,19.0,1.0,0.712275626316601,0.95801944650778,76.0
2025-12-26 15:23:16.445,2,2025-12-26 15:23:16.462,119704.96459096458,374.0780143467643,26338.234432234432,134.0,155770268.88434494,175162981.19333762,0.0108707684316097,0.0122241312156748,2.764436889336398,26338.234432234432,25661.442002442003,14504.076923076924,5972.641025641025,5951.689865689866,1.0263739048540996,2.0,4.0,12480.79600363474,13234.915231815336,15.0,19.0,1.0,0.6551782084984921,0.8697512053597393,17.0
2025-12-26 15:23:17.015,2,2025-12-26 15:23:17.096,85741.82173382174,267.9431929181929,29047.43101343101,133.0,96606714.3511493,139651256.47083455,0.0131408028155424,0.0189958807371876,2.580332663137944,29047.43101343101,15255.258852258852,7919.0,4051.196581196581,3389.7008547008545,1.9040929619577085,2.0,6.0,9828.871468848767,11817.413273252085,15.0,19.0,1.0,0.6958399774476927,0.2833445870779484,81.0
2025-12-26 15:23:17.506,2,2025-12-26 15:23:17.518,230092.26984126985,719.0383432539682,73520.25885225885,159.0,942223209.776028,1093308103.4425943,0.0177971205106493,0.0206508774888516,2.2396571363815725,73520.25885225885,60563.43101343101,21373.764346764347,18447.196581196586,9637.598290598293,1.2139381409212635,1.0,0.0,30695.65457480957,33065.20986539469,15.0,19.0,1.0,0.7976897668525141,0.1648010784482804,12.0
2025-12-26 15:23:17.998,2,2025-12-26 15:23:17.941,183580.2637362637,573.688324175824,53995.01587301587,126.0,704012942.6745088,694800455.143383,0.0208895297932569,0.0206161761074278,2.042152532790821,53995.01587301587,38917.59829059829,34696.819291819294,28697.40293040293,4454.857142857143,1.3874190146532912,2.0,3.0,26533.242219421823,26359.06779731376,15.0,19.0,1.0,0.8757024870584519,0.9698885622159902,57.0
2025-12-26 15:23:18.567,2,2025-12-26 15:23:18.574,189889.1623931624,593.4036324786324,27849.234432234432,133.0,213609355.3022845,256812233.06677872,0.0059240663177831,0.0071222194259827,3.093180005710103,27849.234432234432,24697.01343101343,16604.404151404153,15623.689865689868,13808.819291819293,1.1276357163599973,2.0,4.0,14615.380778559433,16025.362182078092,15.0,19.0,1.0,0.5191615989544777,0.6701243763922038,7.0
2025-12-26 15:23:19.162,2,2025-12-26 15:23:19.208,295426.065934066,923.206456043956,125907.01587301587,132.0,2356920183.737468,1776215917.6827607,0.0270051909932823,0.0203515801821798,1.9678331388687875,125907.01587301587,68349.5982905983,30719.641025641027,18094.13675213676,8408.819291819293,1.8421032313562689,1.0,0.0,48548.12235027702,42145.176683492034,15.0,19.0,1.0,0.8512424604040737,0.9600731954165064,46.0
2025-12-26 15:23:19.691,2,2025-12-26 15:23:19.630,40701.58241758242,127.19244505494508,6133.246642246642,153.0,15056700.40591237,17142643.775794145,0.0090888140972752,0.0103479712163778,3.064971084852899,6133.246642246642,4404.598290598291,3963.540903540904,3710.404151404152,3035.3724053724054,1.3924644740785546,1.0,0.0,3880.2964327371137,4140.367589453157,15.0,19.0,1.0,0.5220230057685286,0.4194612408081878,61.0
2025-12-26 15:23:20.219,2,2025-12-26 15:23:20.264,98081.22588522588,306.5038308913309,12662.431013431013,146.0,43922465.56812104,110141543.0126429,0.0045657795694735,0.0114493118802148,3.3249930248936304,12662.431013431013,11122.162393162393,6449.853479853478,5903.689865689866,5808.246642246642,1.138486435085177,2.0,3.0,6627.402626076149,10494.834110772925,15.0,19.0,1.0,0.4276698523677547,0.3739368346914938,45.0
2025-12-26 15:23:20.797,2,2025-12-26 15:23:20.898,72094.05372405372,225.29391788766787,7831.540903540904,111.0,26968291.32299114,65830511.48945652,0.0051886519463955,0.0126656749395459,3.1354025151224096,7831.540903540904,7712.431013431013,6590.404151404151,6377.246642246642,6233.076923076923,1.015443884023267,1.0,0.0,5193.100357492732,8113.600402377265,15.0,19.0,1.0,0.481935719229876,0.323482552214805,101.0
2025-12-26 15:23:21.364,2,2025-12-26 15:23:21.320,98735.65567765564,308.5489239926739,36344.59829059829,151.0,132816434.32123505,182885884.0572992,0.0136239734180617,0.0187599707496212,2.7044284531503,36344.59829059829,8505.015873015873,7761.402930402931,5404.853479853478,5038.136752136752,4.273313399203127,2.0,4.0,11524.601265173344,13523.53075410779,15.0,19.0,1.0,0.6386143576324688,0.868667156325272,44.0
2025-12-26 15:23:21.880,2,2025-12-26 15:23:21.954,118751.48351648352,371.098385989011,39442.01587301587,150.0,221549426.1003984,198136672.5304116,0.0157105916930768,0.0140503381856631,2.623567501688498,39442.01587301587,16556.641025641027,15761.598290598293,5083.404151404151,4517.136752136752,2.3822474505505205,1.0,0.0,14884.536475832843,14076.102888598518,15.0,19.0,1.0,0.6851349868105183,0.7897090675764513,74.0
2025-12-26 15:23:22.402,2,2025-12-26 15:23:22.377,70032.30647130648,218.8509577228328,11061.246642246642,155.0,32348710.252957232,71466330.82523006,0.0065956881003699,0.0145715122524237,3.0493479117975166,11061.246642246642,9474.162393162393,6157.598290598291,5625.076923076923,4907.372405372405,1.1675171042274406,1.0,0.0,5687.592658845852,8453.776128170775,15.0,19.0,1.0,0.5315469178458098,0.5292411444018807,25.0
2025-12-26 15:23:22.968,2,2025-12-26 15:23:23.010,56591.081807081806,176.84713064713063,7571.7008547008545,139.0,17167617.50632453,28262783.53735914,0.0053606078315973,0.0088250858756197,3.4872915177644384,7571.7008547008545,4742.924297924298,3356.670329670329,3028.641025641026,2801.8534798534783,1.5964203472555845,2.0,3.0,4143.382375104249,5316.275344389072,15.0,19.0,1.0,0.3799501494085041,0.6604839387576883,42.0
2025-12-26 15:23:23.498,2,2025-12-26 15:23:23.433,76578.5177045177,239.3078678266178,10127.431013431013,130.0,32941871.0869432,49442100.36187853,0.0056173870924141,0.0084310759295255,3.2416618089995977,10127.431013431013,7081.853479853478,6272.442002442002,6260.402930402931,6112.819291819293,1.4300537341305055,1.0,0.0,5739.500944066757,7031.507687678264,14.0,19.0,1.0,0.4682115793399982,0.7106081485056958,65.0
2025-12-26 15:23:24.012,2,2025-12-26 15:23:24.066,301351.2686202687,941.7227144383396,68816.19658119658,108.0,1352246966.1528544,1008316994.8695734,0.0148905235424909,0.011103273533765,2.710163299990048,68816.19658119658,47545.28205128205,47453.76434676435,20546.214896214897,15496.258852258852,1.4473822346236247,1.0,0.0,36772.91076530187,31754.007540302267,15.0,19.0,1.0,0.6632051613479545,0.169356495844405,54.0
2025-12-26 15:23:24.575,2,2025-12-26 15:23:24.489,117233.57509157508,366.3549221611721,12309.598290598293,145.0,61269040.7400542,178527335.0754494,0.0044579691879493,0.0129897473399281,3.157457463026464,12309.598290598293,11792.402930402932,10576.258852258852,9966.689865689868,9556.162393162393,1.0438583521311753,2.0,5.0,7827.454294983408,13361.412166213922,15.0,19.0,1.0,0.4623343806565103,0.6748414803803433,86.0
2025-12-26 15:23:25.174,2,2025-12-26 15:23:25.123,450864.6715506716,1408.9520985958486,132480.59829059828,152.0,3887374653.576222,3636164777.9757934,0.0191233505206792,0.0178875616056736,2.3036716204015275,132480.59829059828,102077.40293040292,65644.25885225885,35362.431013431014,18602.01587301588,1.2978445227581188,1.0,0.0,62348.81437185652,60300.62004636265,15.0,19.0,1.0,0.7855277410439159,0.6400803090161031,51.0
2025-12-26 15:23:25.697,2,2025-12-26 15:23:25.756,641861.8498168498,2005.818280677656,152392.8192918193,125.0,9586579047.75092,5547210432.313224,0.0232691506247419,0.0134645397960724,2.264734911600324,152392.8192918193,96513.40293040292,93282.01587301587,79556.25885225885,78057.5982905983,1.578980894515865,1.0,0.0,97911.07724742344,74479.59742314149,15.0,19.0,1.0,0.7786754975088628,0.7570831957865694,59.0
2025-12-26 15:23:26.227,2,2025-12-26 15:23:26.179,104457.48962148964,326.42965506715507,22509.234432234432,159.0,125693849.54544628,122878953.69621822,0.0115195326081027,0.0112615543168748,2.940741922599374,22509.234432234432,17529.015873015873,8062.076923076923,5846.641025641025,5454.442002442002,1.2841128444001133,2.0,4.0,11211.326841433456,11085.077974295817,15.0,19.0,1.0,0.5686658799829061,0.9178661037940884,48.0
2025-12-26 15:23:26.817,2,2025-12-26 15:23:26.812,194259.8791208791,607.0621222527473,35634.01587301587,156.0,381022386.0163424,638618762.8912346,0.0100968118630352,0.0169229256278935,2.8212425624495374,35634.01587301587,30547.81929181929,29812.59829059829,23509.40293040293,7866.641025641025,1.1664994981346342,1.0,0.0,19519.794722699888,25270.907440992985,15.0,19.0,1.0,0.6556705274804577,0.9511338803530268,5.0
2025-12-26 15:23:27.384,2,2025-12-26 15:23:27.446,65555.20146520146,204.86000457875457,10856.819291819293,149.0,37995678.57497508,53488382.39841069,0.0088413766502315,0.0124464400408797,3.060948232823692,10856.819291819293,8739.015873015873,7597.402930402931,6093.598290598291,4149.076923076923,1.2423388914238591,2.0,4.0,6164.063479148725,7313.57521315059,15.0,19.0,1.0,0.5710593892200113,0.907839919418437,62.0
2025-12-26 15:23:27.916,2,2025-12-26 15:23:27.869,98666.2551892552,308.33204746642247,36877.01587301587,155.0,179377883.9244426,144194548.5838056,0.0184260228808941,0.014811926606429,2.515339600781469,36877.01587301587,11053.598290598293,8404.853479853478,7333.234432234432,4911.641025641025,3.336200113620785,2.0,3.0,13393.202900144632,12008.103454909338,15.0,18.0,0.9473684210526316,0.6950739436679344,0.8609355402345851,47.0
2025-12-26 15:23:28.472,2,2025-12-26 15:23:28.502,95468.14652014652,298.33795787545785,15609.234432234432,151.0,74866966.26695713,90864334.9491068,0.0082143509403569,0.0099695709930685,3.012203728190737,15609.234432234432,14557.015873015873,9477.819291819293,6018.442002442002,5866.404151404151,1.0722825727742709,1.0,0.0,8652.569922685232,9532.278581173909,15.0,19.0,1.0,0.539749828913261,0.7197179295571241,30.0
2025-12-26 15:23:29.061,2,2025-12-26 15:23:29.136,103114.02442002443,322.2313263125764,26326.43101343101,154.0,132619914.96775416,196084513.5196076,0.0124730674461616,0.0184419916335532,2.633909878638288,26326.43101343101,14969.598290598293,14821.162393162393,9549.136752136752,7233.246642246642,1.7586598185446074,1.0,0.0,11516.072028593524,14003.018014685533,15.0,19.0,1.0,0.7069802143947501,0.3800426915751421,75.0
2025-12-26 15:23:29.619,2,2025-12-26 15:23:29.559,85088.38217338217,265.90119429181925,23912.43101343101,112.0,92582420.46370184,117890927.43088087,0.0127875692370002,0.0162832035432429,2.8471364522999147,23912.43101343101,10053.162393162393,8929.258852258852,6732.196581196581,3630.015873015873,2.378597905639379,1.0,0.0,9621.975912654418,10857.758858571176,15.0,19.0,1.0,0.625902894763514,0.2461921336264776,60.0
2025-12-26 15:23:30.187,2,2025-12-26 15:23:30.192,44336.39438339438,138.55123244810744,4997.598290598291,112.0,9368649.373356948,21829088.88698289,0.004766024190483,0.0111049054720132,3.5097584138241102,4997.598290598291,4678.136752136752,3100.076923076923,2692.162393162393,2632.431013431013,1.0682882000648133,1.0,0.0,3060.824949806334,4672.161051053666,15.0,19.0,1.0,0.4082516321892029,0.6139461521109411,5.0
2025-12-26 15:23:30.766,2,2025-12-26 15:23:30.826,292370.4053724053,913.6575167887664,78632.431013431,156.0,1315002356.903912,1442322661.0601404,0.0153836613673514,0.0168731282371593,2.54221264684408,78632.431013431,45075.19658119658,42401.258852258856,29143.764346764347,15960.162393162393,1.7444722813750593,1.0,0.0,36262.96122635205,37977.923337909626,15.0,19.0,1.0,0.7224151600357129,0.1293285189165049,60.0
2025-12-26 15:23:31.343,2,2025-12-26 15:23:31.248,128139.60683760684,400.4362713675214,13904.853479853478,104.0,91212516.23948114,160203514.86149698,0.0055550460348126,0.0097567519972571,3.296429312080289,13904.853479853478,13029.598290598293,9939.700854700855,9288.246642246642,7628.258852258852,1.0671743801868143,1.0,0.0,9550.524396046592,12657.152715421307,15.0,19.0,1.0,0.4197816697520178,0.4948467377680162,95.0
2025-12-26 15:23:31.895,2,2025-12-26 15:23:31.882,46599.02075702076,145.62193986568985,8085.246642246642,108.0,16314847.69927233,15664545.519162396,0.0075132777333841,0.0072138020055164,3.3779297278247395,8085.246642246642,5209.168498168498,2966.5824175824177,2949.162393162393,2169.136752136752,1.5521184705558664,2.0,4.0,4039.164232768003,3957.8460706756136,15.0,19.0,1.0,0.4587928320376813,0.3973281992908631,13.0
2025-12-26 15:23:32.453,2,2025-12-26 15:23:32.516,49388.4822954823,154.3390071733822,6132.1623931623935,159.0,12266137.092097534,24139696.49642649,0.0050287084035707,0.0098964730069284,3.4081872394981687,6132.1623931623935,4151.372405372405,3811.8192918192926,2906.2466422466423,2804.8534798534783,1.4771410016661275,2.0,4.0,3502.304540170305,4913.216512268362,15.0,19.0,1.0,0.4010338704873618,0.6194234852846165,63.0
2025-12-26 15:23:33.034,2,2025-12-26 15:23:32.938,54505.59462759463,170.32998321123324,10801.136752136752,146.0,40802707.2637616,43807545.52169356,0.0137343090495205,0.0147457462811601,2.700494510689275,10801.136752136752,10560.162393162393,9109.598290598293,6482.4310134310135,2472.2466422466423,1.0228191906527275,2.0,5.0,6387.699684844427,6618.726880729674,15.0,19.0,1.0,0.7233307949568599,0.5539448605851476,96.0
2025-12-26 15:23:33.574,2,2025-12-26 15:23:33.572,611660.9157509157,1911.440361721612,164744.1965811966,155.0,7301420253.513827,6068818226.439239,0.0195157787102858,0.0162211884027821,2.2768313947247645,164744.1965811966,122889.1684981685,112116.1623931624,53051.43101343101,28865.28205128205,1.3405916778064175,1.0,0.0,85448.3484539861,77902.62015130966,15.0,19.0,1.0,0.7874726472361148,0.0911761723902783,2.0
2025-12-26 15:23:34.098,2,2025-12-26 15:23:33.994,217276.9157509157,678.9903617216116,78626.431013431,112.0,774921799.7145092,735187532.2889799,0.0164146150692263,0.0155729524587693,2.445530778458492,78626.431013431,25331.196581196586,19815.85347985348,17828.258852258852,17741.162393162394,3.103936711453754,2.0,5.0,27837.417260128663,27114.341819210364,15.0,19.0,1.0,0.7333632372735391,0.2688024128873102,104.0
2025-12-26 15:23:34.676,2,2025-12-26 15:23:34.628,855239.4151404152,2672.6231723137976,256472.1965811966,107.0,18164200964.51596,13486317477.661104,0.0248336686704764,0.0184381763051042,1.973293658808623,256472.1965811966,215551.43101343105,130784.25885225883,106018.76434676436,39157.168498168496,1.189842235680702,1.0,0.0,134774.6302703738,116130.60525830864,15.0,19.0,1.0,0.8745899756841921,0.0407336031165767,48.0
2025-12-26 15:23:35.308,2,2025-12-26 15:23:35.262,490252.2991452991,1532.0384348290595,103044.5982905983,138.0,5302284585.084618,3238931917.0423656,0.0220609268923779,0.0134760477459587,2.341454453666937,103044.5982905983,95282.40293040292,85151.25885225885,58750.43101343101,51185.01587301587,1.0814651511870876,1.0,0.0,72816.78779707752,56911.614957250735,15.0,19.0,1.0,0.8024719264867897,0.670590378755242,46.0
2025-12-26 15:23:35.829,2,2025-12-26 15:23:35.896,158911.05616605614,496.5970505189254,29485.234432234432,138.0,308418423.29213834,208551960.82333395,0.0122132735493827,0.0082585927248025,3.220682746181266,29485.234432234432,15642.015873015873,13981.819291819293,9422.442002442003,9073.853479853478,1.885002206339509,2.0,5.0,17561.845668725662,14441.328222270067,15.0,19.0,1.0,0.4883572417910928,0.8045428381216728,67.0
2025-12-26 15:23:36.382,2,2025-12-26 15:23:36.318,177801.4163614163,555.629426129426,37851.01587301587,141.0,665665847.1666793,406711985.1602309,0.0210564834369698,0.0128651998830866,2.4597022790225216,37851.01587301587,36284.64102564102,29785.234432234432,27081.442002442003,6771.196581196581,1.0431690876111166,1.0,0.0,25800.500909220333,20167.10155575736,15.0,19.0,1.0,0.7748730731957577,0.8440977353560635,64.0
2025-12-26 15:23:36.981,2,2025-12-26 15:23:36.952,149885.07570207567,468.39086156898645,35604.23443223443,136.0,343866224.5945466,291674074.0333575,0.0153063886766977,0.0129831789944899,2.735329132698649,35604.23443223443,25541.442002442003,24477.01587301588,15035.641025641024,4350.225885225886,1.3939790254923323,2.0,5.0,18543.63029707361,17078.46814071325,15.0,19.0,1.0,0.7005938298172026,0.926074464035634,29.0
2025-12-26 15:23:37.513,2,2025-12-26 15:23:37.585,187973.9072039072,587.41846001221,49648.23443223443,112.0,710980483.1836938,376928349.3850453,0.0201216014126606,0.0106675248995525,2.784205486203359,49648.23443223443,24906.01587301588,17774.225885225886,17539.01343101343,14954.442002442003,1.9934233835457893,2.0,4.0,26664.21728053711,19414.642654065134,15.0,18.0,0.9473684210526316,0.6640386077016994,0.8618946411586579,72.0
2025-12-26 15:23:37.985,2,2025-12-26 15:23:38.008,109067.07936507936,340.83462301587304,26819.01587301588,125.0,153731957.8421158,103574188.07043312,0.0129234001274179,0.0087069123043455,3.2184812377034686,26819.01587301588,9032.431013431013,7244.196581196581,5559.689865689866,4613.764346764347,2.9691913321157566,2.0,5.0,12398.869216267902,10177.140466281928,15.0,19.0,1.0,0.4884067492243921,0.710992746586097,23.0
2025-12-26 15:23:38.529,2,2025-12-26 15:23:38.430,126797.22954822954,396.24134233821735,29453.01587301588,134.0,152620683.2493666,168564752.3012987,0.0094927898005701,0.0104844882575117,3.1225636155854266,29453.01587301588,9262.01343101343,9209.234432234432,8972.383394383394,7969.076923076923,3.179979827538428,2.0,3.0,12353.974390833366,12983.248911628349,14.0,19.0,1.0,0.5115705152615398,0.8392162306654907,99.0
2025-12-26 15:23:39.082,2,2025-12-26 15:23:39.064,275410.7008547009,860.6584401709403,59210.01587301587,129.0,811767045.7950165,1308683646.6189415,0.0107021195017307,0.0172533349913952,2.701065317931487,59210.01587301587,47197.819291819294,31986.59829059829,19916.641025641027,17309.40293040293,1.2545074488913384,1.0,0.0,28491.525859367663,36175.73284149115,15.0,19.0,1.0,0.6376675883197775,0.963147456405696,18.0
2025-12-26 15:23:39.560,2,2025-12-26 15:23:39.487,62996.18070818071,196.86306471306472,10869.383394383394,136.0,28043748.6398326,50059347.79600878,0.0070665530812615,0.012614113860348,3.26435405107667,10869.383394383394,4714.442002442002,4421.598290598291,3930.924297924298,3842.015873015873,2.305550346944756,1.0,0.0,5295.634866551186,7075.263090232672,15.0,19.0,1.0,0.4409531426522832,0.8725885508263325,73.0
2025-12-26 15:23:40.059,2,2025-12-26 15:23:40.120,53799.67277167278,168.12397741147743,6484.1623931623935,154.0,13308775.705277752,20947857.06049061,0.0045981045048361,0.0072373626282023,3.4943054605145765,6484.1623931623935,5462.4310134310135,3673.8534798534783,3567.168498168498,2592.4420024420024,1.1870470084140123,1.0,0.0,3648.119475192356,4576.882897834575,15.0,19.0,1.0,0.4048362427684666,0.510310033613587,61.0
2025-12-26 15:23:40.641,2,2025-12-26 15:23:40.543,72664.41269841269,227.07628968253965,13487.689865689868,157.0,30584943.263157982,62890497.674252376,0.0057924746743167,0.0119108154590597,3.0656392581718905,13487.689865689868,10324.076923076924,6479.4310134310135,5401.853479853478,5000.258852258852,1.3064305861127556,2.0,5.0,5530.365563247875,7930.352935037153,15.0,19.0,1.0,0.5600170513068564,0.6323598537535623,98.0
2025-12-26 15:23:41.212,2,2025-12-26 15:23:41.176,109982.44932844932,343.6951541514041,29082.01587301588,120.0,179054618.21500888,191539851.9735037,0.0148026255189666,0.0158347923610518,2.7256691245813127,29082.01587301588,25274.59829059829,5691.700854700855,5087.641025641025,4499.689865689866,1.1506420611967838,2.0,5.0,13381.129183107414,13839.792338525303,14.0,19.0,1.0,0.6331523468957015,0.8904088992953464,36.0
2025-12-26 15:23:41.705,2,2025-12-26 15:23:41.810,236464.9560439561,738.9529876373629,94781.01587301587,141.0,1227181235.1050465,1080807792.1067948,0.0219469983241201,0.0193292450401862,2.163640683625121,94781.01587301587,30892.641025641027,26200.234432234432,17314.59829059829,16649.136752136754,3.068077468493035,1.0,0.0,35031.146642738466,32875.64131856282,15.0,19.0,1.0,0.7858992278715521,0.9693049174104128,105.0
2025-12-26 15:23:42.205,2,2025-12-26 15:23:42.233,226560.2136752137,708.0006677350427,100194.01587301587,143.0,1372001711.9095798,1049400332.9607852,0.0267292862542933,0.0204443782041783,2.040380150275921,100194.01587301587,33525.59829059829,26788.641025641027,13900.819291819293,11317.136752136752,2.9885824856736614,1.0,0.0,37040.54146350428,32394.449107228003,15.0,19.0,1.0,0.8197653428216615,0.9231364288383296,28.0
2025-12-26 15:23:42.753,2,2025-12-26 15:23:42.655,73001.73748473747,228.13042963980465,25302.01587301588,141.0,114923576.28629084,71004476.15171176,0.0215646661385921,0.0133235309240889,2.5485529440490367,25302.01587301588,9535.641025641024,5613.598290598291,5311.4310134310135,4624.2344322344325,2.6534153084178533,2.0,5.0,10720.24142854492,8426.415379727714,15.0,19.0,1.0,0.6902153615926522,0.7642032973507158,98.0
2025-12-26 15:23:43.325,2,2025-12-26 15:23:43.289,107439.3663003663,335.74801968864466,19627.43101343101,152.0,84395920.27551165,113355655.42949286,0.0073112995384356,0.0098201091772584,3.2211422794176325,19627.43101343101,12093.598290598293,9631.258852258852,7268.689865689866,5262.076923076923,1.6229603912582404,2.0,4.0,9186.725220420583,10646.861294742825,15.0,19.0,1.0,0.5015205952947874,0.4710415248440451,36.0
2025-12-26 15:23:43.806,2,2025-12-26 15:23:43.711,149416.4114774115,466.9262858669109,37555.43101343101,144.0,308125801.91377264,293347936.9055217,0.013801664412769,0.0131397297993277,2.844412404532298,37555.43101343101,21154.59829059829,15410.402930402932,7654.076923076923,7396.819291819293,1.7752845266799488,2.0,4.0,17553.51252353137,17127.40309870477,15.0,19.0,1.0,0.5967974171485749,0.552486748178038,95.0
2025-12-26 15:23:44.305,2,2025-12-26 15:23:44.345,65073.66056166056,203.3551892551893,7045.076923076923,157.0,18570665.09972721,64640495.29923377,0.0043854784662124,0.0152649083195336,3.2230886884904906,7045.076923076923,6248.372405372405,5282.4310134310135,5076.857142857143,4948.258852258852,1.1275059273065056,1.0,0.0,4309.369455004666,8039.931299410075,15.0,19.0,1.0,0.4395172499923379,0.5814821704446499,40.0
2025-12-26 15:23:44.862,2,2025-12-26 15:23:44.767,79480.53235653236,248.37666361416365,18750.07692307692,149.0,51053155.18670391,127650835.97442064,0.0080816688834367,0.0202070133621796,2.920310380627081,18750.07692307692,15534.689865689868,4305.67032967033,3791.4310134310135,3691.857142857143,1.2069810910411154,1.0,0.0,7145.149066793772,11298.266945616951,15.0,19.0,1.0,0.5796856652651494,0.8249484642002832,95.0
2025-12-26 15:23:45.397,2,2025-12-26 15:23:45.401,59300.07692307692,185.31274038461532,11118.015873015873,136.0,27766413.212144256,39085857.980273485,0.0078960387135831,0.0111149915333993,3.205443073567664,11118.015873015873,7609.234432234432,6749.819291819293,2792.402930402931,2630.3724053724054,1.4611214797005057,2.0,3.0,5269.3845192910585,6251.868359160602,15.0,19.0,1.0,0.521075967117668,0.8593642528739109,4.0
2025-12-26 15:23:45.883,2,2025-12-26 15:23:45.824,104727.8034188034,327.27438568376067,13523.015873015873,114.0,58048726.32456529,121820954.6204315,0.0052925955316962,0.0111070316424535,3.1484310129991604,13523.015873015873,10892.404151404153,10587.641025641024,9113.853479853478,6410.246642246642,1.2415088244105748,1.0,0.0,7618.97147419291,11037.25303780028,15.0,19.0,1.0,0.4824617677705323,0.7080675480017198,59.0
2025-12-26 15:23:46.421,2,2025-12-26 15:23:46.457,90104.91575091574,281.57786172161167,18090.24664224664,144.0,58477695.0464994,117645429.35736188,0.0072026660005331,0.0144903237632161,2.9530758128068726,18090.24664224664,8756.404151404151,8269.162393162393,6652.853479853478,6097.0,2.065944687962316,1.0,0.0,7647.071010949186,10846.447775993847,15.0,19.0,1.0,0.5312214796247636,0.4797661865507263,36.0
2025-12-26 15:23:46.995,2,2025-12-26 15:23:47.091,158730.25030525032,496.0320322039073,31434.162393162394,148.0,311192944.27878404,388672950.4265669,0.0123512337069971,0.0154264116027194,2.6548067177523382,31434.162393162394,27819.540903540903,23620.24664224664,22013.1684981685,10478.431013431013,1.1299310258984283,1.0,0.0,17640.661673496947,19714.79014411685,15.0,19.0,1.0,0.726802542229298,0.1616381759779744,96.0
2025-12-26 15:23:47.498,2,2025-12-26 15:23:47.513,73838.60561660562,230.74564255189256,16069.162393162393,136.0,45467752.690288335,74504036.22722621,0.0083394328399253,0.0136651004207874,2.78755519371839,16069.162393162393,8609.246642246642,7427.431013431013,5839.168498168498,5653.598290598291,1.866500410652327,2.0,4.0,6742.978028311255,8631.572060014689,15.0,19.0,1.0,0.5904581549655011,0.3564102567494533,15.0
2025-12-26 15:23:48.007,2,2025-12-26 15:23:47.936,110458.9523809524,345.18422619047624,21108.162393162394,153.0,114634877.44133356,163546911.22107652,0.0093953925708625,0.0134041878786881,2.835237901218375,21108.162393162394,14948.136752136752,12887.431013431013,10283.853479853478,6347.372405372405,1.412093208883956,1.0,0.0,10706.767833540314,12788.546094888055,15.0,19.0,1.0,0.5936590437486643,0.4946148316997516,71.0
2025-12-26 15:23:48.539,2,2025-12-26 15:23:48.570,95883.35164835164,299.63547390109886,22149.1684981685,120.0,66710457.32300948,95397343.77708314,0.0072561709312196,0.0103764756023052,3.08817475915418,22149.1684981685,7434.1623931623935,6407.689865689866,6048.540903540904,4880.402930402931,2.979376468630457,2.0,4.0,8167.646988148391,9767.156381316066,15.0,19.0,1.0,0.4893442269627911,0.3767834631684152,31.0
2025-12-26 15:23:49.087,2,2025-12-26 15:23:48.992,121832.41514041512,380.72629731379726,32190.1684981685,107.0,237113573.19272867,171711487.08778796,0.015974626329946,0.0115684092051415,2.7801037238905,32190.1684981685,15058.162393162393,14258.598290598293,10892.196581196582,9755.431013431013,2.1377222304883143,2.0,4.0,15398.492562349364,13103.872980450778,15.0,19.0,1.0,0.6743242894911897,0.2608984851466515,95.0
2025-12-26 15:23:49.584,2,2025-12-26 15:23:49.626,192122.9072039072,600.38408501221,33230.282051282054,103.0,692932331.6877255,266762404.57231212,0.0187729501158294,0.0072271376075313,3.0204146980791244,33230.282051282054,33209.19658119658,19030.01587301588,14466.598290598293,8287.582417582418,1.0006349286419178,2.0,6.0,26323.607877487568,16332.862718222796,15.0,19.0,1.0,0.5633043804548139,0.3537849553101677,42.0
2025-12-26 15:23:50.110,2,2025-12-26 15:23:50.048,194132.53724053723,606.6641788766789,39058.28205128205,120.0,628899036.4972577,346657315.0778505,0.0166872306228546,0.0091982182005281,2.836134131679335,39058.28205128205,28799.196581196586,20009.01587301588,16274.168498168498,15071.214896214897,1.3562281830036336,1.0,0.0,25077.859487947884,18618.73559288736,15.0,19.0,1.0,0.6140746914164598,0.271370500075259,62.0
2025-12-26 15:23:50.677,2,2025-12-26 15:23:50.682,314316.5286935287,982.2391521672772,89418.76434676435,153.0,2161019873.448689,1576795016.2392004,0.021873804278686,0.0159602907851938,2.288257370507199,89418.76434676435,84520.25885225885,24438.70085470085,22726.990231990232,21608.196581196586,1.0579565841494525,2.0,6.0,46486.77095097797,39708.878304973565,15.0,19.0,1.0,0.7721926424797247,0.0961264570963565,5.0
2025-12-26 15:23:51.242,2,2025-12-26 15:23:51.316,3590231.5665445663,11219.47364545177,977527.2588522588,126.0,326014010344.8785,202182644543.818,0.0252924757341838,0.0156855210780298,2.0823346780773093,977527.2588522588,869761.4029304029,477506.0,468179.7008547009,165551.76434676434,1.1239027801863477,0.0,0.0,570976.3658373947,449647.24456380017,15.0,19.0,1.0,0.8240488314327793,0.4917345285103663,74.0
2025-12-26 15:23:51.721,2,2025-12-26 15:23:51.738,14140628.385836383,44189.4637057387,5484356.258852259,120.0,5210853358151.742,4255280150351.776,0.0260598212923024,0.0212809366614342,1.7839902282039608,5484356.258852259,3062233.700854701,1585858.7643467644,1419522.402930403,1017083.9902319902,1.790965940098405,0.0,0.0,2282729.365945894,2062833.0398633275,15.0,19.0,1.0,0.88886114352638,0.1634618409218899,17.0
2025-12-26 15:23:52.224,2,2025-12-26 15:23:52.161,219645.21367521363,686.3912927350426,48034.59829059829,120.0,744385586.964975,569681778.0816896,0.0154295929040653,0.0118083397564199,2.807726667783773,48034.59829059829,31275.25885225885,22689.40293040293,20363.43101343101,17950.015873015873,1.5358657307204815,2.0,5.0,27283.43063042064,23868.007417496952,15.0,19.0,1.0,0.6388152266645101,0.5730044728030965,63.0
2025-12-26 15:23:52.827,2,2025-12-26 15:23:52.794,102519.91941391942,320.3747481684982,24287.43101343101,158.0,130907078.10876653,126331946.46949574,0.0124550827447792,0.0120197843334279,2.8087123512376104,24287.43101343101,12088.598290598293,10156.853479853478,9130.162393162393,8131.819291819293,2.009118876281806,1.0,0.0,11441.463110492754,11239.74850561594,15.0,19.0,1.0,0.6222679927331491,0.5268066074273325,33.0
2025-12-26 15:23:53.389,2,2025-12-26 15:23:53.428,107575.57753357753,336.17367979242977,34627.431013431014,159.0,216219973.04884857,182759737.20966697,0.0186839388066349,0.0157925824251705,2.4222942222190995,34627.431013431014,16564.59829059829,13925.402930402932,13516.258852258852,5293.819291819293,2.090447978631797,2.0,4.0,14704.420187441889,13518.865973507798,15.0,19.0,1.0,0.7801725289581953,0.452446732568329,39.0
2025-12-26 15:23:53.919,2,2025-12-26 15:23:53.850,349243.5579975581,1091.386118742369,146987.0158730159,156.0,2949640076.793968,2235831790.7386904,0.0241831136747821,0.0183308379820682,2.0720792713032226,146987.0158730159,64149.23443223443,31011.641025641027,19926.01343101343,12836.689865689868,2.2913292290071965,2.0,5.0,54310.58899325221,47284.58301326861,15.0,19.0,1.0,0.7871601016890225,0.97995070623139,69.0
2025-12-26 15:23:54.473,2,2025-12-26 15:23:54.484,32437.213675213672,101.36629273504272,6194.700854700855,144.0,11296440.259661391,10869194.45173048,0.010736297238165,0.0103302367551926,3.1550387332789604,6194.700854700855,3998.015873015873,3871.8534798534783,2209.5982905982905,1307.4310134310135,1.549443786981861,0.0,0.0,3361.0177416463293,3296.846137102925,15.0,19.0,1.0,0.5420194128768107,0.5785567218465416,11.0
2025-12-26 15:23:55.066,2,2025-12-26 15:23:55.118,85937.71184371183,268.5553495115995,25089.59829059829,159.0,78591062.72411872,136958812.46377426,0.0106415671356784,0.018544810912816,2.8768374862457566,25089.59829059829,8334.015873015873,7918.689865689866,7542.076923076923,3709.4847374847377,3.0105052201581635,2.0,5.0,8865.160050676961,11702.94033411152,15.0,19.0,1.0,0.6119998375743748,0.8765580079253711,52.0
2025-12-26 15:23:55.547,2,2025-12-26 15:23:55.540,29804.034188034188,93.13760683760684,4283.689865689866,155.0,6242687.441141293,12685566.994460564,0.0070278338489406,0.0142810380877207,3.09135822962383,4283.689865689866,3489.5982905982905,3089.7228327228327,2372.641025641026,2130.015873015873,1.2275595953923395,3.0,5.0,2498.537060189681,3561.6803610740485,15.0,19.0,1.0,0.5155566454770887,0.8544840157341708,7.0
2025-12-26 15:23:56.024,2,2025-12-26 15:23:55.963,111844.48473748472,349.51401480463977,42909.23443223443,151.0,240334756.8822996,200206117.5230429,0.0192126573013118,0.0160047243082703,2.3801971886350133,42909.23443223443,13819.01343101343,11650.225885225886,9446.015873015873,6509.0,3.105086672535677,2.0,5.0,15502.733851882367,14149.421102046646,15.0,19.0,1.0,0.7540245709874012,0.9763784383454992,61.0
2025-12-26 15:23:56.590,2,2025-12-26 15:23:56.597,71027.9010989011,221.962190934066,17307.015873015873,158.0,60908189.54419955,70083024.48721892,0.0120730702582781,0.01389168328395,2.9054972940751083,17307.015873015873,11994.598290598293,4972.136752136752,4756.641025641025,3706.6898656898657,1.4429008336677822,2.0,5.0,7804.369900523651,8371.56045712022,15.0,19.0,1.0,0.6016942799361756,0.8620887274155897,7.0
2025-12-26 15:23:57.167,1,2025-12-26 15:23:57.230,71644.76068376069,223.8898771367521,12662.431013431013,159.0,80945010.91886179,49605192.90249753,0.0157696194568203,0.0096640300158668,2.98600465619568,12662.431013431013,12087.196581196582,5925.598290598291,5723.015873015873,4814.168498168498,1.0475903927241694,1.0,0.0,8996.944532387748,7043.095406317987,15.0,19.0,1.0,0.5752327157364775,0.3647288116468088,63.0
2025-12-26 15:23:57.641,1,2025-12-26 15:23:57.653,79490.99755799756,248.4093673687424,19285.28205128205,103.0,74249397.1985657,49068845.523644544,0.011750518697992,0.0077655093316448,3.205188580365684,19285.28205128205,6539.46398046398,5277.076923076923,4226.214896214896,3904.258852258852,2.949061591116952,2.0,4.0,8616.808991649154,7004.915811317403,15.0,19.0,1.0,0.4935438969006756,0.2113645324593982,12.0
2025-12-26 15:23:58.123,1,2025-12-26 15:23:58.075,157393.0525030525,491.8532890720391,47479.43101343101,154.0,437245846.64658415,347167339.15595335,0.017650400992507,0.0140141817117295,2.637199568430393,47479.43101343101,21556.59829059829,15737.196581196582,12309.162393162393,8433.402930402932,2.202547469381406,2.0,4.0,20910.42435357504,18632.427087096123,15.0,19.0,1.0,0.6703967521485369,0.3417772216744864,48.0
2025-12-26 15:23:58.679,1,2025-12-26 15:23:58.709,66581.35164835166,208.06672390109887,11874.442002442003,154.0,44011173.453843184,39628731.56681759,0.0099279077571758,0.0089393297350242,2.931849217395099,11874.442002442003,10084.234432234432,7503.641025641025,5019.015873015873,4702.076923076923,1.1775253820442693,2.0,3.0,6634.091758021077,6295.135547930448,15.0,19.0,1.0,0.5885042776445306,0.8637687750112757,30.0
2025-12-26 15:23:59.249,1,2025-12-26 15:23:59.343,31177.28571428572,97.42901785714288,3712.234432234433,157.0,5476007.575369939,7932510.07960097,0.0056336185062022,0.008160824281193,3.52361071246274,3712.234432234433,3422.015873015873,2814.076923076923,2800.334554334554,1625.4420024420024,1.0848092381762393,2.0,4.0,2340.0870871337115,2816.471210504551,15.0,19.0,1.0,0.4610441048919462,0.8951647471036298,94.0
2025-12-26 15:23:59.769,1,2025-12-26 15:23:59.765,52565.63858363859,164.2676205738706,11799.603174603177,125.0,33164883.23160781,26179230.66756145,0.0120025792752935,0.0094744277933756,2.841482164986261,11799.603174603177,7664.853479853478,7046.442002442002,5275.225885225886,3241.2344322344325,1.5394427572054772,2.0,3.0,5758.896008056388,5116.564342169601,15.0,19.0,1.0,0.6663546742350585,0.9558342987329016,4.0
2025-12-26 15:24:00.277,1,2025-12-26 15:24:00.187,31242.5811965812,97.63306623931624,7965.442002442002,133.0,14909786.305830782,11343335.007432615,0.0152748728781487,0.0116210921269225,2.820761824858553,7965.442002442002,3719.603174603176,3020.641025641026,2715.4420024420024,2473.3833943833943,2.1414762888758028,1.0,0.0,3861.319244226095,3367.986788488431,15.0,19.0,1.0,0.6367755427867136,0.9652110621699812,90.0
2025-12-26 15:24:00.844,1,2025-12-26 15:24:00.821,52323.11111111111,163.50972222222222,6854.106227106227,119.0,15141307.92826925,22759897.02606136,0.0055306512490395,0.0083134860945652,3.2646365286550765,6854.106227106227,5503.442002442002,5498.689865689866,4444.076923076923,3556.8534798534783,1.2454217240889718,1.0,0.0,3891.18335834605,4770.733384508231,15.0,19.0,1.0,0.4941825504844089,0.91229175022823,23.0
2025-12-26 15:24:01.343,1,2025-12-26 15:24:01.244,17685.776556776556,55.26805173992674,2134.076923076923,137.0,1523276.467928166,1895958.039379223,0.0048700168672807,0.0060615048061445,3.6687738950533744,2134.076923076923,1514.924297924298,1295.1062271062272,1084.857142857143,1009.6703296703296,1.4087020229324725,1.0,0.0,1234.2108685018804,1376.9379213963216,15.0,19.0,1.0,0.397982802623251,0.8316832072791619,99.0
2025-12-26 15:24:01.839,1,2025-12-26 15:24:01.877,16342.030525030525,51.06884539072039,2050.6898656898657,123.0,1553127.832390881,1824737.322134751,0.0058156085674443,0.0068326365561335,3.682242083252623,2050.6898656898657,1844.722832722833,1604.4847374847377,1154.133089133089,695.8192918192926,1.1116520212751482,1.0,0.0,1246.2454944315268,1350.828383672312,15.0,18.0,0.9473684210526316,0.4497513210241442,0.7487390843613279,38.0
2025-12-26 15:24:02.365,1,2025-12-26 15:24:02.300,32822.92918192918,102.5716536935287,9240.076923076924,149.0,13157423.627132038,12910394.663343797,0.0122128264708473,0.0119835321991482,2.839209572637973,9240.076923076924,5409.700854700855,3326.6898656898657,2610.948717948718,1518.990231990232,1.7080569094769609,1.0,0.0,3627.316311976671,3593.1037646224186,15.0,19.0,1.0,0.6735049900901808,0.5324281370802192,65.0
2025-12-26 15:24:02.934,1,2025-12-26 15:24:02.934,16535.117216117214,51.672241300366295,1807.6898656898657,139.0,2237729.265352099,1871715.006854076,0.008184515693812,0.0068458151238998,3.387111596585456,1807.6898656898657,1781.6703296703297,1694.0,1369.4786324786326,813.9487179487179,1.0146040126420783,1.0,0.0,1495.904163157553,1368.1063580197542,15.0,19.0,1.0,0.4515714916437979,0.718721932770267,0.0
2025-12-26 15:24:03.426,1,2025-12-26 15:24:03.356,14246.214896214897,44.51942155067155,2788.8534798534783,135.0,1585536.5369147635,1611295.4791264697,0.0078122704942797,0.0079391901959196,3.2104211922810086,2788.8534798534783,1737.948717948718,1367.6898656898657,1322.4041514041514,724.4786324786324,1.6046811111570238,1.0,0.0,1259.1808992018437,1269.3681416856457,15.0,19.0,1.0,0.5574375302652669,0.5839452674702722,70.0
2025-12-26 15:24:03.928,1,2025-12-26 15:24:03.990,22458.47619047619,70.1827380952381,3236.6898656898657,152.0,3459214.897102601,3484516.7462986656,0.0068583077723977,0.0069084717183101,3.417996553029181,3236.6898656898657,2449.076923076923,1960.948717948718,1513.7008547008545,1407.4786324786326,1.321595836860075,1.0,0.0,1859.8964748347155,1866.6860331342991,15.0,19.0,1.0,0.4705526280708206,0.5405707627458428,62.0
2025-12-26 15:24:04.460,1,2025-12-26 15:24:04.412,15489.200244200243,48.40375076312576,2196.6898656898657,127.0,1591959.4139166127,1159606.1827474874,0.0066355053358599,0.0048333977272615,3.5700999043007906,2196.6898656898657,1949.076923076923,1109.4847374847377,1067.4041514041514,913.948717948718,1.127041134026111,1.0,0.0,1261.7287402277134,1076.8501208373834,14.0,19.0,1.0,0.467203230735789,0.6224245417362754,48.0
2025-12-26 15:24:05.031,1,2025-12-26 15:24:05.046,67230.98046398046,210.09681394993896,11327.035409035409,147.0,48734366.95116205,38145751.76281808,0.0107819282982112,0.0084393167720887,2.8970972815615874,11327.035409035409,8617.783882783882,8316.076923076924,7146.540903540904,4863.689865689866,1.3143791446966544,1.0,0.0,6981.000426239927,6176.224717642493,15.0,19.0,1.0,0.598996574290657,0.3046864677861469,15.0
2025-12-26 15:24:05.528,1,2025-12-26 15:24:05.468,53773.81440781441,168.04317002442002,11062.076923076924,127.0,28464761.28938659,28156313.051276244,0.0098438697395305,0.0097372001544082,2.9579875294721902,11062.076923076924,6447.689865689866,5289.948717948718,4864.246642246642,4601.853479853478,1.7156651689995064,1.0,0.0,5335.23769755262,5306.252260426019,15.0,19.0,1.0,0.6000283964257176,0.5691565362391283,60.0
2025-12-26 15:24:06.003,1,2025-12-26 15:24:06.102,33629.694749694754,105.0927960927961,9824.853479853478,117.0,10619503.782026306,9327881.622081636,0.0093898439175095,0.0082477820348438,3.116313213172634,9824.853479853478,2771.7008547008545,2326.5409035409034,1772.6898656898657,1743.1684981684982,3.5447019699787607,1.0,0.0,3258.758012192115,3054.1580872773493,15.0,19.0,1.0,0.5482938141185603,0.5340837433630214,99.0
2025-12-26 15:24:06.562,1,2025-12-26 15:24:06.524,83223.84126984126,260.0745039682539,16991.1684981685,157.0,94918957.84577817,89393022.06121422,0.0137043186103615,0.0129064886896505,2.6487877506755417,16991.1684981685,14765.246642246642,12459.540903540905,10813.162393162393,3807.404151404152,1.1507541262163443,1.0,0.0,9742.636083000234,9454.788313929308,15.0,19.0,1.0,0.7069671585784291,0.1553551255021854,38.0
2025-12-26 15:24:07.121,1,2025-12-26 15:24:07.158,84942.21978021978,265.4444368131868,13802.28205128205,123.0,67491797.98617724,49230898.43830722,0.0093541382788976,0.0068232384575175,3.1355636789808083,13802.28205128205,10271.582417582418,9240.162393162393,6559.0,6431.853479853478,1.3437347324064304,2.0,3.0,8215.339188747914,7016.473361903914,15.0,19.0,1.0,0.5451338623088664,0.3353286852552375,37.0
2025-12-26 15:24:07.639,1,2025-12-26 15:24:07.581,48946.62271062272,152.95819597069598,5670.076923076923,110.0,16130729.881125228,18628907.601674154,0.0067329991018583,0.0077757435078892,3.3492386170828143,5670.076923076923,4899.700854700855,3323.6898656898657,3231.168498168498,3216.162393162393,1.1572292046433403,2.0,3.0,4016.3079913180495,4316.121824239227,15.0,19.0,1.0,0.4155710324500822,0.5104755662668387,58.0
2025-12-26 15:24:08.119,1,2025-12-26 15:24:08.214,54806.35409035409,171.26985653235653,9076.641025641024,142.0,34048637.26003515,35940331.84499302,0.0113354276721007,0.0119652081529384,2.899561424910074,9076.641025641024,8632.383394383394,8279.442002442003,4840.442002442002,4416.2344322344325,1.051464075558279,1.0,0.0,5835.121015029178,5995.025591687913,15.0,19.0,1.0,0.6430849751296511,0.9108607586386128,95.0
2025-12-26 15:24:08.674,1,2025-12-26 15:24:08.637,76500.78876678876,239.0649648962149,22783.641025641027,131.0,90723183.18505543,69427145.56088012,0.0155019543558656,0.0118630806785898,2.857827240491914,22783.641025641027,7486.383394383394,6382.136752136752,5513.442002442002,4802.700854700855,3.043344139004589,1.0,0.0,9524.871819875343,8332.295335673125,15.0,18.0,0.9473684210526316,0.6139584282259549,0.8855043846579485,37.0
2025-12-26 15:24:09.256,1,2025-12-26 15:24:09.271,31990.852258852257,99.9714133089133,6660.076923076923,155.0,6642563.7953715045,8097701.929649219,0.0064905890652984,0.0079124352008858,3.2107162728457666,6660.076923076923,3243.6898656898657,2026.7960927960928,1799.3345543345542,1770.4420024420024,2.0532409690340137,1.0,0.0,2577.317170115371,2845.646135704371,15.0,19.0,1.0,0.4845241168606197,0.869659397443717,15.0
2025-12-26 15:24:09.767,1,2025-12-26 15:24:09.693,50346.36630036631,157.3323946886447,9742.383394383394,133.0,22045424.584684383,31529136.34257554,0.0086972550294264,0.0124387234446572,3.184449026445279,9742.383394383394,5115.442002442002,4710.924297924298,3063.641025641026,3050.670329670329,1.904504711368184,1.0,0.0,4695.255539870474,5615.081151913616,15.0,19.0,1.0,0.5101274021810325,0.9524434082686694,74.0
2025-12-26 15:24:10.292,1,2025-12-26 15:24:10.327,32641.96581196581,102.00614316239316,5999.106227106227,158.0,7827164.081880668,9312089.284503644,0.0073460152725752,0.0087396596504096,3.1173790986214844,5999.106227106227,3866.6898656898657,3311.4420024420024,2809.076923076923,1855.163614163614,1.5514836812583004,1.0,0.0,2797.7069328077714,3051.571608942455,15.0,19.0,1.0,0.54658100971167,0.8857116673031629,35.0
2025-12-26 15:24:10.865,1,2025-12-26 15:24:10.960,19532.516483516483,61.03911401098901,3015.924297924298,154.0,1849916.1512781228,4827477.601278916,0.0048488153424801,0.0126533018495935,3.4832586476489387,3015.924297924298,1976.6703296703297,1856.8534798534783,832.4786324786324,789.8107448107448,1.525759886538981,1.0,0.0,1360.116227121095,2197.1521570612526,15.0,19.0,1.0,0.4337248347844151,0.8155476753925021,95.0
2025-12-26 15:24:11.400,1,2025-12-26 15:24:11.383,12259.858363858366,38.31205738705739,2161.076923076923,137.0,1250816.523442031,1126303.6696126638,0.0083219040458821,0.0074934979586364,3.1134546392779523,2161.076923076923,1614.924297924298,1532.6898656898657,743.1062271062272,601.6703296703297,1.338190852570161,1.0,0.0,1118.3990895212812,1061.274549592453,15.0,19.0,1.0,0.5427034673647855,0.7841587503176389,17.0
2025-12-26 15:24:11.919,1,2025-12-26 15:24:12.017,20731.22954822955,64.78509233821734,5205.076923076923,136.0,6871860.021922153,5613092.49449033,0.0159891060702506,0.0130602676699211,2.640943829744629,5205.076923076923,3828.857142857143,2450.670329670329,2358.924297924298,1002.4041514041514,1.3594335669550386,1.0,0.0,2621.423281715899,2369.196592621712,15.0,19.0,1.0,0.7161144403130674,0.8254885761878906,98.0
2025-12-26 15:24:12.468,1,2025-12-26 15:24:12.439,10925.351648351649,34.1417239010989,1314.6898656898657,141.0,662016.260857438,762868.3170554452,0.0055462291419315,0.0063911458700866,3.454951238520054,1314.6898656898657,961.0769230769232,890.4041514041514,808.8192918192926,683.7008547008545,1.3679340686689987,1.0,0.0,813.6438169478325,873.4233320993006,15.0,19.0,1.0,0.4264110883235082,0.5889308989196098,29.0
2025-12-26 15:24:13.045,1,2025-12-26 15:24:13.073,14339.16971916972,44.80990537240537,1910.7008547008545,157.0,861914.2804707079,1583202.8875875317,0.004191949731427,0.007699961666481,3.687944744663473,1910.7008547008545,1148.4041514041514,713.1684981684982,654.1330891330891,625.2588522588524,1.6637878331970333,1.0,0.0,928.3933867012992,1258.253904260794,15.0,19.0,1.0,0.3522983230271438,0.3968749414583442,28.0
2025-12-26 15:24:13.558,1,2025-12-26 15:24:13.495,31137.75335775336,97.30547924297926,3486.4041514041514,134.0,8089076.994788475,5985430.124686886,0.0083430418228734,0.0061733488122714,3.528891861963314,3486.4041514041514,2945.8534798534783,2090.2466422466423,2071.0,1883.3345543345545,1.1834954369748136,1.0,0.0,2844.130270361833,2446.513871754437,15.0,19.0,1.0,0.4006981070370534,0.6038434119603817,63.0
2025-12-26 15:24:14.083,1,2025-12-26 15:24:14.129,45967.78998778999,143.64934371184373,8023.540903540904,140.0,24033933.431071296,19359349.862043865,0.0113741147377408,0.0091618572220177,2.940526591142416,8023.540903540904,6805.168498168498,6065.0,4722.246642246642,3723.404151404152,1.1790363318261894,1.0,0.0,4902.441578547499,4399.926120066548,15.0,19.0,1.0,0.6382590984502999,0.2689694594239897,46.0
2025-12-26 15:24:14.631,1,2025-12-26 15:24:14.551,48184.51282051281,150.57660256410253,8210.246642246642,149.0,19533531.146827534,21973362.543759488,0.0084132891425555,0.0094641491661313,3.035704598487896,8210.246642246642,7840.540903540904,4825.076923076923,4759.689865689866,2295.168498168498,1.0471530909988271,1.0,0.0,4419.675457183201,4687.575337395601,15.0,19.0,1.0,0.5796618290354855,0.3648549445512539,80.0
2025-12-26 15:24:15.207,1,2025-12-26 15:24:15.185,43549.07814407814,136.0908692002442,11707.035409035409,153.0,23687201.49561541,25432165.427668408,0.0124898097189159,0.0134098959301025,2.793080184585869,11707.035409035409,10535.582417582418,1778.2466422466423,1735.5409035409036,1566.6898656898657,1.1111901501996593,1.0,0.0,4866.949917105724,5043.031372861804,15.0,19.0,1.0,0.6274092679458942,0.1532115885702298,22.0
2025-12-26 15:24:15.721,1,2025-12-26 15:24:15.819,130607.64102564105,408.14887820512826,35321.168498168496,116.0,298276280.4778644,237392459.86722583,0.0174856406048973,0.0139164912104329,2.548572421805747,35321.168498168496,29577.162393162394,12330.540903540905,11828.246642246642,4854.076923076923,1.194204096682811,2.0,4.0,17270.676896921683,15407.545549737177,15.0,19.0,1.0,0.7190329342351254,0.1604008755618438,98.0
2025-12-26 15:24:16.221,1,2025-12-26 15:24:16.241,37598.094017094016,117.4940438034188,8863.168498168498,145.0,12898717.677761707,12806799.479268694,0.0091246219131198,0.0090595984876028,3.107995234417724,8863.168498168498,4633.076923076923,3072.196581196581,2944.162393162393,2170.948717948718,1.913019931531888,2.0,3.0,3591.478480759937,3578.65889395297,15.0,19.0,1.0,0.576719476888751,0.280344206001914,20.0
2025-12-26 15:24:16.760,1,2025-12-26 15:24:16.664,81936.83272283273,256.0526022588523,26506.162393162394,140.0,134149183.96615969,119924605.24352552,0.0199815737687944,0.0178628171675761,2.316423738138111,26506.162393162394,20120.43101343101,6873.196581196581,5514.168498168498,5380.136752136752,1.3173754764730132,2.0,5.0,11582.278876203924,10951.00932533278,15.0,19.0,1.0,0.7858992482162448,0.2063497170294026,96.0
2025-12-26 15:24:17.303,1,2025-12-26 15:24:17.298,17035.90476190476,53.237202380952375,1896.136752136752,156.0,1265676.093215556,1708270.891292591,0.0043610610861825,0.0058860823465089,3.654252092430654,1896.136752136752,1285.162393162393,1118.924297924298,990.015873015873,939.7008547008544,1.475406347262825,1.0,0.0,1125.022707866626,1307.008374606908,15.0,19.0,1.0,0.3656947052715998,0.6577608908455976,5.0
2025-12-26 15:24:17.788,1,2025-12-26 15:24:17.720,29442.68253968254,92.00838293650794,6333.442002442002,151.0,7883180.987152598,9676040.464635585,0.0090938281922826,0.0111620232632453,3.115022322437284,6333.442002442002,3718.4420024420015,3054.6031746031745,1828.3345543345545,1589.076923076923,1.703251522621828,1.0,0.0,2807.70030223181,3110.6334507035035,15.0,19.0,1.0,0.561222593580845,0.8743564460439945,68.0
2025-12-26 15:24:18.306,1,2025-12-26 15:24:18.354,86425.75213675214,270.08047542735045,19353.3833943834,132.0,73369131.4063363,92990187.4421576,0.0098226131909322,0.0124494678387008,3.003677221667272,19353.3833943834,9523.442002442003,8826.641025641025,6623.853479853478,4732.076923076923,2.0321836778570987,1.0,0.0,8565.57828791123,9643.141990148108,15.0,19.0,1.0,0.5676479013774642,0.8882323363489989,48.0
2025-12-26 15:24:18.871,1,2025-12-26 15:24:18.776,41868.31257631258,130.83847680097682,7047.442002442002,149.0,14826647.245833002,16924311.74237417,0.008458084884096,0.0096547292822479,3.0882463712330512,7047.442002442002,6586.442002442002,6432.853479853478,2173.8192918192926,2092.641025641026,1.0699922659044152,2.0,4.0,3850.538565685714,4113.916837075608,15.0,19.0,1.0,0.5811841057087163,0.8503166273881149,95.0
2025-12-26 15:24:19.375,1,2025-12-26 15:24:19.410,36868.46153846154,115.2139423076923,8677.383394383394,147.0,19297298.901583776,16938176.438756496,0.014196670174553,0.0124611068878492,2.750448434652355,8677.383394383394,5970.924297924298,5608.442002442002,2618.8571428571427,1961.4420024420024,1.4532730547929575,1.0,0.0,4392.869096795826,4115.601588924334,15.0,19.0,1.0,0.673666537838524,0.9300003941014352,35.0
2025-12-26 15:24:19.848,1,2025-12-26 15:24:19.832,42237.11843711844,131.9909951159951,11743.106227106227,108.0,22078885.471093465,21154639.12266381,0.0123762360433626,0.0118581532359058,2.85351203449038,11743.106227106227,5491.442002442002,4576.853479853478,2865.924297924298,2214.094017094017,2.138437631114381,1.0,0.0,4698.817454540394,4599.417259030084,15.0,19.0,1.0,0.6366774301721047,0.8846860853024462,16.0
2025-12-26 15:24:20.369,1,2025-12-26 15:24:20.466,17618.996336996337,55.05936355311356,2059.6898656898657,105.0,1445449.3158086252,2124824.583502454,0.0046562955367092,0.0068447998253869,3.65819714079012,2059.6898656898657,1671.924297924298,1542.076923076923,1194.7008547008545,1171.4847374847377,1.2319277064432574,1.0,0.0,1202.2684042295318,1457.6778051073063,15.0,19.0,1.0,0.4336158843982529,0.7078934671881525,97.0
2025-12-26 15:24:20.930,1,2025-12-26 15:24:20.888,25665.26129426129,80.20394154456655,5608.853479853478,148.0,6928002.264441799,6102829.292990569,0.0105175997776644,0.0092648809231088,3.122389947565793,5608.853479853478,3485.7008547008545,1656.076923076923,1640.8192918192926,1300.5335775335775,1.609103509926191,1.0,0.0,2632.109850375132,2470.390514269064,15.0,19.0,1.0,0.5334831377713305,0.5766922017374877,42.0
2025-12-26 15:24:21.478,1,2025-12-26 15:24:21.522,10170.515262515262,31.7828601953602,1532.3345543345542,148.0,651589.9002207008,500053.2439596816,0.0062992440188567,0.0048342637064448,3.595449242669031,1532.3345543345542,737.6703296703297,642.4041514041514,545.9242979242979,507.013431013431,2.077262013530202,2.0,7.0,807.2111868778212,707.1444293492536,15.0,19.0,1.0,0.3898865162673879,0.7035213475904425,44.0
2025-12-26 15:24:21.977,1,2025-12-26 15:24:21.945,29263.04884004884,91.44702762515264,4974.168498168498,148.0,7437611.278770814,6176602.634902339,0.008685490152882,0.0072129100799921,3.032586323614198,4974.168498168498,3134.0,2526.4041514041514,2521.8534798534783,2228.334554334554,1.5871628902893782,1.0,0.0,2727.198430399008,2485.277174663289,15.0,19.0,1.0,0.5257401840749032,0.5144016609560936,32.0
2025-12-26 15:24:22.530,1,2025-12-26 15:24:22.578,22429.730158730155,70.09290674603173,3855.404151404152,157.0,4163941.12219744,4849361.485724045,0.0082766860579891,0.0096390994543795,3.230397042142407,3855.404151404152,3066.2466422466423,2966.168498168498,1279.5409035409036,1116.6898656898657,1.257369220819769,1.0,0.0,2040.573723783936,2202.126582584217,15.0,19.0,1.0,0.5476682052845956,0.2846083568332044,48.0
2025-12-26 15:24:23.108,1,2025-12-26 15:24:23.212,22894.34920634921,71.54484126984127,5991.540903540904,145.0,5082399.824796387,5128244.138100963,0.0096964379300078,0.0097839018355889,3.123935795960277,5991.540903540904,2521.168498168498,1840.2466422466423,1091.4041514041514,1033.035409035409,2.376493640901463,1.0,0.0,2254.417846096057,2264.562681424597,15.0,19.0,1.0,0.5449989205604825,0.2377342287703373,104.0
2025-12-26 15:24:23.624,1,2025-12-26 15:24:23.635,27148.760683760684,84.83987713675214,3731.6898656898657,157.0,4044734.887745265,5833061.101638717,0.0054876959706333,0.0079140084065595,3.404007473889319,3731.6898656898657,3726.076923076923,2177.8534798534783,1747.4786324786326,1384.5409035409036,1.0015063947223362,1.0,0.0,2011.152626665929,2415.1730997257146,15.0,19.0,1.0,0.4702844433070726,0.604496817718661,11.0
2025-12-26 15:24:24.112,1,2025-12-26 15:24:24.057,31807.380952380947,99.39806547619044,11095.540903540905,132.0,15107220.389557667,14439349.48103391,0.0149323700554972,0.0142722290568082,2.505278426294793,11095.540903540905,5090.168498168498,3101.2466422466423,2231.334554334554,1856.162393162393,2.1797983519663497,2.0,3.0,3886.8007910822585,3799.914404435173,15.0,19.0,1.0,0.7348751230554416,0.2036686411202594,55.0
2025-12-26 15:24:24.670,1,2025-12-26 15:24:24.691,47097.33455433456,147.1791704822955,7682.168498168498,146.0,28816627.848399475,25171095.925831147,0.0129912368140056,0.0113477423437901,2.8693518591690905,7682.168498168498,7330.246642246642,7113.1623931623935,6571.540903540904,2852.4041514041514,1.0480095518058783,1.0,0.0,5368.112130758771,5017.080418513455,15.0,19.0,1.0,0.6698791531848652,0.1861011242739225,21.0
2025-12-26 15:24:25.201,1,2025-12-26 15:24:25.113,53192.42490842491,166.22632783882784,10441.853479853478,147.0,33906971.29373326,25954674.16493932,0.0119836583865098,0.0091730973560381,3.133126516755546,10441.853479853478,7074.1623931623935,6465.700854700855,2537.168498168498,2432.8192918192926,1.4760551001691289,2.0,3.0,5822.96928497251,5094.573011051988,15.0,19.0,1.0,0.5442824719411964,0.4555575357567789,88.0
2025-12-26 15:24:25.713,1,2025-12-26 15:24:25.747,44076.97802197802,137.7405563186813,11624.076923076924,147.0,20870241.5082896,26151290.91588373,0.0107424626561232,0.013460757795338,2.768519981625468,11624.076923076924,6167.689865689866,5026.1623931623935,2913.948717948718,2620.670329670329,1.884672734233673,2.0,3.0,4568.395944780794,5113.833289801666,15.0,19.0,1.0,0.6432507286549957,0.616496807602514,34.0
2025-12-26 15:24:26.222,1,2025-12-26 15:24:26.169,76126.09157509159,237.8940361721612,17654.076923076922,148.0,58493480.8665232,86132429.17222548,0.0100934677631338,0.0148627656335602,2.810378039610956,17654.076923076922,12076.853479853478,9420.689865689868,5389.0,3585.948717948718,1.461810971916308,2.0,3.0,7648.103089428332,9280.75585134236,15.0,19.0,1.0,0.63219545350093,0.8798092343066265,53.0
2025-12-26 15:32:59.847,2,2025-12-26 15:32:59.892,74583.02564102564,233.0719551282052,18468.162393162394,140.0,84426752.31049529,80562581.7990727,0.0151774946400782,0.0144828282503327,2.65532029015626,18468.162393162394,13739.431013431013,10572.196581196582,7191.168498168498,3483.015873015873,1.3441722859634766,2.0,4.0,9188.403142575717,8975.666092222498,15.0,19.0,1.0,0.7167042889390423,0.2104926440198272,45.0
2025-12-26 15:33:00.375,2,2025-12-26 15:33:00.314,83155.10134310134,259.8596916971917,16617.40293040293,148.0,51654945.85954342,77971588.75590612,0.0074702324575305,0.0112760914448229,3.122129163824796,16617.40293040293,6900.196581196581,5652.641025641025,5475.689865689866,5298.598290598291,2.4082506541456903,2.0,4.0,7187.137528915348,8830.15224987124,15.0,19.0,1.0,0.4803617342574745,0.6074182425744261,61.0
2025-12-26 15:33:01.738,1,2025-12-26 15:33:01.793,152418.07326007326,476.3064789377289,38988.819291819294,121.0,332303921.8038036,370086259.2448506,0.0143041656914345,0.0159305227083268,2.6562395227132827,38988.819291819294,23253.40293040293,14651.853479853478,14522.015873015873,11221.598290598293,1.676693059012074,2.0,6.0,18229.205188482672,19237.626133305806,15.0,19.0,1.0,0.6733957966425476,0.9458354303785648,55.0
2025-12-26 15:33:02.297,1,2025-12-26 15:33:02.215,31510.809523809523,98.47127976190475,4292.689865689866,155.0,4579357.541590814,11943517.697730232,0.0046119589404525,0.0120285460845157,3.28935034068934,4292.689865689866,3537.015873015873,2922.402930402931,2505.076923076923,1976.6703296703297,1.2136473286529093,2.0,5.0,2139.943350089159,3455.939481201925,15.0,19.0,1.0,0.4834485737456144,0.8662592401475382,82.0
2025-12-26 15:33:02.857,1,2025-12-26 15:33:02.849,194351.7252747253,607.3491414835164,61341.01587301587,150.0,782990760.5427041,743134384.5929937,0.0207290708930667,0.0196739043646269,2.1483350476183163,61341.01587301587,41336.819291819294,36244.23443223443,10011.641025641024,7609.598290598291,1.4839316842443655,1.0,0.0,27981.97206314637,27260.49127570877,15.0,19.0,1.0,0.8054639530059576,0.9833762929077156,8.0
2025-12-26 15:33:03.408,1,2025-12-26 15:33:03.483,219017.4114774115,684.4294108669109,62716.258852258856,121.0,1205686864.8315537,457465724.7735824,0.0251349048751857,0.0095367692982608,2.665505750467756,62716.258852258856,29402.764346764347,26345.40293040293,15640.819291819293,13418.0,2.133005526711926,0.0,0.0,34723.0019559305,21388.448395654657,15.0,19.0,1.0,0.6735685735033887,0.4249632307153151,75.0
2025-12-26 15:33:03.949,1,2025-12-26 15:33:03.905,814630.5347985347,2545.7204212454208,446312.8192918193,111.0,20142341520.87093,15698063252.32661,0.0303520889215699,0.0236550954732518,1.831846283940305,446312.8192918193,81267.01343101343,66590.01587301587,53033.85347985348,34381.40293040293,5.491930864060647,1.0,0.0,141923.7172599102,125291.91215847338,15.0,19.0,1.0,0.8366800357841558,0.930713047218114,44.0
2025-12-26 15:33:04.494,1,2025-12-26 15:33:04.539,436336.0488400488,1363.5501526251526,93836.8192918193,111.0,3751874217.498704,1600107387.971897,0.0197063449593778,0.0084044043940378,2.8349910454448,93836.8192918193,62672.42124542125,45866.01587301587,35942.22588522588,29107.28205128205,1.4972585616942855,2.0,4.0,61252.54457978627,40001.34232712568,15.0,18.0,0.9473684210526316,0.612887165884375,0.7635161447518686,45.0
2025-12-26 15:33:05.088,1,2025-12-26 15:33:05.173,418929.3516483517,1309.154223901099,90647.2148962149,112.0,2914605689.608959,1120673678.4003189,0.0166072693375973,0.0063855394515637,2.9667108121569674,90647.2148962149,54430.45543345544,48603.22588522588,29561.28205128205,23737.764346764347,1.66537674862991,2.0,5.0,53987.08817494197,33476.46454451723,15.0,19.0,1.0,0.5895503421785935,0.5296811376593077,85.0
2025-12-26 15:33:05.622,1,2025-12-26 15:33:05.595,574026.2295482295,1793.831967338217,169330.76434676434,91.0,5917825221.255045,3638073575.8679695,0.0179596826947326,0.0110409896541052,2.6447630689247763,169330.76434676434,74726.2148962149,73747.99023199023,34614.60317460317,31463.25885225885,2.266015541961288,0.0,0.0,76927.40227808974,60316.44531856938,13.0,19.0,1.0,0.6687548612612259,0.2618501145185122,27.0
2025-12-26 15:33:06.155,1,2025-12-26 15:33:06.229,35974.23809523809,112.41949404761904,5615.760683760684,124.0,7857660.810674874,8679012.543368123,0.006071696690596,0.0067063637648522,3.468008639577264,5615.760683760684,4838.333333333333,2323.7008547008545,2273.8534798534783,1592.4932844932846,1.160680816484917,2.0,6.0,2803.1519421313706,2946.016385454793,15.0,19.0,1.0,0.4626683570636721,0.8240564294737753,74.0
2025-12-26 15:33:06.728,1,2025-12-26 15:33:06.651,39551.06227106227,123.5970695970696,8332.853479853478,109.0,11739634.816496674,11683117.231572945,0.0075047854824529,0.0074686555382537,3.298647131019972,8332.853479853478,3422.6898656898657,3061.076923076923,2309.8192918192926,2258.7008547008545,2.434592033412733,1.0,0.0,3426.315049217844,3418.0575231515554,15.0,19.0,1.0,0.4901294504376223,0.8345494549325063,77.0
2025-12-26 15:33:07.314,1,2025-12-26 15:33:07.285,23466.24175824176,73.33200549450551,5769.106227106227,146.0,5825471.772365551,6341323.773126255,0.0105789854775389,0.0115157664006727,3.199788551365032,5769.106227106227,2865.924297924298,1880.163614163614,1529.3345543345542,938.0940170940172,2.013000214723956,1.0,0.0,2413.601411245352,2518.198517418008,15.0,19.0,1.0,0.5532467808170616,0.9095982944246228,29.0
2025-12-26 15:33:07.841,1,2025-12-26 15:33:07.919,28485.261294261298,89.01644154456656,5526.106227106227,157.0,6823533.688211545,5695206.177903378,0.0084094757948997,0.0070188996916339,3.348777749136933,5526.106227106227,2306.0,1925.094017094017,1661.924297924298,1631.163614163614,2.3964033942340985,1.0,0.0,2612.189443400219,2386.463110526408,15.0,19.0,1.0,0.458141774494336,0.8717601275195926,78.0
2025-12-26 15:33:08.390,1,2025-12-26 15:33:08.341,32710.14285714285,102.21919642857142,9947.853479853478,147.0,23513306.95224714,11388974.663340488,0.0219760093730994,0.0106443646765579,2.840511262725072,9947.853479853478,5853.700854700855,2080.8192918192926,1404.2588522588524,1356.6898656898657,1.69941268383455,1.0,0.0,4849.052170501689,3374.755496823509,15.0,19.0,1.0,0.6310985077160515,0.6721555489783576,49.0
2025-12-26 15:33:08.982,1,2025-12-26 15:33:08.975,30127.24297924298,94.14763431013432,15216.853479853478,145.0,24354903.945461657,20555125.523846857,0.0268329017757151,0.0226465136304368,2.127370243013993,15216.853479853478,4072.8192918192926,3059.7008547008545,866.9242979242979,724.3345543345542,3.7361965728296544,0.0,0.0,4935.068788321158,4533.776077823744,15.0,19.0,1.0,0.794650625519443,0.7908563402146075,7.0
2025-12-26 15:33:09.538,1,2025-12-26 15:33:09.609,11396.797313797311,35.6149916056166,2809.076923076923,150.0,1112663.869315965,1658497.273885523,0.0085663997432019,0.012768771425865,3.070542444087796,2809.076923076923,1716.6898656898657,838.8571428571429,661.6703296703297,580.1062271062272,1.63633337577049,2.0,4.0,1054.8288341318537,1287.826569801044,15.0,19.0,1.0,0.5796716662146827,0.7287441355383029,71.0
2025-12-26 15:33:10.087,1,2025-12-26 15:33:10.031,26305.87301587302,82.20585317460319,9060.853479853478,123.0,15419438.336261516,8011148.945207682,0.0222824589864087,0.0115768223143257,2.914923204762509,9060.853479853478,2710.0,1832.8192918192929,1831.3345543345545,804.8571428571429,3.3434883689483894,1.0,0.0,3926.7592664004137,2830.397312252766,15.0,19.0,1.0,0.6173474820267201,0.8241162597803027,56.0
2025-12-26 15:33:10.658,2,2025-12-26 15:33:10.665,6158.01221001221,19.243788156288154,930.8571428571428,119.0,229528.3311362952,322428.0060487118,0.0060527844420466,0.0085025983896205,3.363355641503183,930.8571428571428,709.0769230769231,582.9242979242979,464.33455433455424,420.6898656898657,1.3127731457068552,1.0,0.0,479.0911511772005,567.8274439023811,15.0,19.0,1.0,0.5046892857453618,0.7787289636459133,7.0
2025-12-26 15:33:11.226,1,2025-12-26 15:33:11.298,24535.82295482296,76.67444673382174,6707.700854700855,147.0,13461472.55064676,5620163.742338847,0.0223610046304858,0.0093357176931203,3.0193386737937784,6707.700854700855,3134.0,2463.8534798534783,1712.2588522588524,1002.990231990232,2.1403002089019507,1.0,0.0,3668.9879463752345,2370.6884532428226,15.0,19.0,1.0,0.6121988835043414,0.4929270147424219,72.0
2025-12-26 15:33:11.787,1,2025-12-26 15:33:11.721,9530.544566544564,29.782951770451763,1531.8534798534783,129.0,732652.3322611364,538086.2723689358,0.0080660795972418,0.0059240195001031,3.3609770079700643,1531.8534798534783,766.2222222222222,657.0769230769231,651.6898656898657,573.4700854700855,1.9992287295045408,1.0,0.0,855.951127262028,733.543640398399,15.0,19.0,1.0,0.438622635582278,0.680157340014349,66.0
2025-12-26 15:33:12.350,1,2025-12-26 15:33:12.355,30831.280830280823,96.34775259462758,7684.076923076923,137.0,13778384.21219354,13087603.561365148,0.0144948977725438,0.0137681946437294,2.6449492407599324,7684.076923076923,6891.689865689866,3389.670329670329,2299.4847374847377,1697.4786324786326,1.1149771787222789,1.0,0.0,3711.924596781775,3617.679306042086,15.0,19.0,1.0,0.712341488804756,0.8451270432059773,5.0
2025-12-26 15:33:12.953,1,2025-12-26 15:33:12.988,8521.091575091574,26.62841117216117,1745.3345543345542,130.0,824049.1241736765,445020.500846367,0.011349131728325,0.0061289990338563,3.046476953547479,1745.3345543345542,1191.3577533577534,915.6898656898657,910.0769230769232,539.013431013431,1.4649961771885844,1.0,0.0,907.7715154011368,667.0985690633484,15.0,19.0,1.0,0.6221588491043686,0.6039232678977001,35.0
2025-12-26 15:33:13.502,1,2025-12-26 15:33:13.411,33811.21367521367,105.66004273504272,13281.853479853478,130.0,39615025.442690834,14065312.940960582,0.0346528069022987,0.0123034774789836,2.268643880106301,13281.853479853478,5194.700854700855,3503.0,2677.8192918192926,2027.990231990232,2.5568081495649047,0.0,0.0,6294.046825587719,3750.37504004074,15.0,19.0,1.0,0.7892459618486154,0.6923420295641214,91.0
2025-12-26 15:33:14.053,1,2025-12-26 15:33:14.044,21862.69963369964,68.32093635531137,5761.076923076923,131.0,6791320.502828031,6691297.268644193,0.0142084482654575,0.0139991848464136,2.620293610723608,5761.076923076923,4101.948717948718,2303.6898656898657,1792.4786324786326,1377.3345543345542,1.4044731709753038,1.0,0.0,2606.0162130785047,2586.754195636724,15.0,19.0,1.0,0.7014929057474648,0.6143424460939233,9.0
2025-12-26 15:33:14.609,1,2025-12-26 15:33:14.678,11023.211233211234,34.44753510378511,1549.076923076923,127.0,1255229.266266948,791032.9682856489,0.0103301540269916,0.0065099600705783,3.108555378410757,1549.076923076923,1371.5750915750916,1279.857142857143,967.3577533577534,909.7008547008544,1.1294145924572472,1.0,0.0,1120.3701469902471,889.4003419639824,15.0,19.0,1.0,0.5513427654598907,0.6428250522539821,69.0
2025-12-26 15:33:15.175,1,2025-12-26 15:33:15.101,18862.930402930404,58.94665750915751,4292.857142857143,115.0,4138326.9147586655,4375296.6605907325,0.0116307165258949,0.012296717060835,2.7898541439632902,4292.857142857143,2516.076923076923,2283.7008547008545,1847.404151404152,1255.8534798534783,1.7061708660344457,1.0,0.0,2034.287815123186,2091.72098057813,15.0,19.0,1.0,0.6465534406041831,0.6094987034541004,74.0
2025-12-26 15:33:15.709,1,2025-12-26 15:33:15.734,16179.268620268622,50.56021443833944,5724.076923076923,128.0,4489152.7755863685,3919833.233461021,0.0171493085619859,0.0149744134344747,2.7118989349356,5724.076923076923,1965.948717948718,1635.857142857143,1128.722832722833,741.6703296703297,2.911610496659621,2.0,3.0,2118.7620856496296,1979.856871963481,15.0,19.0,1.0,0.6920137250363152,0.7148132934555086,25.0
2025-12-26 15:33:16.245,1,2025-12-26 15:33:16.157,26847.46153846154,83.89831730769231,9141.076923076924,131.0,11760457.410253797,9550232.33881211,0.0163161524958896,0.013249743762124,2.627326006338123,9141.076923076924,3827.6898656898657,2960.670329670329,1344.4786324786326,1314.7008547008545,2.3881446104116475,1.0,0.0,3429.352331017301,3090.3450193808635,15.0,19.0,1.0,0.6923789267371127,0.7268504363115528,88.0
2025-12-26 15:33:16.795,1,2025-12-26 15:33:16.790,39145.25518925519,122.32892246642244,10123.853479853478,144.0,14392124.186774146,18314584.54177562,0.0093921850481928,0.0119519512800761,2.815290378112236,10123.853479853478,4993.076923076923,4046.6898656898657,2968.8192918192926,2706.948717948718,2.027578111817422,1.0,0.0,3793.6953207623496,4279.554245686765,15.0,19.0,1.0,0.6345440375416356,0.7723023020237756,5.0
2025-12-26 15:33:17.343,1,2025-12-26 15:33:17.424,10907.407814407816,34.085649420024424,2118.7008547008545,138.0,1318325.1268776187,612933.9688594411,0.0110810120548649,0.0051519375298975,3.527959869448067,2118.7008547008545,1132.869352869353,615.2222222222222,603.6898656898657,595.990231990232,1.8702075833658125,2.0,5.0,1148.1834029795148,782.9009955667709,15.0,19.0,1.0,0.4644983128603349,0.5183364421598272,81.0
2025-12-26 15:33:17.884,1,2025-12-26 15:33:17.847,21396.27838827839,66.86336996336998,1855.540903540904,142.0,2682036.0717410897,3315906.5863755345,0.0058585229393769,0.0072431221212104,3.5230508459354803,1855.540903540904,1537.4786324786326,1443.6898656898657,1438.1684981684982,1367.8315018315018,1.206872644823885,1.0,0.0,1637.6923006905447,1820.963093084408,15.0,19.0,1.0,0.357198072628181,0.2979852486527706,37.0
2025-12-26 15:33:18.443,1,2025-12-26 15:33:18.480,45168.769230769234,141.15240384615385,13315.540903540905,146.0,29666690.39484757,24595450.21020854,0.0145409434463068,0.0120553066682899,2.735039244926212,13315.540903540905,5249.246642246642,3641.168498168498,3319.035409035409,2966.168498168498,2.536657507455089,1.0,0.0,5446.713724333928,4959.380022765803,15.0,19.0,1.0,0.6307712261451431,0.1745918752359515,37.0
2025-12-26 15:33:19.019,1,2025-12-26 15:33:19.114,41298.69474969475,129.0584210927961,7335.540903540904,148.0,11376454.087686311,16857115.62231338,0.0066701295121029,0.0098834965213832,3.149434546328335,7335.540903540904,6761.168498168498,2900.6898656898657,2443.8534798534783,2231.4041514041514,1.0849516478589327,1.0,0.0,3372.899952220094,4105.741787096868,15.0,19.0,1.0,0.524778253405129,0.3001698132290928,95.0
2025-12-26 15:33:19.547,1,2025-12-26 15:33:19.537,81971.64590964591,256.1613934676435,12530.582417582418,133.0,55422241.31236702,46475155.98773706,0.0082481542508343,0.0069166140946541,3.132299906567632,12530.582417582418,10294.076923076924,8270.168498168498,6138.689865689866,5984.540903540904,1.2172613932474656,1.0,0.0,7444.611562221834,6817.268953748052,15.0,19.0,1.0,0.5272318022709417,0.324642095338421,10.0
2025-12-26 15:33:20.093,1,2025-12-26 15:33:20.170,103614.26984126982,323.7945932539682,25306.582417582416,127.0,169654149.9536601,119384670.74805276,0.0158024835047611,0.0111201187282052,2.6925358036285783,25306.582417582416,18759.1684981685,11779.28205128205,8158.540903540904,5841.0,1.3490247406249274,1.0,0.0,13025.135314216895,10926.32924398916,15.0,19.0,1.0,0.6740825754750811,0.1455493558473476,77.0
2025-12-26 15:33:20.642,1,2025-12-26 15:33:20.593,251643.1538461538,786.3848557692306,54345.16239316239,159.0,1098541338.3513205,907774034.6697464,0.0173478702405716,0.0143353241352257,2.500776724679962,54345.16239316239,47460.19658119658,42674.168498168496,21736.43101343101,16297.136752136752,1.145068211004681,1.0,0.0,33144.2504569242,30129.28865190392,15.0,19.0,1.0,0.725285359241988,0.152567789816017,49.0
2025-12-26 15:33:21.184,1,2025-12-26 15:33:21.226,89764.64590964591,280.5145184676435,14986.162393162393,152.0,81081431.77564126,71405691.76183304,0.0100626128728154,0.0088618049457135,2.962046053974105,14986.162393162393,11135.764346764348,8713.196581196582,8638.28205128205,6602.168498168498,1.3457686357663887,2.0,5.0,9004.522851081076,8450.188859536398,15.0,19.0,1.0,0.5578540789987374,0.2682289305046696,42.0
2025-12-26 15:33:21.707,1,2025-12-26 15:33:21.649,186226.82417582412,581.9588255494506,59959.43101343101,154.0,803144528.1676606,526028640.836708,0.0231584362472089,0.0151678811419105,2.366360857346847,59959.43101343101,39026.59829059829,17201.258852258852,12905.402930402932,10451.196581196582,1.536373489868678,1.0,0.0,28339.8046600124,22935.3142737724,15.0,19.0,1.0,0.7493221681970905,0.4137754824425393,58.0
2025-12-26 15:33:22.220,1,2025-12-26 15:33:22.283,303125.52625152626,947.2672695360196,66845.01587301587,89.0,1502828160.7664058,1167126146.3571703,0.0163555180499769,0.0127020195999054,2.8026175116309813,66845.01587301587,43669.59829059829,37624.819291819294,20601.196581196586,20537.40293040293,1.5306991245533288,2.0,4.0,38766.32766675748,34163.22798503049,15.0,19.0,1.0,0.6244212927484504,0.8132592957878946,63.0
2025-12-26 15:33:22.781,1,2025-12-26 15:33:22.705,62851.82905982906,196.4119658119658,30744.43101343101,157.0,113970932.24690276,74597994.91605438,0.0288508265187929,0.0188838835266382,2.143813765212625,30744.43101343101,6121.598290598291,6112.258852258852,6002.015873015873,1979.6410256410256,5.022288225061105,1.0,0.0,10675.716942992764,8637.013078376944,15.0,19.0,1.0,0.8107949413283604,0.3297902340151158,76.0
2025-12-26 15:33:23.344,1,2025-12-26 15:33:23.339,47459.782661782665,148.31182081807083,11544.598290598293,139.0,45002556.06867383,28774120.387624186,0.0199795495009577,0.0127746957695862,2.5026206007452645,11544.598290598293,9983.431013431013,7156.258852258852,5186.015873015873,2937.136752136752,1.1563758266137,1.0,0.0,6708.394447904344,5364.151413562465,15.0,19.0,1.0,0.7755501335466388,0.5422211600943576,5.0
2025-12-26 15:33:23.868,1,2025-12-26 15:33:23.972,41741.15506715507,130.4411095848596,11568.598290598293,128.0,20901091.427418794,23366815.67444323,0.0119960989525697,0.0134112916548155,2.790232850435415,11568.598290598293,3594.402930402931,3545.990231990232,3365.136752136752,3107.7008547008545,3.2185034662483534,2.0,4.0,4571.771147752126,4833.923424553106,15.0,19.0,1.0,0.60328539110417,0.693599655952773,104.0
2025-12-26 15:33:24.402,1,2025-12-26 15:33:24.395,53481.07081807082,167.12834630647131,11426.402930402932,153.0,42617015.95351339,44782789.15442927,0.0148998826698516,0.0156570864735706,2.359100792674796,11426.402930402932,10914.598290598293,10292.819291819293,5305.853479853478,5054.700854700855,1.0468917523281145,1.0,0.0,6528.170950083445,6691.994407830096,15.0,19.0,1.0,0.8039176140214194,0.8423345477729492,7.0
2025-12-26 15:33:24.955,1,2025-12-26 15:33:25.029,57520.583638583645,179.7518238705739,11477.598290598293,104.0,54177401.5393754,26221836.36473527,0.0163746340728778,0.0079253150389532,3.198597218687699,11477.598290598293,8654.015873015873,5060.402930402931,4422.225885225886,2731.013431013431,1.3262742360324664,2.0,4.0,7360.529976800271,5120.72615599929,13.0,19.0,1.0,0.5623248994392905,0.8685263976639057,74.0
2025-12-26 15:33:25.475,1,2025-12-26 15:33:25.451,42558.59462759463,132.99560821123322,9603.431013431013,139.0,19676320.108440533,25761961.22544326,0.0108634888489396,0.0142234308527724,2.642752366974647,9603.431013431013,6906.598290598291,5908.853479853478,4084.136752136752,3090.402930402931,1.390471924000913,2.0,5.0,4435.79982736378,5075.624220275105,15.0,19.0,1.0,0.6953571358588437,0.66682920443318,24.0
2025-12-26 15:33:25.998,1,2025-12-26 15:33:26.085,8127.09768009768,25.39718025030525,1290.5982905982903,139.0,394968.30603583466,645645.1535878318,0.0059798637414092,0.0097751388776145,3.4360191697332487,1290.5982905982903,853.1367521367522,749.015873015873,438.37240537240535,434.1623931623932,1.512768366108208,2.0,7.0,628.4650396289635,803.520474902682,15.0,19.0,1.0,0.4633001672301785,0.7429948770246138,87.0
2025-12-26 15:33:26.554,1,2025-12-26 15:33:26.507,73490.0525030525,229.65641407203907,19860.59829059829,143.0,117683861.923377,90140624.61533488,0.0217901287577138,0.0166902732844351,2.254376041019586,19860.59829059829,18299.01587301588,9452.819291819293,7850.402930402931,3314.431013431013,1.085336961747985,1.0,0.0,10848.219297349082,9494.24165562131,15.0,19.0,1.0,0.799798957781738,0.9192816590279396,47.0
2025-12-26 15:33:27.137,1,2025-12-26 15:33:27.141,24613.39438339439,76.91685744810746,4701.015873015873,142.0,3638521.116360536,7854795.733018244,0.0060059523006631,0.0129655777705498,3.175493703000595,4701.015873015873,3268.8192918192926,2265.076923076923,1676.6410256410256,1608.402930402931,1.438138805892215,2.0,4.0,1907.4907906358385,2802.640849809023,15.0,19.0,1.0,0.5492926263383174,0.8568596568075345,4.0
2025-12-26 15:33:27.691,1,2025-12-26 15:33:27.775,42030.73748473749,131.34605463980466,15408.598290598293,140.0,36011111.83850169,28826436.410408355,0.0203846148237806,0.0163176245599871,2.3783626545089747,15408.598290598293,5723.015873015873,5512.136752136752,2882.431013431013,2385.402930402931,2.692391325218479,1.0,0.0,6000.925915098577,5369.025648142161,15.0,19.0,1.0,0.7592439906906718,0.820903092782767,84.0
2025-12-26 15:33:28.226,1,2025-12-26 15:33:28.197,51647.557997558,161.39861874236877,18069.59829059829,156.0,53183532.86221897,43834681.29627848,0.0199378167084768,0.0164330535059388,2.2769053809174933,18069.59829059829,10606.136752136752,5566.4310134310135,3345.162393162393,3227.015873015873,1.7036927500445642,1.0,0.0,7292.7040843722,6620.776487412823,15.0,19.0,1.0,0.790247320585289,0.7428988861530825,29.0
2025-12-26 15:33:28.794,1,2025-12-26 15:33:28.831,31353.21978021978,97.9788118131868,7428.402930402931,135.0,17376167.42979681,15125188.264500668,0.017676232244272,0.015386381466559,2.4350971497913942,7428.402930402931,6187.819291819293,5529.598290598291,2942.431013431013,2877.015873015873,1.200488020104687,2.0,5.0,4168.473033353678,3889.111500651617,15.0,19.0,1.0,0.7962584887379501,0.8541784348776578,37.0
2025-12-26 15:33:29.338,1,2025-12-26 15:33:29.253,20972.103785103784,65.53782432844932,2691.7008547008545,148.0,4159683.593940867,5230043.540723639,0.0094574989294144,0.0118910801915881,3.17290517400614,2691.7008547008545,2649.5982905982905,2265.402930402931,2143.258852258852,1147.4310134310135,1.0158901688044346,1.0,0.0,2039.5302385453533,2286.928844700604,15.0,19.0,1.0,0.5196136760076355,0.5850714650713419,85.0
2025-12-26 15:33:29.852,1,2025-12-26 15:33:29.887,35797.71550671551,111.86786095848598,15581.598290598293,138.0,31998407.39653877,20085987.88027099,0.0249699538049316,0.0156740985037597,2.122393403508056,15581.598290598293,5471.258852258852,4130.4310134310135,3054.015873015873,1833.402930402931,2.847900037513753,1.0,0.0,5656.713480152479,4481.739381118785,15.0,19.0,1.0,0.8400174853075465,0.684379863531767,35.0
2025-12-26 15:33:30.365,1,2025-12-26 15:33:30.309,41360.23565323565,129.2507364163614,10469.598290598293,131.0,22250217.392458245,41346214.10279031,0.0130067337275905,0.0241696154241271,2.304049659569697,10469.598290598293,8693.402930402932,4894.0,4321.136752136752,3955.4310134310135,1.2043153152354609,1.0,0.0,4717.013609526503,6430.102184475011,15.0,19.0,1.0,0.7817549507612325,0.8440838148796547,56.0
2025-12-26 15:33:30.930,1,2025-12-26 15:33:30.943,171076.94993894995,534.6154685592186,41856.59829059829,157.0,614611983.6682715,311752536.89006674,0.0209999386640028,0.0106518979893047,2.7520842507598404,41856.59829059829,28583.43101343101,17558.015873015873,13716.258852258852,8884.162393162393,1.4643657813832394,2.0,4.0,24791.36913662236,17656.5154232104,15.0,19.0,1.0,0.6464837399891314,0.570811853675194,13.0
2025-12-26 15:33:31.459,1,2025-12-26 15:33:31.366,314868.66178266174,983.964568070818,70269.5982905983,124.0,2072070230.7759256,1318804131.1813788,0.0208999667201935,0.013302137177958,2.559738118044314,70269.5982905983,68347.431013431,36396.258852258856,36185.40293040293,20387.46398046398,1.028123475142592,2.0,4.0,45519.9981412118,36315.3429170286,14.0,19.0,1.0,0.7355008077209245,0.4591274899997632,93.0
2025-12-26 15:33:31.985,1,2025-12-26 15:33:31.999,202610.94383394383,633.1591994810746,47475.96581196581,99.0,630384084.6075073,377409592.66568494,0.0153560472805842,0.0091936324070248,2.879516807560808,47475.96581196581,24234.59829059829,23499.421245421247,13719.222222222224,13610.402930402932,1.9590160002933472,2.0,5.0,25107.450778753053,19427.032523411417,15.0,18.0,0.9473684210526316,0.6048025253810626,0.920536416283673,14.0
2025-12-26 15:33:32.526,1,2025-12-26 15:33:32.422,270798.19780219777,846.244368131868,31989.234432234432,119.0,1139347497.260191,413299223.1160384,0.0155369104716132,0.0056360267986569,2.942524123864937,31989.234432234432,29638.45543345544,29027.22588522589,23652.96581196581,23245.07692307692,1.0793151655306703,2.0,4.0,33754.221917564486,20329.76200342833,14.0,18.0,0.9473684210526316,0.507953744162036,0.9443981606152452,104.0
2025-12-26 15:33:33.078,1,2025-12-26 15:33:33.056,141094.49572649572,440.9202991452991,19578.01587301588,113.0,188046659.9009133,171867374.8693915,0.0094459464770276,0.0086332297793481,3.054604714236508,19578.01587301588,18303.442002442003,14310.641025641024,12650.689865689868,12564.234432234432,1.0696357477682477,2.0,5.0,13713.010606752743,13109.819787830476,15.0,19.0,1.0,0.5486183057705675,0.8496332768852745,22.0
2025-12-26 15:33:33.585,1,2025-12-26 15:33:33.689,195823.9438339438,611.9498244810744,37138.23443223443,130.0,459397465.5248465,365518086.7434702,0.0119800052708209,0.009531851902501,2.9394308083473035,37138.23443223443,31241.442002442003,17418.225885225886,16317.603174603177,13557.076923076924,1.1887490477978035,2.0,4.0,21433.55932935187,19118.527316283285,15.0,18.0,0.9473684210526316,0.5906968277366056,0.9576954480741636,104.0
2025-12-26 15:33:34.097,1,2025-12-26 15:33:34.112,87446.0231990232,273.2688224969475,16538.641025641027,116.0,85701312.77276957,75116720.69975123,0.0112074638567099,0.0098232793062247,3.291761034499362,16538.641025641027,9321.136752136752,6421.076923076923,5772.383394383394,5587.689865689866,1.77431588715271,2.0,4.0,9257.500352296487,8666.990290738258,15.0,19.0,1.0,0.4990613222239127,0.8826267333682369,15.0
2025-12-26 15:33:34.647,1,2025-12-26 15:33:34.745,41049.006105006105,128.27814407814407,9344.853479853478,92.0,16100124.154046671,12276491.722533751,0.009554851297655,0.0072856613864198,3.549543740608878,9344.853479853478,2962.0,2423.8192918192926,2097.3833943833943,1654.3333333333333,3.1549133963032827,1.0,0.0,4012.496000502265,3503.7824879027166,12.0,19.0,1.0,0.4502518149187305,0.8351142337506626,98.0
2025-12-26 15:33:35.176,1,2025-12-26 15:33:35.168,35475.13553113553,110.85979853479851,4897.1623931623935,133.0,10932162.811030868,9074378.341510257,0.0086867628282685,0.0072105560289623,3.382034213229276,4897.1623931623935,3210.2466422466423,3063.641025641026,2977.3833943833943,2966.990231990232,1.525478550063575,2.0,6.0,3306.3821332433536,3012.3708837907484,15.0,19.0,1.0,0.4824625313242702,0.5424320654381033,8.0
2025-12-26 15:33:35.668,1,2025-12-26 15:33:35.590,84488.77411477412,264.0274191086691,16116.641025641024,145.0,91183034.72461817,56247286.129097246,0.01277367977532,0.0078795888227869,3.0898846585462816,16116.641025641024,12807.442002442003,8565.076923076924,5052.689865689866,3674.162393162393,1.2583809493392042,2.0,3.0,9548.980821250934,7499.819073090846,15.0,19.0,1.0,0.5470077261060662,0.8161781786443824,78.0
2025-12-26 15:33:36.186,1,2025-12-26 15:33:36.224,47708.74114774114,149.08981608669106,8752.442002442003,145.0,26246272.81958072,21849580.893409792,0.0115311261725055,0.0095994686876191,3.027633425697309,8752.442002442003,8134.796092796093,5294.442002442002,4559.603174603175,2861.7008547008545,1.0759264156838302,1.0,0.0,5123.111634503071,4674.353526789538,15.0,19.0,1.0,0.6204939265806875,0.8588458216611766,38.0
2025-12-26 15:33:36.732,1,2025-12-26 15:33:36.647,49606.02075702076,155.01881486568988,11536.853479853478,102.0,23171050.79419517,19019898.296174563,0.009416227613352,0.0077292865623709,3.314766033641491,11536.853479853478,4122.892551892552,3830.700854700856,2712.3833943833943,2347.8192918192926,2.79824257718161,1.0,0.0,4813.631767615298,4361.18083736212,14.0,18.0,0.9473684210526316,0.4949126980553951,0.8506427852717992,85.0
2025-12-26 15:33:37.272,1,2025-12-26 15:33:37.280,21838.880341880344,68.24650106837608,5041.853479853478,117.0,3709863.375553794,3254819.4303907463,0.007778523685971,0.0068244265273175,3.463021714329522,5041.853479853478,1749.722832722833,1510.1062271062272,872.8192918192926,870.4700854700855,2.8815155095191347,2.0,3.0,1926.1005621601885,1804.11181205344,15.0,19.0,1.0,0.459958191982409,0.7378490591797972,8.0
2025-12-26 15:33:37.798,1,2025-12-26 15:33:37.703,36635.26129426129,114.48519154456652,4739.700854700855,126.0,18132289.101670705,8278955.619119398,0.0135099595286116,0.0061684630509872,3.429817524886408,4739.700854700855,3986.0,3593.8534798534783,3249.924297924298,1845.1062271062272,1.189087018238752,1.0,0.0,4258.202567007669,2877.317434542007,15.0,19.0,1.0,0.47535036585947,0.7471193358787055,95.0
2025-12-26 15:33:38.312,1,2025-12-26 15:33:38.336,13372.55067155067,41.789220848595846,1617.722832722833,146.0,1102916.5949244532,1212277.6233936488,0.0061675711308101,0.006779124103289,3.5182348337046774,1617.722832722833,1549.076923076923,869.9487179487179,762.6898656898657,739.8571428571429,1.044314074157476,1.0,0.0,1050.1983597989731,1101.0347966316272,15.0,19.0,1.0,0.4142287898807218,0.5578204546535281,24.0
2025-12-26 15:33:38.866,1,2025-12-26 15:33:38.970,30129.55189255189,94.15484966422466,6308.853479853478,134.0,8686757.008487366,6609808.883805598,0.0095691272119687,0.0072812100066962,3.1988857104375623,6308.853479853478,3473.168498168498,2369.7008547008545,2131.831501831502,1473.948717948718,1.8164547683702943,1.0,0.0,2947.330488507756,2570.9548583756964,15.0,19.0,1.0,0.5229916166259952,0.4068528567902178,104.0
2025-12-26 15:33:39.396,1,2025-12-26 15:33:39.393,27598.60561660561,86.24564255189254,4469.0,121.0,7487641.578730143,4503537.81730749,0.009830390417463,0.0059126140772686,3.4040942387652784,4469.0,4191.853479853478,1988.1684981684984,1769.7008547008545,1754.5409035409036,1.066115507490291,1.0,0.0,2736.355528569002,2122.1540512666584,15.0,19.0,1.0,0.5135499935451596,0.5412964361155173,3.0
2025-12-26 15:33:39.913,1,2025-12-26 15:33:39.815,32006.078144078143,100.0189942002442,4075.8534798534783,158.0,6636744.945463786,5797636.611220375,0.006478734834329,0.0056596043058077,3.3969727908831824,4075.8534798534783,3985.035409035409,3429.076923076923,2691.5409035409034,2084.6898656898657,1.022789777629361,1.0,0.0,2576.188064847709,2407.828193875214,15.0,19.0,1.0,0.5082221104370355,0.4653264119780522,98.0
2025-12-26 15:33:40.415,1,2025-12-26 15:33:40.449,51504.619047619046,160.9519345238095,10807.540903540905,146.0,34292247.177087426,28822191.083826173,0.0129271737748925,0.0108651226847194,2.9205535847395057,10807.540903540905,10149.246642246642,4739.404151404151,3638.168498168498,2941.168498168498,1.0648613916379783,2.0,5.0,5855.958262922254,5368.630280045943,15.0,19.0,1.0,0.6266530903507401,0.214589499577342,34.0
2025-12-26 15:33:40.969,1,2025-12-26 15:33:40.871,37419.75335775336,116.93672924297924,5028.853479853478,150.0,12838137.38581866,9209053.966843018,0.009168539865013,0.0065767779138525,3.2455006780794853,5028.853479853478,4615.168498168498,4319.0,3359.5824175824177,2682.5409035409034,1.0896359432701228,2.0,6.0,3583.034661543014,3034.642312834087,15.0,19.0,1.0,0.534614568617933,0.5131776005947372,98.0
2025-12-26 15:33:41.489,1,2025-12-26 15:33:41.505,28017.726495726496,87.5553952991453,5349.1623931623935,137.0,5966174.50425522,7404143.339547306,0.0076002900911682,0.0094321138640874,3.1542111287860424,5349.1623931623935,3498.6898656898657,1989.136752136752,1833.2466422466423,1678.076923076923,1.5289044180845466,2.0,4.0,2442.5753835358328,2721.0555561302504,15.0,19.0,1.0,0.512115520097628,0.4910345003106614,16.0
2025-12-26 15:33:41.972,1,2025-12-26 15:33:41.927,29807.1855921856,93.14745497558,11533.162393162393,141.0,14366534.56772824,17705056.16223631,0.0161700021921972,0.0199276168937382,2.543953022448352,11533.162393162393,3858.2466422466414,2694.136752136752,2147.431013431013,1328.3724053724054,2.9892237232515773,1.0,0.0,3790.3211694694473,4207.737653684734,15.0,19.0,1.0,0.723360786266286,0.3004422604623797,45.0
2025-12-26 15:33:42.495,1,2025-12-26 15:33:42.561,20876.47496947497,65.23898427960928,6177.136752136752,141.0,7490602.978124841,6578356.996117287,0.0171870935435357,0.0150939567061854,2.573632391816756,6177.136752136752,3980.641025641026,2570.3724053724054,1557.3833943833945,933.5982905982906,1.5517944753987103,1.0,0.0,2736.896596169618,2564.830792882308,15.0,19.0,1.0,0.729008699523466,0.8863075221286388,66.0
2025-12-26 15:33:43.071,1,2025-12-26 15:33:42.984,14402.03663003663,45.00636446886447,3244.641025641026,142.0,2708979.196646328,2054971.1832447625,0.0130604411796549,0.0099073593100605,2.964833057807684,3244.641025641026,2782.136752136752,1296.3724053724054,910.869352869353,662.015873015873,1.1662406684890283,1.0,0.0,1645.8976871744876,1433.5170676503164,15.0,19.0,1.0,0.6176928748036495,0.8418529362791339,87.0
2025-12-26 15:33:43.565,1,2025-12-26 15:33:43.617,49756.55677655677,155.4892399267399,10744.853479853478,149.0,24755665.2093144,39217634.66014198,0.0099994004910466,0.0158409330536092,2.806277224197896,10744.853479853478,7542.641025641025,6703.442002442002,3221.8192918192926,3202.0,1.4245479061412554,1.0,0.0,4975.506527913957,6262.3984750367,15.0,19.0,1.0,0.6313691668985525,0.9555711790397108,52.0
2025-12-26 15:33:44.070,1,2025-12-26 15:33:44.040,45071.17216117216,140.847413003663,8570.442002442003,150.0,16777729.22321939,16430852.906642828,0.00825915231206,0.0080883959305535,3.019939770906565,8570.442002442003,5550.700854700855,4195.442002442002,3986.641025641026,3912.383394383394,1.5440288040711478,1.0,0.0,4096.062648839662,4053.498847494943,15.0,19.0,1.0,0.5816491567129218,0.7570354471248535,30.0
2025-12-26 15:33:44.628,1,2025-12-26 15:33:44.673,28094.979242979243,87.79681013431014,6054.700854700855,136.0,6849757.009689832,7593615.61472259,0.0086779618057419,0.0096203567774489,3.160583622853699,6054.700854700855,3486.076923076923,2324.8534798534783,1641.3833943833945,1410.6410256410256,1.736823652575929,1.0,0.0,2617.204044336213,2755.651577163301,15.0,19.0,1.0,0.5309722975283199,0.5736796879658138,45.0
2025-12-26 15:33:45.190,1,2025-12-26 15:33:45.096,68841.28205128205,215.1290064102564,16125.076923076924,149.0,40963727.12582777,68861713.05368297,0.0086437374130542,0.0145304787237935,2.871170974259465,16125.076923076924,8156.853479853478,5822.383394383394,5739.689865689866,4702.0,1.976874656741364,1.0,0.0,6400.291175081628,8298.295792130031,15.0,19.0,1.0,0.5889780442031726,0.872490418316367,94.0
2025-12-26 15:33:45.669,1,2025-12-26 15:33:45.730,47173.75335775336,147.41797924297924,10262.700854700855,135.0,17526700.766765848,21287443.614711,0.0078758839437103,0.0095658297359451,2.9284215929033155,10262.700854700855,5352.383394383394,3796.857142857143,3632.372405372405,3245.924297924298,1.917407647865484,1.0,0.0,4186.490268323318,4613.831771392515,15.0,19.0,1.0,0.5573064728570415,0.6182004676344593,61.0
2025-12-26 15:33:46.156,1,2025-12-26 15:33:46.152,41861.67032967033,130.81771978021976,6555.442002442002,145.0,9777559.231619848,13445733.937263705,0.0055795265581986,0.0076727563413602,3.281896436214864,6555.442002442002,3293.924297924298,2535.7960927960926,2346.6898656898657,2234.106227106227,1.9901617066825108,1.0,0.0,3126.908894038944,3666.842502380448,15.0,19.0,1.0,0.4052862284841296,0.8353149748278246,4.0
2025-12-26 15:33:46.691,1,2025-12-26 15:33:46.786,56366.64590964591,176.14576846764345,12049.076923076924,158.0,27106955.70649936,36122290.24987817,0.0085317154069918,0.0113692258030592,2.935109016072297,12049.076923076924,10206.689865689868,6663.442002442002,2805.3833943833943,2281.670329670329,1.1805077925977865,2.0,4.0,5206.434068198632,6010.182214365732,15.0,19.0,1.0,0.6033047020355436,0.8624827120135127,95.0
2025-12-26 15:33:47.238,1,2025-12-26 15:33:47.208,36517.18803418803,114.1162126068376,6243.700854700855,153.0,13003551.736090422,14273342.013074595,0.009751408147924,0.0107036282416675,3.150678830690702,6243.700854700855,4363.853479853478,3848.076923076923,3265.3833943833943,1880.8192918192929,1.4307769230852048,1.0,0.0,3606.04377900358,3778.007677741616,15.0,19.0,1.0,0.5367837722193131,0.7044727494975412,30.0
2025-12-26 15:33:47.726,1,2025-12-26 15:33:47.631,20813.43467643468,65.04198336385835,1974.076923076923,146.0,2985290.431223587,2915666.5175809674,0.0068912670547837,0.006730546684902,3.445221586640772,1974.076923076923,1887.3724053724047,1432.3833943833945,1402.4041514041514,1273.948717948718,1.0459392738055655,1.0,0.0,1727.799302935265,1707.532288883864,15.0,19.0,1.0,0.3829346629275556,0.5974935297907406,95.0
2025-12-26 15:33:48.251,1,2025-12-26 15:33:48.264,31306.30158730159,97.83219246031749,5029.948717948718,141.0,9049312.685792092,8826020.633152714,0.0092331962291695,0.009005366844771,3.1447816009630367,5029.948717948718,4849.076923076923,2292.4041514041514,2238.6898656898657,1921.1684981684984,1.037300252757382,1.0,0.0,3008.2075536425496,2970.861934380781,15.0,19.0,1.0,0.5216613693810419,0.4660949214974144,13.0
2025-12-26 15:33:48.801,1,2025-12-26 15:33:48.898,39604.24786324787,123.76327457264958,5809.853479853478,149.0,13561268.312147314,11911348.302308196,0.0086460306125681,0.0075941187570539,3.177794613735625,5809.853479853478,5502.540903540904,3981.700854700856,3423.168498168498,2527.035409035409,1.0558492125181225,1.0,0.0,3682.5627370280217,3451.282124415244,15.0,19.0,1.0,0.5364146598277654,0.3606075543690277,97.0
2025-12-26 15:33:49.356,1,2025-12-26 15:33:49.321,18986.581196581195,59.33306623931624,3300.2466422466423,143.0,3665695.4996678913,2514531.94311409,0.0101686393507288,0.0069753116339672,3.413742632839897,3300.2466422466423,2517.162393162393,1525.0,1302.5409035409036,901.990231990232,1.3110980249864308,2.0,3.0,1914.600611006873,1585.7275753149056,15.0,19.0,1.0,0.5028256573468176,0.3118212142628682,35.0
2025-12-26 15:33:49.879,1,2025-12-26 15:33:49.954,37424.11965811966,116.95037393162391,8958.168498168498,158.0,13724342.975068772,14006375.019504722,0.0097991493428899,0.0100005195744507,3.1000276189239804,8958.168498168498,4768.540903540904,3489.162393162393,3292.076923076923,1941.5824175824173,1.878597390559172,1.0,0.0,3704.6380356343534,3742.509187631304,15.0,19.0,1.0,0.5998679819489038,0.2597904089460039,75.0
2025-12-26 15:33:50.413,1,2025-12-26 15:33:50.377,74796.884004884,233.7402625152625,18721.162393162394,114.0,83405073.60062766,58160412.99788324,0.0149082085132636,0.0103958611479895,2.980576860423575,18721.162393162394,12797.168498168498,4867.4310134310135,4619.853479853478,4312.196581196581,1.462914424846423,2.0,3.0,9132.637822700934,7626.29746324409,15.0,19.0,1.0,0.6058783406385251,0.2626207976382336,36.0
2025-12-26 15:33:50.980,1,2025-12-26 15:33:51.010,49653.14529914531,155.1660790598291,8689.0,149.0,28557197.100049213,25522103.752879813,0.0115830265147378,0.0103519684878663,3.030992357117106,8689.0,8408.853479853478,6801.1623931623935,2437.136752136752,2213.402930402931,1.033315661976592,1.0,0.0,5343.893440184714,5051.940592770249,15.0,19.0,1.0,0.5749798000419202,0.7143635927532898,30.0
2025-12-26 15:33:51.489,1,2025-12-26 15:33:51.433,48292.04029304029,150.9126259157509,9311.853479853478,143.0,20922676.15360095,20144949.819865115,0.0089715219566443,0.0086380374239704,3.3226018456771205,9311.853479853478,5213.700854700855,3183.4420024420024,2732.8192918192926,2370.641025641026,1.7860352443228114,2.0,4.0,4574.131191122632,4488.312580454387,15.0,19.0,1.0,0.4723854390087522,0.730096984967387,56.0
2025-12-26 15:33:52.015,1,2025-12-26 15:33:52.067,41004.11355311355,128.13785485347984,11331.641025641024,133.0,18561400.865244374,25989713.107243635,0.0110396650053971,0.0154577625025917,2.858909516869616,11331.641025641024,3742.383394383394,3553.136752136752,3245.076923076923,2082.670329670329,3.027920934729626,2.0,3.0,4308.2944264806665,5098.010700973826,15.0,19.0,1.0,0.5842074452817644,0.927732555139253,52.0
2025-12-26 15:33:52.566,1,2025-12-26 15:33:52.489,32653.37484737485,102.0417963980464,3753.700854700856,125.0,10781949.313364012,5149078.606606391,0.0101120949320021,0.0048291797864239,3.4091383344965944,3753.700854700856,2577.3833943833943,2511.641025641026,2407.7960927960926,2391.3724053724054,1.4563998755014185,2.0,4.0,3283.587872033276,2269.158127281215,15.0,19.0,1.0,0.4177789841526928,0.7738732295722692,77.0
2025-12-26 15:33:53.123,1,2025-12-26 15:33:53.123,17590.726495726496,54.9710202991453,2961.076923076923,149.0,1547223.177010835,2915922.052332482,0.005000177368466,0.0094234158787953,3.591877212149484,2961.076923076923,1322.6898656898657,1249.0,901.6703296703296,850.9487179487179,2.2386781662761868,1.0,0.0,1243.8742609326855,1707.6071129895429,15.0,19.0,1.0,0.4141605997998626,0.740844829925816,0.0
2025-12-26 15:33:53.649,1,2025-12-26 15:33:53.545,17045.410256410258,53.26690705128205,4568.853479853478,149.0,2613814.6552003,3246007.828005872,0.0089962159450031,0.0111720956655488,3.20028256485996,4568.853479853478,1601.6703296703297,1291.163614163614,1113.1062271062272,872.8192918192926,2.852555482370101,1.0,0.0,1616.7296172212284,1801.6680682095327,15.0,19.0,1.0,0.5542613994321098,0.891018611421525,104.0
2025-12-26 15:33:54.193,1,2025-12-26 15:33:54.179,16322.680097680097,51.008375305250304,3197.924297924298,136.0,2612801.3278204203,2065898.1343202533,0.0098067126449365,0.0077540030086748,3.327109094941078,3197.924297924298,2041.3833943833945,1359.1062271062272,994.8571428571428,882.7228327228327,1.5665476199725203,2.0,3.0,1616.4161988239357,1437.323253245509,15.0,19.0,1.0,0.5192770944642876,0.8356814921894795,14.0
2025-12-26 15:33:54.738,1,2025-12-26 15:33:54.813,19176.52625152625,59.92664453601954,2962.0,143.0,3030413.039910446,3201352.211606947,0.0082406590789211,0.008705497178095,3.263492178141503,2962.0,2163.7008547008545,1745.924297924298,1657.3833943833945,1248.4700854700857,1.3689507926030495,2.0,3.0,1740.808157124284,1789.2322967146963,15.0,19.0,1.0,0.5098670376601674,0.6617987561741265,75.0
2025-12-26 15:33:55.294,1,2025-12-26 15:33:55.235,13054.874236874237,40.79648199023199,2002.857142857143,141.0,1149363.8221965192,1891744.6871614333,0.0067439157811038,0.0110998507201891,3.1189581370563983,2002.857142857143,1951.4847374847373,1550.924297924298,1076.076923076923,762.1330891330891,1.0263247794792354,1.0,0.0,1072.0838690123635,1375.4070987025743,15.0,19.0,1.0,0.5625083824808944,0.8379446876909091,59.0
2025-12-26 15:33:55.830,1,2025-12-26 15:33:55.869,34780.88400488401,108.69026251526252,7228.853479853478,143.0,21587709.79786149,14509813.904425362,0.0178453610553625,0.0119944575128687,2.9738717156622427,7228.853479853478,6034.0,3979.700854700856,2236.670329670329,1556.8192918192926,1.198020132557554,1.0,0.0,4646.257612085396,3809.1749637454777,15.0,19.0,1.0,0.604816253465249,0.7973168074304411,39.0
2025-12-26 15:33:56.373,1,2025-12-26 15:33:56.291,28344.759462759463,88.57737332112332,12473.853479853478,147.0,13498394.627660014,16631570.722145729,0.0168010555957556,0.0207008279173382,2.5730141327070792,12473.853479853478,2420.8192918192926,1618.0,1243.857142857143,1130.924297924298,5.152740447005436,1.0,0.0,3674.016144175201,4078.182281623239,15.0,19.0,1.0,0.6663473097123536,0.9242010914107226,82.0
2025-12-26 15:33:56.953,1,2025-12-26 15:33:56.925,7872.645909645909,24.602018467643468,987.4041514041514,133.0,541579.7375699895,286477.01582177187,0.0087381796758606,0.0046221958902801,3.5327985199569856,987.4041514041514,972.8571428571428,625.3345543345542,542.9242979242979,460.8693528693529,1.0149528722205514,1.0,0.0,735.9210131325165,535.235476983516,15.0,19.0,1.0,0.4559317846356034,0.6245203519953697,28.0
2025-12-26 15:33:57.481,1,2025-12-26 15:33:57.559,18901.741147741144,59.06794108669108,2562.6898656898657,144.0,2302869.9422376,2076604.273322853,0.0064456361822803,0.0058123280845822,3.476755216689141,2562.6898656898657,2218.831501831502,1524.076923076923,1076.4041514041514,1032.1684981684982,1.1549727248659376,1.0,0.0,1517.5209857651394,1441.0427728984498,15.0,19.0,1.0,0.4451532202458518,0.4787255290937534,78.0
2025-12-26 15:33:58.024,1,2025-12-26 15:33:57.981,28253.855921855924,88.29329975579977,4128.853479853478,157.0,9225647.57387868,6769255.7652953,0.0115569013959534,0.0084797973017103,3.1645876124372614,4128.853479853478,3834.0,3147.4041514041514,2265.2466422466423,2219.7008547008545,1.0769049243224835,1.0,0.0,3037.375112474368,2601.779346004442,15.0,19.0,1.0,0.5519673198354783,0.4723820855294503,43.0
2025-12-26 15:33:58.583,1,2025-12-26 15:33:58.615,24591.333333333336,76.84791666666668,5674.540903540904,142.0,7278257.009174446,6012190.071731646,0.0120354749681115,0.0099418807305984,3.057289512983444,5674.540903540904,3976.035409035409,2328.168498168498,2157.7838827838827,1125.076923076923,1.4271857063053992,1.0,0.0,2697.824495621323,2451.976768187588,15.0,19.0,1.0,0.6206091149973566,0.1684355577190382,32.0
2025-12-26 15:33:59.141,1,2025-12-26 15:33:59.037,54865.74114774115,171.4554410866911,8039.404151404151,153.0,27234651.173590496,27145188.59995944,0.0090473067783669,0.0090175874570632,3.0081833178151047,8039.404151404151,7835.853479853478,7309.168498168498,5588.246642246642,5130.540903540904,1.0259768348237992,1.0,0.0,5218.682896439532,5210.104471117584,15.0,19.0,1.0,0.6179304784003427,0.3739579012744595,104.0
2025-12-26 15:33:59.662,1,2025-12-26 15:33:59.671,57580.5518925519,179.9392246642247,10470.076923076924,141.0,24926673.357844107,36840098.7028191,0.007518179255971,0.0111114091270547,2.900967399125853,10470.076923076924,7572.404151404151,7118.689865689866,7013.246642246642,2994.948717948718,1.382662192050866,1.0,0.0,4992.661951088227,6069.60449311313,15.0,19.0,1.0,0.6107855021256732,0.504390536656904,9.0
2025-12-26 15:34:00.181,1,2025-12-26 15:34:00.094,68813.7619047619,215.04300595238087,15070.540903540905,148.0,74135030.99108848,62017710.70816585,0.0156557137663209,0.0130967980226008,2.5589307460729085,15070.540903540905,14580.246642246642,11138.168498168498,7234.1623931623935,5039.0,1.033627295430832,1.0,0.0,8610.170206859355,7875.132424801875,15.0,19.0,1.0,0.7710974806253947,0.1727270954529596,87.0
2025-12-26 15:34:00.744,1,2025-12-26 15:34:00.727,36543.57264957265,114.19866452991452,10629.162393162393,129.0,24036977.93028867,18782837.69277002,0.0179993929266415,0.0140649825818366,2.642611827570186,10629.162393162393,8166.168498168498,2114.431013431013,1657.076923076923,1574.1367521367522,1.3016094874291402,2.0,3.0,4902.752077179578,4333.917130353328,15.0,19.0,1.0,0.6606079764414395,0.1962580606101295,17.0
2025-12-26 15:34:01.270,1,2025-12-26 15:34:01.361,86004.452991453,268.7639155982906,19082.1684981685,134.0,112968982.65557893,83479099.66070679,0.0152727534787628,0.0112858917534394,2.654918751584806,19082.1684981685,17138.162393162394,9132.853479853478,6938.246642246642,6391.540903540904,1.1134314204993525,2.0,4.0,10628.68677944641,9136.68975399224,15.0,19.0,1.0,0.6823248084933818,0.2800008353487414,91.0
2025-12-26 15:34:01.804,1,2025-12-26 15:34:01.783,55215.53357753358,172.54854242979243,19989.162393162394,146.0,69367808.39537108,52675408.39743589,0.0227528302609497,0.0172776775555885,2.2558917073919265,19989.162393162394,10545.136752136752,6235.4310134310135,3177.168498168498,3109.2466422466423,1.8955811444654915,1.0,0.0,8328.733901102321,7257.782608857604,15.0,19.0,1.0,0.7797831970361228,0.3401858079876152,21.0
2025-12-26 15:34:02.330,1,2025-12-26 15:34:02.417,13898.492063492064,43.432787698412696,2383.0,141.0,728745.362487993,3648732.907108625,0.0037725971925836,0.0188889017075186,3.3929005132395,2383.0,1350.1367521367522,1140.402930402931,757.5982905982906,700.6898656898657,1.7650063937796328,3.0,6.0,853.6658377187135,1910.165675303748,15.0,19.0,1.0,0.4555766057139065,0.7713197863630438,87.0
2025-12-26 15:34:02.892,1,2025-12-26 15:34:02.840,10750.905982905982,33.5965811965812,3281.8534798534783,136.0,1449071.1042550916,1022685.2523924912,0.0125371715479272,0.0088481375490342,3.1046281029533813,3281.8534798534783,867.7008547008545,817.5982905982906,509.0769230769231,487.8571428571428,3.782240690521316,1.0,0.0,1203.7736931230436,1011.2790180719124,15.0,19.0,1.0,0.5547520088603766,0.7228066760309841,52.0
2025-12-26 15:34:03.421,1,2025-12-26 15:34:03.473,29000.91086691087,90.62784645909646,8513.136752136752,138.0,11996401.71372737,12743767.546935812,0.0142635530967617,0.0151521605724914,2.542299816643064,8513.136752136752,5629.598290598291,2561.7008547008545,2452.162393162393,1814.4310134310133,1.5122103412516308,1.0,0.0,3463.5822083108364,3569.84138960484,15.0,19.0,1.0,0.7231162290132022,0.6578666679914588,52.0
2025-12-26 15:34:03.937,1,2025-12-26 15:34:03.896,93916.40781440782,293.48877442002447,37169.13675213675,138.0,189871566.39838472,180024054.45033368,0.0215266766437155,0.0204102156091757,2.17887789713094,37169.13675213675,15666.598290598293,9738.162393162393,7428.641025641025,6267.372405372405,2.372508445208556,1.0,0.0,13779.389188145631,13417.304291486187,15.0,19.0,1.0,0.8121042173762675,0.8044025018065367,41.0
2025-12-26 15:34:04.454,1,2025-12-26 15:34:04.529,14966.568986568986,46.77052808302808,1347.3724053724054,137.0,752148.5912978875,2599347.6799259344,0.003357833385171,0.0116043246245548,3.5476165805724422,1347.3724053724054,1230.7008547008545,1222.1367521367522,1107.857142857143,927.6898656898657,1.0948009016365032,1.0,0.0,867.2650063837971,1612.249261102617,15.0,19.0,1.0,0.3899194949753444,0.646573478375041,75.0
2025-12-26 15:34:05.015,1,2025-12-26 15:34:04.952,51238.31868131869,160.1197458791209,20596.162393162394,150.0,57381621.56765563,53359461.67870661,0.0218566237389874,0.020324585554825,2.18714052653102,20596.162393162394,8353.136752136752,5474.4310134310135,4722.246642246642,3826.5982905982905,2.465680019890897,1.0,0.0,7575.065779757667,7304.75609987812,15.0,19.0,1.0,0.8386804289743783,0.337089417420559,63.0
2025-12-26 15:34:05.504,1,2025-12-26 15:34:05.586,693554.3431013431,2167.357322191697,161424.1623931624,127.0,11148936582.341717,8961795572.40709,0.0231778129539775,0.0186309088741275,1.961583048292244,161424.1623931624,160214.1684981685,147586.43101343102,136404.1965811966,10749.136752136752,1.0075523526185934,1.0,0.0,105588.52486109328,94666.7606523382,15.0,19.0,1.0,0.8887235749715842,0.0572537293501892,82.0
2025-12-26 15:34:05.990,1,2025-12-26 15:34:06.008,84548.82051282052,264.2150641025641,28322.43101343101,147.0,109719405.57873432,122733963.82234932,0.0153485848449147,0.0171691839483054,2.634597494698345,28322.43101343101,9121.162393162393,7818.598290598291,5561.258852258852,5529.136752136752,3.105133950324094,2.0,5.0,10474.703126042969,11078.536176875956,15.0,19.0,1.0,0.6665094434172696,0.2982724620713136,18.0
2025-12-26 15:34:06.556,1,2025-12-26 15:34:06.642,150431.16361416364,470.09738629426136,27586.59829059829,146.0,417726285.80896926,221503439.71794745,0.0184593402410455,0.0097882453109148,2.77208120268184,27586.59829059829,23639.196581196586,18909.13675213676,18043.28205128205,9639.431013431013,1.166985442836092,2.0,4.0,20438.35330473004,14882.99162527304,15.0,19.0,1.0,0.6502485411834849,0.4271569804281638,86.0
2025-12-26 15:34:07.119,1,2025-12-26 15:34:07.064,70478.98656898657,220.24683302808305,10663.258852258852,134.0,55191889.83651142,52902340.91792852,0.0111110720499862,0.0106501466663529,3.0828429950623377,10663.258852258852,9317.598290598293,7799.764346764347,6935.4310134310135,4979.196581196581,1.1444213969835149,2.0,5.0,7429.124432698069,7273.399543399807,15.0,19.0,1.0,0.563221053773153,0.3849565219952238,55.0
2025-12-26 15:34:07.619,1,2025-12-26 15:34:07.698,321350.58730158734,1004.2205853174604,117350.2148962149,116.0,2199930488.0573387,1682594785.4694932,0.0213034902894574,0.0162937610383291,2.266886644300336,117350.2148962149,66425.76434676435,44021.28205128205,14868.196581196582,10330.357753357754,1.7666370278196029,2.0,5.0,46903.41659258245,41019.44399269075,15.0,19.0,1.0,0.7872891030112805,0.0913331561532774,79.0
2025-12-26 15:34:08.125,1,2025-12-26 15:34:08.120,638298.5433455434,1994.6829479548232,293416.25885225885,115.0,12364434941.360683,8121579628.917645,0.0303477548448542,0.0199339240895573,1.9168621843589349,293416.25885225885,85162.76434676435,55376.40293040293,55223.43101343101,49931.70085470085,3.445358556675402,1.0,0.0,111195.48075960948,90119.8070843344,15.0,19.0,1.0,0.8446056529784515,0.1354124394966257,5.0
2025-12-26 15:34:08.662,1,2025-12-26 15:34:08.754,91489.89743589744,285.9059294871795,18475.81929181929,132.0,156448376.36816224,97341148.27573372,0.0186906660920217,0.0116292092105467,2.660462956541416,18475.81929181929,14804.402930402932,13392.258852258852,12857.700854700855,7832.853479853478,1.2479948957532994,1.0,0.0,12507.932537720302,9866.161780334523,15.0,19.0,1.0,0.7362893313574072,0.6660950949220337,92.0
2025-12-26 15:34:09.226,1,2025-12-26 15:34:09.177,35012.004884004884,109.41251526251526,12893.402930402932,155.0,23618008.82467359,21261391.44524345,0.0192667880482443,0.0173443377732298,2.387658913232494,12893.402930402932,6264.819291819293,5869.0,1540.8534798534783,1001.7130647130648,2.0580646192360725,2.0,7.0,4859.836296077635,4611.007638818597,15.0,19.0,1.0,0.7874381617998445,0.9573348502965674,49.0
2025-12-26 15:34:09.718,1,2025-12-26 15:34:09.810,5720.782661782662,17.877445818070818,638.1062271062272,134.0,246054.72980744427,116284.0627900959,0.0075183202353415,0.003553115288646,3.7526497599560686,638.1062271062272,558.869352869353,398.22222222222223,285.6507936507937,266.0854700854701,1.141780675266793,2.0,6.0,496.0390406081403,341.0044908649971,15.0,19.0,1.0,0.3752867733074622,0.7149123827373652,92.0
2025-12-26 15:34:10.190,1,2025-12-26 15:34:10.233,3008.786324786325,9.402457264957269,379.22222222222223,131.0,115547.23283041576,17990.95676054511,0.012763707886734,0.0019873372219262,3.760973675739945,379.22222222222223,294.8693528693529,198.002442002442,174.57509157509162,156.1965811965812,1.2860686216819464,1.0,0.0,339.9223923639274,134.13037225231693,15.0,19.0,1.0,0.399784351569304,0.5875677097112076,43.0
2025-12-26 15:34:10.761,1,2025-12-26 15:34:10.866,10027.919413919415,31.33724816849817,4848.853479853478,140.0,3085151.125366909,1422446.656126415,0.0306799588115071,0.0141453702098092,2.465642828862604,4848.853479853478,729.3345543345542,720.8192918192926,658.0,265.43589743589746,6.648325450959787,0.0,0.0,1756.4598274275756,1192.663681062861,15.0,19.0,1.0,0.7202334726999574,0.8173650952054169,105.0
2025-12-26 15:34:11.305,1,2025-12-26 15:34:11.289,6652.537240537242,20.78917887667888,3053.7008547008545,131.0,1222942.8172645508,542435.2709582697,0.0276332217319046,0.0122566925501252,2.589017655812212,3053.7008547008545,721.3345543345542,283.2588522588524,267.22222222222223,254.5409035409035,4.233404370200624,0.0,0.0,1105.8674501334012,736.5020508853113,15.0,19.0,1.0,0.6884677562040712,0.3275054749736497,16.0
2025-12-26 15:34:11.834,1,2025-12-26 15:34:11.923,17313.28815628816,54.104025488400495,4688.853479853478,133.0,9531392.479032114,2833912.267563897,0.0317978120808198,0.0094542544476856,2.539385655123385,4688.853479853478,4519.0,1454.7008547008545,1003.8192918192926,776.4029304029309,1.03758651910875,0.0,0.0,3087.295333950433,1683.4227833684256,15.0,19.0,1.0,0.7186836171415908,0.7706904356777887,89.0
2025-12-26 15:34:12.355,1,2025-12-26 15:34:12.345,6241.372405372405,19.50428876678877,1297.0,136.0,1152360.784845775,192773.33683988784,0.0295820507435469,0.0049486503770289,3.0159581679924745,1297.0,1118.5750915750916,1041.8534798534783,399.8852258852259,273.002442002442,1.1595108900310882,0.0,0.0,1073.4806867595594,439.0596051106135,15.0,19.0,1.0,0.6617641074838461,0.787899838878803,10.0
2025-12-26 15:34:12.942,1,2025-12-26 15:34:12.979,4312.979242979243,13.478060134310136,740.3345543345542,129.0,342175.502016716,64334.47322257854,0.0183947621669469,0.003458509820517,3.3448254333856027,740.3345543345542,537.1062271062272,369.4358974358975,316.8852258852259,232.929181929182,1.3783764122823228,0.0,0.0,584.9576925015313,253.642412113153,15.0,19.0,1.0,0.5093210430507858,0.5189161261828806,37.0
2025-12-26 15:34:13.473,1,2025-12-26 15:34:13.401,17939.802197802197,56.06188186813186,5879.853479853478,107.0,12110503.981912311,3388807.9564494505,0.037629367312055,0.0105295947661391,2.267005978800152,5879.853479853478,4310.0,1778.990231990232,1063.3345543345542,1021.8192918192926,1.3642351461373814,0.0,0.0,3480.0149398978606,1840.8715208969504,15.0,19.0,1.0,0.783397576129269,0.8147437591107728,72.0
2025-12-26 15:34:13.978,1,2025-12-26 15:34:14.035,7153.484737484737,22.3546398046398,3500.8534798534783,129.0,1381649.902469172,939297.6283967908,0.0269999338989483,0.0183555717210483,2.3580591832526148,3500.8534798534783,983.8192918192926,365.5409035409035,357.8412698412698,293.002442002442,3.5584314202419143,0.0,0.0,1175.4360478006329,969.1736832976796,15.0,19.0,1.0,0.7690038616047797,0.8067422419701251,57.0
2025-12-26 15:34:14.512,0,2025-12-26 15:34:14.457,4667.266178266178,14.585206807081809,889.4358974358975,123.0,480475.1875775647,105453.40689895136,0.0220569686251556,0.0048410043796704,3.261526534928269,889.4358974358975,544.3577533577534,413.3699633699633,373.5750915750916,212.84126984126985,1.6339179371433037,0.0,0.0,693.1631752896028,324.7359033106,15.0,19.0,1.0,0.5214144389089662,0.6093191586322899,55.0
2025-12-26 15:34:15.050,0,2025-12-26 15:34:15.091,13633.0463980464,42.603269993895,8154.0,138.0,6266038.832092013,4581089.50540802,0.0337137650911799,0.0246480718657518,1.8275147242553809,8154.0,1760.402930402931,801.7008547008545,526.5750915750916,392.5409035409035,4.631894130129081,0.0,0.0,2503.2057111016693,2140.347986989036,15.0,19.0,1.0,0.8534570660513737,0.8085442030402978,41.0
2025-12-26 15:34:15.517,0,2025-12-26 15:34:15.514,5674.932844932843,17.734165140415136,1969.8534798534783,117.0,898813.1006552391,254790.7004191506,0.0279092355210558,0.0079115598797891,2.7649288253525013,1969.8534798534783,607.2222222222222,545.3345543345542,332.81929181929263,317.8412698412698,3.244040497466077,0.0,0.0,948.0575407934052,504.7679669106892,15.0,19.0,1.0,0.6648661616214777,0.831117073349008,3.0
2025-12-26 15:34:16.015,0,2025-12-26 15:34:15.936,4530.978021978021,14.159306318681317,1032.3577533577534,119.0,434434.529624182,124012.67677316885,0.0211612065011703,0.0060406291006152,3.1153179639320308,1032.3577533577534,860.3345543345542,311.0854700854701,300.61538461538464,262.2148962148962,1.1999491920385024,0.0,0.0,659.1164765230665,352.15433658151767,15.0,19.0,1.0,0.6105984282394888,0.3684412635199924,79.0
2025-12-26 15:34:16.587,0,2025-12-26 15:34:16.570,3876.611721611722,12.11441163003663,814.3577533577534,143.0,187879.07144449904,79051.36814019826,0.012501835954567,0.0052602305774371,3.4962904151277048,814.3577533577534,453.5409035409035,302.2148962148962,217.6153846153846,200.8693528693529,1.795555256423555,1.0,0.0,433.450194883448,281.16075142202595,15.0,19.0,1.0,0.512973295600264,0.2477942137579696,17.0
2025-12-26 15:34:17.153,0,2025-12-26 15:34:17.204,3355.713064713065,10.486603327228329,613.4358974358975,135.0,212740.1188066556,52276.53979263478,0.0188920793037207,0.0046423426903514,3.2978406750603684,613.4358974358975,578.0854700854701,281.33455433455424,156.1965811965812,149.75213675213675,1.061150866400672,0.0,0.0,461.237594745545,228.64063460512608,15.0,19.0,1.0,0.5300824610152445,0.5259286642900354,51.0
2025-12-26 15:34:17.623,0,2025-12-26 15:34:17.626,23297.278388278388,72.80399496336996,10171.853479853478,121.0,20283336.781824104,7278296.103424837,0.0373705098613652,0.0134097086309145,2.174505264962061,10171.853479853478,4218.700854700855,1424.3345543345542,1420.8192918192926,1063.2588522588524,2.411134097957355,0.0,0.0,4503.702563649614,2697.8317411256094,15.0,19.0,1.0,0.7854551389218514,0.6734987307178869,3.0
2025-12-26 15:34:18.110,0,2025-12-26 15:34:18.048,9118.43711843712,28.495115995116,3641.8534798534783,134.0,2081427.4137423765,917131.7404117112,0.0250334355250307,0.0110303910383672,2.6676937890594687,3641.8534798534783,798.2222222222222,652.8192918192926,625.0,578.4029304029309,4.562455640122528,0.0,0.0,1442.7152919902028,957.6699538002176,15.0,19.0,1.0,0.6905018746651626,0.8420028119977653,62.0
2025-12-26 15:34:18.667,0,2025-12-26 15:34:18.682,5242.112332112331,16.381601037851034,1531.3345543345542,118.0,753331.0965839315,176268.46362094692,0.0274140530409549,0.0064144876443632,3.001580430713452,1531.3345543345542,594.2222222222222,562.0,253.013431013431,236.1062271062271,2.5770401998855266,0.0,0.0,867.946482557497,419.8433798703356,15.0,19.0,1.0,0.6059916753817011,0.7679572076424771,15.0
2025-12-26 15:34:19.235,0,2025-12-26 15:34:19.316,5997.231990231991,18.74134996947497,1054.990231990232,117.0,936204.7930890656,176965.24515740704,0.0260296999782762,0.004920239964624,3.017375952129137,1054.990231990232,1009.5750915750916,516.1807081807082,470.5409035409035,396.8693528693529,1.0449844105634984,0.0,0.0,967.5767634090154,420.6723727051814,15.0,19.0,1.0,0.5749579629022035,0.492170075205553,81.0
2025-12-26 15:34:19.710,0,2025-12-26 15:34:19.738,8324.155067155069,26.012984584859588,3386.7008547008545,148.0,1807493.2073340428,771978.5034623772,0.0260853308888818,0.0111410181903927,2.6474240924668315,3386.7008547008545,1111.2222222222222,496.2588522588524,440.1965811965812,389.990231990232,3.047725996628364,0.0,0.0,1344.4304397528504,878.6230724618932,15.0,19.0,1.0,0.6996948873945744,0.2921538638233145,28.0
2025-12-26 15:34:20.188,0,2025-12-26 15:34:20.161,5287.238095238095,16.52261904761905,915.885225885226,142.0,536267.5023249711,113923.46134128251,0.0191833187716054,0.0040752610684026,3.293994325824359,915.885225885226,622.2222222222222,602.1807081807082,492.1965811965812,392.7032967032967,1.4719583987417475,0.0,0.0,732.3028760867809,337.5254973202506,15.0,19.0,1.0,0.5721679220219098,0.6571884566425438,27.0
2025-12-26 15:34:20.750,0,2025-12-26 15:34:20.794,4592.275946275947,14.350862332112332,1187.7008547008545,129.0,421205.889935438,105433.16756208248,0.0199727783468112,0.0049994393156336,3.296901897913428,1187.7008547008545,399.22222222222223,333.1965811965812,315.18070818070817,259.96581196581195,2.975036930776765,1.0,0.0,649.0037672736869,324.70473905085294,15.0,19.0,1.0,0.5433615504506304,0.4071451399253687,44.0
2025-12-26 15:34:21.306,0,2025-12-26 15:34:21.217,3334.863247863248,10.42144764957265,854.7008547008545,88.0,294257.27579061664,54525.85903299012,0.0264588613695105,0.0049028257375492,2.9744385049287407,854.7008547008545,385.8412698412698,323.5750915750916,288.61538461538464,231.35775335775332,2.2151618333887724,0.0,0.0,542.4548606018907,233.5077279941504,15.0,19.0,1.0,0.6249402746649569,0.3451412227280729,89.0
2025-12-26 15:34:21.804,0,2025-12-26 15:34:21.851,18883.70085470085,59.01156517094017,7260.853479853478,129.0,12094618.222181218,4568371.422346482,0.0339170397267226,0.01281112244899,2.2983433290721376,7260.853479853478,3546.7008547008545,2029.8192918192929,1185.990231990232,676.2588522588524,2.0472133899389284,0.0,0.0,3477.731763977955,2137.3748904547565,15.0,19.0,1.0,0.7784291238103705,0.6064157505186462,47.0
2025-12-26 15:34:22.348,0,2025-12-26 15:34:22.273,4277.80586080586,13.368143315018312,1240.3345543345542,122.0,402616.89401538286,112410.08125983404,0.0220013764433742,0.0061427539444815,3.118917813064524,1240.3345543345542,395.18070818070817,369.4358974358975,250.013431013431,245.7032967032967,3.1386515805428328,0.0,0.0,634.5209957246354,335.2761268862339,15.0,19.0,1.0,0.5845678763917123,0.6769597345299133,75.0
2025-12-26 15:34:22.911,0,2025-12-26 15:34:22.907,22901.81684981685,71.56817765567766,8733.700854700855,115.0,17714912.99471095,6857457.96529858,0.0337752948700158,0.0130744455197634,2.0834260719229567,8733.700854700855,4673.853479853478,2251.8192918192926,1986.990231990232,1511.2588522588524,1.868629577787445,0.0,0.0,4208.908765310903,2618.674849098028,15.0,19.0,1.0,0.8365110434797264,0.3875528427664819,4.0
2025-12-26 15:34:23.425,0,2025-12-26 15:34:23.329,11698.481074481077,36.55775335775336,4108.853479853478,153.0,3968075.809023816,1411671.635068765,0.0289948593927486,0.0103151306924299,2.627578422571097,4108.853479853478,1665.0,1117.7008547008545,1072.8192918192926,462.990231990232,2.467779867778385,0.0,0.0,1992.0029641101985,1188.1378855455982,15.0,19.0,1.0,0.7203810310679124,0.7346247637003058,96.0
2025-12-26 15:34:23.921,0,2025-12-26 15:34:23.963,5854.623931623932,18.295699786324786,2401.0,120.0,858792.7299077034,442303.3035024809,0.0250547660566648,0.0129039352679845,2.6058001574113883,2401.0,660.4029304029309,567.2222222222222,373.8412698412698,284.1062271062271,3.635659215702518,0.0,0.0,926.710704539288,665.0588722079278,15.0,19.0,1.0,0.7321687438227865,0.8047684463840381,42.0
2025-12-26 15:34:24.461,0,2025-12-26 15:34:24.386,5659.338217338217,17.685431929181927,2691.7008547008545,128.0,764471.6503631462,591824.3487265806,0.0238687725514209,0.0184782794279386,2.415968803522928,2691.7008547008545,848.2588522588524,343.8852258852259,198.0854700854701,145.8693528693529,3.173206913821029,0.0,0.0,874.3406946740762,769.3012080626031,15.0,19.0,1.0,0.7470484345407242,0.2271114248592586,75.0
2025-12-26 15:34:25.009,0,2025-12-26 15:34:25.019,3670.1782661782654,11.469307081807084,811.5750915750916,133.0,231008.64804909995,91505.77890211262,0.0171495970499775,0.0067931969178142,3.1861589801526806,811.5750915750916,772.8534798534783,288.42124542124543,213.8693528693529,197.81929181929263,1.0501021380247963,0.0,0.0,480.6335902213868,302.4992213248038,15.0,19.0,1.0,0.622459808721148,0.7637766827372034,10.0
2025-12-26 15:34:25.500,0,2025-12-26 15:34:25.442,4453.105006105006,13.915953144078143,640.3577533577534,123.0,451605.398579136,54380.5294865496,0.0227736820332224,0.0027423163921897,3.4153845570960994,640.3577533577534,392.7032967032967,351.22222222222223,310.5750915750916,254.5409035409035,1.6306401263545771,0.0,0.0,672.0159213732484,233.19633248949177,15.0,19.0,1.0,0.4377618009739925,0.453195188606276,58.0
2025-12-26 15:34:26.022,0,2025-12-26 15:34:26.075,3150.533577533577,9.845417429792429,556.3345543345542,106.0,240357.94688262072,43800.1887608664,0.0242153226757079,0.0044127340820532,3.101741697819094,556.3345543345542,381.1965811965812,315.18070818070817,269.7008547008545,267.3577533577534,1.4594426649545311,0.0,0.0,490.26314044869895,209.28494633123137,15.0,19.0,1.0,0.5680848680784482,0.5467027505078126,53.0
2025-12-26 15:34:26.572,0,2025-12-26 15:34:26.498,28824.17094017094,90.0755341880342,8722.700854700855,142.0,29590809.551884808,7979066.940868,0.0356158404790731,0.0096036972168508,2.3754296458716686,8722.700854700855,6399.0,2463.8534798534783,1976.2588522588524,1818.990231990232,1.363134998390294,0.0,0.0,5439.743518943224,2824.7242238611543,15.0,19.0,1.0,0.7417664661780512,0.5191417408635802,74.0
2025-12-26 15:34:27.118,0,2025-12-26 15:34:27.132,4533.1721611721605,14.166163003663002,751.3577533577534,128.0,432769.0043106821,75399.21092645518,0.0210596777862649,0.0036691238781736,3.279696242008227,751.3577533577534,654.2222222222222,567.3345543345542,428.1062271062271,169.25885225885236,1.1484748268018758,0.0,0.0,657.851810296728,274.5891675329804,15.0,19.0,1.0,0.5669936013668703,0.5339895729969828,14.0
2025-12-26 15:34:27.626,0,2025-12-26 15:34:27.554,13982.168498168498,43.69427655677656,3883.8534798534783,154.0,6581982.698163264,1329084.2011607112,0.0336672522858282,0.0067983486377247,2.785403446984517,3883.8534798534783,2551.0,1371.7008547008545,1099.3345543345542,552.4029304029309,1.5224827439639184,0.0,0.0,2565.5375066763813,1152.859141942636,15.0,19.0,1.0,0.6764538576780897,0.7631452968703006,72.0
2025-12-26 15:34:28.141,0,2025-12-26 15:34:28.188,4058.6361416361415,12.683237942612942,871.3345543345542,125.0,282638.5593460205,88646.6173680752,0.0171581782006084,0.0053814824884544,3.400609005709612,871.3345543345542,415.8852258852259,371.22222222222223,307.013431013431,179.99023199023202,2.0951322627001088,0.0,0.0,531.6376203261208,297.7358180805178,15.0,19.0,1.0,0.5286124674827963,0.7632913490668912,47.0
2025-12-26 15:34:28.685,0,2025-12-26 15:34:28.610,33325.63614163615,104.14261294261296,10212.853479853478,133.0,38379496.43071191,13536536.58740678,0.0345575046892506,0.0121885113172352,2.1942787189792194,10212.853479853478,8758.700854700855,3520.8192918192926,2457.990231990232,1931.2588522588524,1.166023780155821,0.0,0.0,6195.118758402611,3679.203254429793,15.0,19.0,1.0,0.8066349460329352,0.5597956026182581,75.0
2025-12-26 15:34:29.235,0,2025-12-26 15:34:29.244,17040.308913308916,53.25096535409036,4060.8534798534783,132.0,9337774.823303904,2393142.9921292784,0.0321579584517592,0.0082416415437594,2.521935257686459,4060.8534798534783,3134.0,3107.7008547008545,1472.8192918192926,1121.3345543345542,1.2957413783829554,0.0,0.0,3055.777286273315,1546.978665699459,15.0,19.0,1.0,0.75683535118514,0.7148525871966024,9.0
2025-12-26 15:34:29.725,0,2025-12-26 15:34:29.666,6653.649572649572,20.792654914529912,1438.0,120.0,968184.657284733,350911.3212794833,0.0218694745131371,0.007926428227664,2.889794709180153,1438.0,1320.8534798534783,704.8192918192926,564.4029304029309,389.8412698412698,1.0886900189401991,0.0,0.0,983.9637479525012,592.3776846569116,15.0,19.0,1.0,0.6639840171439978,0.833918572509311,59.0
2025-12-26 15:34:30.232,0,2025-12-26 15:34:30.300,8629.076923076922,26.96586538461538,3992.8534798534783,148.0,1844585.706866692,1182905.275161361,0.0247725183129587,0.0158862461539977,2.472124256237485,3992.8534798534783,1024.8192918192926,830.8412698412699,292.2588522588524,286.7032967032967,3.8961537040948335,0.0,0.0,1358.1552587486792,1087.6144883005932,15.0,19.0,1.0,0.7448625441368253,0.8164794500349544,68.0
2025-12-26 15:34:30.795,0,2025-12-26 15:34:30.723,11031.3663003663,34.47301968864469,4891.853479853478,114.0,3492764.945763556,1598002.8174659037,0.0287019066922366,0.0131316388228383,2.334592724259348,4891.853479853478,978.7008547008544,944.3345543345542,836.8192918192926,597.4029304029309,4.998313280663991,0.0,0.0,1868.8940434822823,1264.1213618422496,15.0,19.0,1.0,0.7477868911701759,0.8236616667158467,72.0
2025-12-26 15:34:31.344,0,2025-12-26 15:34:31.356,5292.916971916971,16.540365537240536,1846.0,114.0,709604.6671247693,223547.2946686637,0.0253294815347201,0.0079795657142302,2.823895393175892,1846.0,664.3577533577534,453.5409035409035,260.4029304029309,190.2148962148962,2.778623400821755,0.0,0.0,842.3803577510395,472.8078834671263,15.0,19.0,1.0,0.645110531986898,0.569303460126645,12.0
2025-12-26 15:34:31.855,0,2025-12-26 15:34:31.779,20549.833943833943,64.21823107448107,13020.853479853478,130.0,14100908.07157968,11970449.54611659,0.0333910785792437,0.0283461334117096,1.662427063210472,13020.853479853478,2997.8192918192926,694.3577533577534,564.4358974358975,519.885225885226,4.343441752937397,0.0,0.0,3755.11758425481,3459.8337454445104,15.0,19.0,1.0,0.8660581733649945,0.9172878176841652,76.0
2025-12-26 15:34:32.386,0,2025-12-26 15:34:32.412,9953.593406593403,31.104979395604392,2265.7008547008545,135.0,2465768.5197607577,699110.5547137168,0.0248881440094622,0.0070564467121748,2.9069359361946945,2265.7008547008545,1659.3577533577534,1091.5750915750916,808.2588522588524,775.3345543345542,1.3654083033720636,0.0,0.0,1570.2765742889874,836.1283123502737,15.0,19.0,1.0,0.6630999315136136,0.4017827296956303,26.0
2025-12-26 15:34:32.949,0,2025-12-26 15:34:33.046,3707.461538461538,11.585817307692306,1575.3345543345542,125.0,297221.7821423575,189981.3474396208,0.0216235664515233,0.0138215788267596,2.6343034414156827,1575.3345543345542,442.013431013431,271.3577533577534,224.1062271062271,161.84126984126982,3.563997027690144,0.0,0.0,545.180504184034,435.8684978747843,15.0,19.0,1.0,0.7214244053256983,0.6696573685181127,97.0
2025-12-26 15:34:33.484,0,2025-12-26 15:34:33.469,5729.5347985348,17.90479624542125,2318.0,124.0,708284.0953994737,443838.5056299452,0.0215758923615328,0.013520297696328,2.6368658502462905,2318.0,713.4029304029309,360.8693528693529,332.81929181929263,207.0854700854701,3.2492156973444746,0.0,0.0,841.5961593302774,666.2120575537081,15.0,19.0,1.0,0.6862995310163621,0.7819389667188054,15.0
2025-12-26 15:34:34.009,0,2025-12-26 15:34:34.102,10778.639804639804,33.68324938949938,3436.8534798534783,139.0,3378527.912506628,870552.7616173418,0.0290803475782173,0.0074931974956591,2.831087025376209,3436.8534798534783,1190.990231990232,953.7008547008544,892.3345543345542,523.8192918192926,2.8857108879116145,0.0,0.0,1838.0772324651184,933.0341695872352,15.0,19.0,1.0,0.6492190609881512,0.5787247558991573,93.0
2025-12-26 15:34:34.564,0,2025-12-26 15:34:34.525,7854.501831501831,24.54531822344322,3344.8534798534783,127.0,1870240.2621790243,870353.4018688139,0.030315177229502,0.0141077690195867,2.401208888226038,3344.8534798534783,1322.7008547008545,853.8192918192926,248.6153846153846,200.2588522588524,2.5288057144314995,0.0,0.0,1367.567278849207,932.927329361089,15.0,19.0,1.0,0.760105222625628,0.6425804042601226,39.0
2025-12-26 15:34:35.146,0,2025-12-26 15:34:35.158,6237.986568986567,19.493708028083024,1711.3345543345542,118.0,1028554.0768465714,316343.3993493174,0.0264325011174279,0.0081296136440661,2.775992740060659,1711.3345543345542,994.0,621.013431013431,521.4358974358975,452.0854700854701,1.7216645415823266,0.0,0.0,1014.1765511224224,562.4441299803185,15.0,19.0,1.0,0.6893040415069739,0.7903609986549683,12.0
2025-12-26 15:34:35.663,0,2025-12-26 15:34:35.581,17761.632478632477,55.50510149572649,5921.853479853478,121.0,10131821.57471718,4608762.249192229,0.0321160240293716,0.0146089346371903,2.0775771219302444,5921.853479853478,5081.700854700855,2071.8192918192926,1243.2588522588524,693.990231990232,1.1653290205727616,0.0,0.0,3183.0522419082567,2146.802796996554,15.0,19.0,1.0,0.8452276404594165,0.5589473874521858,82.0
2025-12-26 15:34:36.188,0,2025-12-26 15:34:36.215,6745.330891330891,21.079159035409035,1934.0,120.0,1365024.9419396168,381046.9341919253,0.0300008852172619,0.0083747519798705,2.6675208652692985,1934.0,1554.7008547008545,517.869352869353,356.2588522588524,281.33455433455424,1.243969213852966,0.0,0.0,1168.3428186707945,617.2899919745381,15.0,19.0,1.0,0.6885004885574421,0.5938043155975867,27.0
2025-12-26 15:34:36.743,0,2025-12-26 15:34:36.848,5363.963369963369,16.76238553113553,1778.0,117.0,710634.3729318033,273329.6745481775,0.0246987289070998,0.0094998156451111,2.813669457232881,1778.0,618.4029304029309,500.33455433455424,466.4358974358975,196.1062271062271,2.875148083206266,0.0,0.0,842.9913243514451,522.8094055659075,15.0,19.0,1.0,0.6635540483385614,0.8020043313514335,105.0
2025-12-26 15:34:37.287,0,2025-12-26 15:34:37.271,3723.382173382175,11.635569291819296,833.8412698412699,119.0,244253.87514999296,52707.53973255751,0.0176183905315847,0.0038018722052903,3.308526193632874,833.8412698412699,352.81929181929263,283.3577533577534,274.5750915750916,217.8693528693529,2.363366429140684,0.0,0.0,494.2204722085002,229.58122687309933,15.0,19.0,1.0,0.5270645526241022,0.5929695518862466,16.0
2025-12-26 15:34:37.804,0,2025-12-26 15:34:37.905,3981.371184371185,12.441784951159953,394.4358974358975,127.0,277156.6388907466,36841.83832173831,0.0174847709813411,0.00232421315313,3.620835814506588,394.4358974358975,378.0,257.5750915750916,256.8412698412698,237.4029304029309,1.0434812101451163,0.0,0.0,526.4566828246618,191.94227861974107,15.0,19.0,1.0,0.3828467928934254,0.6583217383275718,101.0
2025-12-26 15:34:38.316,0,2025-12-26 15:34:38.327,8481.240537240536,26.503876678876672,4452.853479853478,116.0,2348695.180166257,1309473.361295245,0.0326518577393122,0.0182044644479599,2.2052215881735577,4452.853479853478,752.8192918192926,554.7008547008545,413.002442002442,324.18070818070817,5.914903520985259,0.0,0.0,1532.545327279509,1144.3222279127697,15.0,19.0,1.0,0.766109244045808,0.7511602133904927,11.0
2025-12-26 15:34:38.908,0,2025-12-26 15:34:38.961,3015.901098901099,9.424690934065934,271.1965811965812,125.0,110048.0157593332,10775.056033113882,0.0120989595647381,0.0011846371454578,3.860351192380015,271.1965811965812,209.5750915750916,175.18070818070817,157.8693528693529,149.5409035409035,1.2940305985652705,1.0,0.0,331.7348576187513,103.80296736179504,15.0,19.0,1.0,0.3194277948018048,0.4687110200996575,53.0
2025-12-26 15:34:39.429,0,2025-12-26 15:34:39.383,29698.25152625153,92.80703601953604,13120.853479853478,118.0,33346296.03895416,13099031.79994564,0.0378081858502195,0.0148517432992181,1.97187811814824,13120.853479853478,5794.0,2982.7008547008545,2173.8192918192926,1361.402930402931,2.2645587642131884,0.0,0.0,5774.6251860146,3619.2584599535912,15.0,19.0,1.0,0.8563728586612113,0.7929384396609541,46.0
2025-12-26 15:34:39.950,0,2025-12-26 15:34:40.017,7975.434676434676,24.923233363858365,1620.3345543345542,102.0,2032995.1626648635,364332.1788782405,0.0319615344103698,0.0057278126804581,2.78183996292593,1620.3345543345542,1398.990231990232,906.7008547008544,801.869352869353,619.013431013431,1.1582172035813825,0.0,0.0,1425.831393491132,603.5993529471685,15.0,19.0,1.0,0.6704221953828384,0.5345279560358742,67.0
2025-12-26 15:34:40.470,0,2025-12-26 15:34:40.439,11984.166056166056,37.45051892551893,6385.853479853478,119.0,4936433.955967177,2724644.124890445,0.0343714374194697,0.0189711714700028,2.060440371914194,6385.853479853478,1300.8192918192926,993.7008547008544,427.22222222222223,377.4029304029309,4.909101148797907,0.0,0.0,2221.8087127309536,1650.6496069397783,15.0,19.0,1.0,0.7914608938615127,0.8004115524024114,31.0
2025-12-26 15:34:41.045,0,2025-12-26 15:34:41.073,5575.083028083029,17.422134462759466,2214.0,104.0,868327.9534454092,417689.9480854249,0.0279370858896354,0.0134385169895759,2.302122179783221,2214.0,1342.5750915750916,363.42124542124543,330.4029304029309,143.43345543345544,1.6490697718821188,0.0,0.0,931.84116320616,646.2893686928672,15.0,19.0,1.0,0.7881196926932114,0.9065421256666968,28.0
2025-12-26 15:34:41.570,0,2025-12-26 15:34:41.496,3655.9914529914536,11.424973290598292,1094.3577533577534,110.0,285137.4455813003,94988.55005244416,0.0213326059419943,0.0071065843461532,3.0155835949091503,1094.3577533577534,497.1062271062271,209.002442002442,193.2148962148962,175.22222222222223,2.201456537219554,0.0,0.0,533.9826266661681,308.20212532110185,15.0,19.0,1.0,0.5932463379060361,0.2540770548419163,74.0
2025-12-26 15:34:42.092,0,2025-12-26 15:34:42.129,11299.870573870572,35.312095543345535,4274.700854700855,115.0,4357584.342274274,1400794.7587084067,0.0341270590053344,0.0109705289972322,2.438702630391731,4274.700854700855,1720.8534798534783,1003.2588522588524,901.990231990232,700.2222222222222,2.4840585818278607,0.0,0.0,2087.482776521587,1183.551755821606,15.0,19.0,1.0,0.7611614296639458,0.3315389092163014,37.0
2025-12-26 15:34:42.659,0,2025-12-26 15:34:42.763,7207.133089133088,22.5222909035409,3256.8534798534783,127.0,1821112.644810869,497907.8970667493,0.0350599850029515,0.0095857021550823,2.4961448839124936,3256.8534798534783,579.3577533577534,401.33455433455424,357.8693528693529,352.8412698412698,5.621489418191578,0.0,0.0,1349.486066919873,705.6258903036008,15.0,19.0,1.0,0.6865776376069286,0.7283313133338262,104.0
2025-12-26 15:34:43.212,0,2025-12-26 15:34:43.185,4619.0,14.434375,833.3345543345542,119.0,547395.202465086,98688.07417462776,0.025656952036352,0.0046256071924924,3.078321162454194,833.3345543345542,690.990231990232,523.2222222222222,476.0854700854701,325.1965811965812,1.2060004841647725,0.0,0.0,739.8616103468851,314.14658071452527,15.0,19.0,1.0,0.6167631651501283,0.4482956604626991,27.0
2025-12-26 15:34:43.681,0,2025-12-26 15:34:43.608,7914.86691086691,24.73395909645909,2827.8534798534783,135.0,1519195.1142982556,748126.656458649,0.024250814070489,0.011942297784005,2.6655729583293364,2827.8534798534783,1159.8192918192926,594.0,541.869352869353,526.5409035409035,2.438184551504803,0.0,0.0,1232.5563331135238,864.9431521543187,15.0,19.0,1.0,0.7138569847996931,0.8048466310288764,73.0
2025-12-26 15:34:44.164,0,2025-12-26 15:34:44.242,2504.1550671550667,7.825484584859583,308.8693528693529,120.0,83032.3404593754,21423.15108544996,0.0132411236905783,0.003416338643413,3.5520681126217006,308.8693528693529,275.990231990232,240.6153846153846,185.7643467643468,145.5409035409035,1.1191314657801563,0.0,0.0,288.15332803800027,146.3664957749893,15.0,19.0,1.0,0.4619443240365936,0.387486877731264,78.0
2025-12-26 15:34:44.751,0,2025-12-26 15:34:44.664,2965.289377289377,9.266529304029303,715.3345543345542,118.0,125975.7452211928,52960.03416453847,0.0143269179124963,0.0060230170560697,3.266996914704734,715.3345543345542,481.8412698412698,214.29792429792428,184.8693528693529,118.013431013431,1.4845854830341083,1.0,0.0,354.93062029246335,230.1304720469205,15.0,19.0,1.0,0.5781413933783007,0.7307911809900639,87.0
2025-12-26 15:34:45.289,0,2025-12-26 15:34:45.298,26124.87423687424,81.640231990232,11824.853479853478,129.0,23468287.66303272,11214017.542376108,0.0343853133217592,0.0164305769695204,2.0811188163597008,11824.853479853478,4538.0,3028.8192918192926,1160.402930402931,930.5750915750916,2.605741181104203,0.0,0.0,4844.40787537886,3348.733722226374,15.0,19.0,1.0,0.8223063812237629,0.89458439301946,9.0
2025-12-26 15:34:45.774,0,2025-12-26 15:34:45.720,4344.440781440781,13.576377442002444,1879.0,123.0,450421.8935970617,181866.4545448044,0.0238644664179578,0.0096357347605313,2.748408102567022,1879.0,458.0854700854701,193.84126984126985,189.75213675213675,140.1965811965812,4.101854616007167,1.0,0.0,671.1347805002075,426.45803374400674,15.0,19.0,1.0,0.6585140877270801,0.6268617747069534,54.0
2025-12-26 15:34:46.260,0,2025-12-26 15:34:46.354,16135.835164835167,50.424484890109895,5087.0,137.0,9022670.698370298,2506577.5701107355,0.0346539073343476,0.0096271613743657,2.4965505870770395,5087.0,3385.8534798534783,1494.7008547008545,1088.402930402931,928.8192918192926,1.502427683379446,0.0,0.0,3003.7760732734887,1583.2174740416224,15.0,19.0,1.0,0.7427428722681949,0.7590722656833315,94.0
2025-12-26 15:34:46.783,0,2025-12-26 15:34:46.776,10197.007326007324,31.865647893772888,4891.853479853478,115.0,3389898.4015420005,1822252.09314666,0.0326017730268456,0.0175252004931587,2.11850908152913,4891.853479853478,1459.7008547008545,1220.8192918192926,389.990231990232,359.2588522588524,3.351271230743127,0.0,0.0,1841.167673391536,1349.9081795243187,15.0,19.0,1.0,0.8160848025869033,0.6926137322245104,7.0
2025-12-26 15:34:47.325,0,2025-12-26 15:34:47.410,3931.8424908424895,12.28700778388278,675.7008547008545,133.0,264281.9598139682,60422.583827842514,0.0170952436620746,0.0039084725796501,3.460090973075581,675.7008547008545,555.8534798534783,311.81929181929263,309.002442002442,183.18070818070817,1.2156096510860237,0.0,0.0,514.0836116955765,245.8100564009588,15.0,19.0,1.0,0.5177106614258326,0.5192680282678617,85.0
2025-12-26 15:34:47.804,0,2025-12-26 15:34:47.833,2318.206349206349,7.24439484126984,357.1062271062271,121.0,48211.07546059972,18056.05314970235,0.0089710367881898,0.0033598403584228,3.6952139152793553,357.1062271062271,223.22222222222223,145.92918192918194,140.33455433455424,122.7008547008545,1.5997790163970362,1.0,0.0,219.57020622251943,134.37281402762372,15.0,19.0,1.0,0.4267493446523012,0.3992555610389241,29.0
2025-12-26 15:34:48.282,0,2025-12-26 15:34:48.255,9588.94993894994,29.96546855921856,2665.334554334554,116.0,2745183.251795697,654495.1035700495,0.029855836105323,0.0071181035113564,2.77306929608838,2665.334554334554,1180.2222222222222,1031.1807081807085,754.013431013431,619.3577533577534,2.258332798812904,0.0,0.0,1656.8594544485954,809.0087166217985,15.0,19.0,1.0,0.6518032432018777,0.7732962366377871,27.0
2025-12-26 15:34:48.817,0,2025-12-26 15:34:48.889,5330.240537240537,16.65700167887668,971.08547008547,136.0,572200.2607086801,101509.52216382214,0.0201397667147945,0.0035728367078645,3.3734932572756096,971.08547008547,614.5750915750916,393.8412698412698,346.7643467643468,284.2588522588524,1.580092462900017,0.0,0.0,756.4391982893801,318.6055902896591,15.0,19.0,1.0,0.4897574532116721,0.3604166518724583,72.0
2025-12-26 15:34:49.329,0,2025-12-26 15:34:49.311,6053.47619047619,18.917113095238093,1598.7008547008545,139.0,837854.353840399,202618.3584788434,0.0228643496878788,0.0055292867790321,3.231941025283959,1598.7008547008545,662.990231990232,472.2588522588524,409.5750915750916,252.33455433455424,2.4113490328496985,0.0,0.0,915.3438445963347,450.1314902101867,15.0,19.0,1.0,0.5609767806143616,0.2723151028571313,18.0
2025-12-26 15:34:49.788,0,2025-12-26 15:34:49.734,7463.517704517705,23.32349282661783,1322.990231990232,124.0,1656385.3327470997,178171.23839168873,0.0297354312529593,0.0031985302608687,3.2003675019839632,1322.990231990232,839.0854700854701,665.3345543345542,654.2222222222222,579.3577533577534,1.5767049712514916,0.0,0.0,1287.0063452629515,422.1033503677609,15.0,19.0,1.0,0.5441120920141382,0.3723873932311024,54.0
2025-12-26 15:34:50.276,0,2025-12-26 15:34:50.367,18938.60683760684,59.18314636752136,9512.853479853478,131.0,11538757.532358669,6820311.368908221,0.0321708837213068,0.0190155173446479,2.156345452738199,9512.853479853478,2592.8192918192926,1334.7008547008545,746.0,573.869352869353,3.668922670339654,0.0,0.0,3396.874671276329,2611.572585418261,15.0,19.0,1.0,0.7793732192556232,0.8121682173469414,91.0
2025-12-26 15:34:50.829,0,2025-12-26 15:34:50.790,12892.340659340658,40.28856456043955,7456.853479853478,115.0,5687199.351048606,3743622.4534105696,0.0342164466653974,0.0225231172859958,1.8359205985462688,7456.853479853478,1363.8192918192926,1202.990231990232,626.7008547008545,315.1965811965812,5.467625751136574,0.0,0.0,2384.7849695619534,1934.8442969424104,15.0,19.0,1.0,0.8505484558085196,0.7397320744055562,39.0
2025-12-26 15:34:51.354,0,2025-12-26 15:34:51.424,3549.6153846153843,11.092548076923077,1134.3577533577534,132.0,237761.6118702244,86514.46948687758,0.0188703145846511,0.0068663534138247,3.1728953491547034,1134.3577533577534,393.8412698412698,187.22222222222223,178.2148962148962,161.43589743589746,2.8802409504012982,0.0,0.0,487.6080514821555,294.13342123410183,15.0,19.0,1.0,0.578956257621172,0.4260620851799626,70.0
2025-12-26 15:34:51.854,0,2025-12-26 15:34:51.846,3676.330891330889,11.488534035409028,656.8534798534783,113.0,263874.8629685568,38761.497210612186,0.0195240015624294,0.0028679485555707,3.3785591580892067,656.8534798534783,429.4358974358975,374.0854700854701,243.18070818070817,232.33455433455424,1.5295728274555769,0.0,0.0,513.6875149043013,196.87939762863,15.0,19.0,1.0,0.5265821187245633,0.755496917049927,8.0
2025-12-26 15:34:52.353,0,2025-12-26 15:34:52.268,4893.202686202687,15.291258394383396,1154.5750915750916,113.0,453006.8606970702,116643.20171704605,0.0189198796021492,0.0048716156958414,3.097343082504848,1154.5750915750916,517.8192918192926,497.5409035409035,371.8852258852259,263.42124542124543,2.2296872863048582,0.0,0.0,673.0578435001484,341.53067463559705,15.0,19.0,1.0,0.5732935948374052,0.6465374084254503,85.0
2025-12-26 15:34:52.898,0,2025-12-26 15:34:52.902,16137.433455433456,50.42947954822955,5825.853479853478,129.0,10557088.033207964,2449453.055815841,0.0405392037473254,0.0094058964164054,2.3330271441465538,5825.853479853478,2813.7008547008545,2294.0,757.8192918192926,654.3577533577534,2.0705305150397013,0.0,0.0,3249.1672830446823,1565.0728595870037,15.0,19.0,1.0,0.765036857553939,0.6326414941015266,4.0
2025-12-26 15:34:53.389,0,2025-12-26 15:34:53.325,30381.615384615383,94.94254807692307,13292.853479853478,125.0,34100178.71994132,15133518.095980722,0.036943235818456,0.0163952550622775,1.9516843868360003,13292.853479853478,7122.700854700855,3085.8192918192926,1526.0,1388.2588522588524,1.8662658661396072,0.0,0.0,5839.535830863727,3890.182270277413,15.0,19.0,1.0,0.869461091657685,0.6479862608897918,64.0
2025-12-26 15:34:53.865,0,2025-12-26 15:34:53.958,3406.910866910868,10.64659645909646,556.869352869353,127.0,161413.03507741584,45801.84723098093,0.0139064750411006,0.00394603970521,3.455410302000293,556.869352869353,439.22222222222223,343.3577533577534,302.18070818070817,168.43345543345544,1.2678533204686986,0.0,0.0,401.76241123008987,214.0136613185732,15.0,19.0,1.0,0.5312917075826499,0.6942449807542779,93.0
2025-12-26 15:34:54.354,0,2025-12-26 15:34:54.381,3074.3467643467643,9.607333638583638,598.8412698412699,119.0,168693.54283714227,45734.667823188895,0.0178481314869503,0.0048388240064903,3.3226564639100307,598.8412698412699,550.869352869353,318.5409035409035,142.7032967032967,110.2979242979243,1.087084018598884,1.0,0.0,410.7231949100784,213.8566525109493,15.0,19.0,1.0,0.55987592786005,0.6554277589566914,27.0
2025-12-26 15:34:54.903,0,2025-12-26 15:34:54.803,10013.404151404153,31.29188797313797,4870.0,120.0,3206060.6962449867,1674877.3497658484,0.0319748304192456,0.0167039629956233,2.1367019276631662,4870.0,1721.8534798534783,948.4029304029308,467.5750915750916,213.1965811965812,2.8283475086460816,0.0,0.0,1790.547596754967,1294.1705257677013,15.0,19.0,1.0,0.8210023243568421,0.8836737520816756,100.0
2025-12-26 15:34:55.439,0,2025-12-26 15:34:55.437,8507.164835164835,26.584890109890107,2451.7008547008545,143.0,2070377.967046943,333618.126792315,0.028607502309057,0.0046097772892006,3.1626673328088506,2451.7008547008545,656.8534798534783,648.869352869353,591.1807081807082,408.7032967032967,3.732492755072277,0.0,0.0,1438.88080362723,577.5968549016823,15.0,19.0,1.0,0.5592118860378181,0.4142660470926267,2.0
2025-12-26 15:34:55.911,0,2025-12-26 15:34:55.859,3676.673992673992,11.489606227106226,468.61538461538464,114.0,242320.1140927059,37230.23835741791,0.0179258277372012,0.002754137195374,3.5587376951158185,468.61538461538464,409.33455433455424,307.3577533577534,260.7032967032967,206.18070818070817,1.1448224432849483,0.0,0.0,492.26020973942826,192.9513885863948,15.0,19.0,1.0,0.4493712797173056,0.3720518358817211,52.0
2025-12-26 15:34:56.465,0,2025-12-26 15:34:56.493,4472.295482295483,13.975923382173386,695.3345543345542,123.0,378775.80017302633,58454.93428054105,0.0189374389350899,0.0029225382083194,3.442024685414082,695.3345543345542,609.4358974358975,294.7008547008545,293.1965811965812,238.84126984126985,1.140947812983975,1.0,0.0,615.447642105343,241.77455259092312,15.0,19.0,1.0,0.4766029359971194,0.5887359704706271,28.0
2025-12-26 15:34:57.021,0,2025-12-26 15:34:56.916,2377.323565323565,7.429136141636141,366.002442002442,126.0,51088.99775152774,23660.787060577462,0.0090396328605441,0.0041865144675447,3.666799371835821,366.002442002442,300.8852258852259,188.5775335775336,167.0854700854701,109.43589743589746,1.2164187886740538,1.0,0.0,226.0287542582309,153.82063275314357,15.0,19.0,1.0,0.4761600757665581,0.468456026312727,105.0
2025-12-26 15:34:57.497,0,2025-12-26 15:34:57.549,23496.805860805864,73.42751831501832,5441.0,134.0,19569385.368136607,4254724.60559001,0.0354453711663548,0.0077064399325138,2.51189879692629,5441.0,5331.700854700855,3291.8534798534783,2243.990231990232,1384.2588522588524,1.0204998645416796,0.0,0.0,4423.729802794991,2062.6983796934564,15.0,19.0,1.0,0.7529875985533575,0.5398697581007845,52.0
2025-12-26 15:34:58.005,0,2025-12-26 15:34:57.972,12065.489621489622,37.704655067155066,5784.853479853478,123.0,4558569.176599878,2560879.580851988,0.031314007323358,0.0175913535239691,2.2448035592246844,5784.853479853478,1675.8192918192926,906.7008547008544,461.1062271062271,380.33455433455424,3.4519554155328462,0.0,0.0,2135.080601897708,1600.2748454099965,15.0,19.0,1.0,0.7632358649923326,0.7865156134064597,33.0
2025-12-26 15:34:58.593,0,2025-12-26 15:34:58.605,4234.689865689866,13.23340583028083,694.0,117.0,348784.1259839977,53397.92031803805,0.0194497261888428,0.0029777012537753,3.5057995118613023,694.0,372.61538461538464,337.8412698412698,293.990231990232,233.4029304029309,1.862510322042896,0.0,0.0,590.5794832061115,231.0799002900037,15.0,19.0,1.0,0.4561962925553338,0.5133176730018963,12.0
2025-12-26 15:34:59.169,0,2025-12-26 15:34:59.239,9644.119658119658,30.137873931623933,4481.853479853478,114.0,3190769.5681429133,1333897.7909212224,0.0343060140347632,0.0143415923209135,2.300257240577783,4481.853479853478,1089.0,787.8192918192926,470.8693528693529,344.1965811965812,4.115567933745972,0.0,0.0,1786.2725346774253,1154.9449298218606,15.0,19.0,1.0,0.7438458832992794,0.827749174720185,70.0
2025-12-26 15:34:59.713,0,2025-12-26 15:34:59.662,8901.28083028083,27.8165025946276,3356.8534798534783,125.0,2386545.6269850046,861059.1223241175,0.0301206774763493,0.0108674578932557,2.5435627030853407,3356.8534798534783,1511.0,653.8192918192926,606.2222222222222,388.7032967032967,2.2216105094978538,0.0,0.0,1544.84485531234,927.9327143301488,15.0,19.0,1.0,0.7320966965146254,0.8581285512819147,51.0
2025-12-26 15:35:00.269,0,2025-12-26 15:35:00.295,6043.05006105006,18.88453144078144,2102.0,123.0,881832.2225827961,329309.1751078104,0.0241475781424913,0.0090176099662865,2.783647382986812,2102.0,595.2222222222222,539.8534798534783,535.8192918192926,330.4029304029309,3.531454172105324,0.0,0.0,939.0592220849524,573.854663750161,15.0,19.0,1.0,0.6790110760036037,0.8651640306484912,26.0
2025-12-26 15:35:00.859,0,2025-12-26 15:35:00.929,20468.577533577536,63.9643047924298,6429.700854700855,151.0,13653562.36985076,4640085.565806281,0.0325889714520885,0.0110751767152884,2.514347981110773,6429.700854700855,5729.0,1377.402930402931,940.2588522588524,573.869352869353,1.1223077072263452,0.0,0.0,3695.072715096519,2154.085784226404,15.0,19.0,1.0,0.7352847048380479,0.4798276520817137,70.0
2025-12-26 15:35:01.402,0,2025-12-26 15:35:01.352,11544.35653235653,36.07611416361416,3952.8534798534783,146.0,3004256.091239185,1047226.639734182,0.0225422617643672,0.0078578045022018,2.92566026130654,3952.8534798534783,871.885225885226,779.3577533577534,725.1062271062272,683.8192918192926,4.533685584402017,0.0,0.0,1733.278999826394,1023.3409205803224,15.0,19.0,1.0,0.607484874394278,0.6359731768784664,50.0
2025-12-26 15:35:01.942,0,2025-12-26 15:35:01.985,47531.19536019536,148.5349855006105,13277.819291819293,151.0,32994934.56735753,33979063.938538395,0.0146046044298223,0.0150402112998564,2.704221323084763,13277.819291819293,12737.853479853478,2112.402930402931,1874.0,1725.7008547008545,1.0423906439824258,1.0,0.0,5744.121740297426,5829.156365936532,15.0,19.0,1.0,0.6675148040426957,0.720294972912704,43.0
2025-12-26 15:35:02.499,0,2025-12-26 15:35:02.408,278851.95604395604,871.4123626373627,114448.8192918193,159.0,1822336519.1195576,1909870890.109119,0.0234358758066516,0.0245615979912215,1.901852535155797,114448.8192918193,71104.85347985348,27828.40293040293,16949.0,10403.015873015873,1.6095781608529025,0.0,0.0,42688.83365845872,43702.069631873484,15.0,19.0,1.0,0.863304295907981,0.9696464859984578,91.0
2025-12-26 15:35:03.093,0,2025-12-26 15:35:03.041,943558.4981684984,2948.6203067765573,390100.8192918193,117.0,24287829587.0427,18464257259.70241,0.0272804196128303,0.0207393041884918,1.8407548128777684,390100.8192918193,174387.01343101345,119123.01587301587,75690.23443223443,70177.85347985348,2.2369831997044827,1.0,0.0,155845.53117443793,135883.24863537232,15.0,19.0,1.0,0.8790964610228218,0.9870794789905104,52.0
2025-12-26 15:35:03.606,0,2025-12-26 15:35:03.675,83504.1746031746,260.9505456349206,19640.81929181929,136.0,56479874.51031431,111766610.97981866,0.0080998569304287,0.0160286042839932,2.8763709708390555,19640.81929181929,13313.853479853478,8067.015873015873,6708.136752136752,4530.598290598291,1.4752167223064536,0.0,0.0,7515.309342290197,10571.9728991243,15.0,19.0,1.0,0.6258420484457583,0.8804091872078295,69.0
2025-12-26 15:35:04.145,0,2025-12-26 15:35:04.098,89961.0866910867,281.128395909646,25859.81929181929,118.0,138882228.27017787,146681837.9815756,0.0171607905247212,0.0181245385153676,2.355914429234255,25859.81929181929,20637.40293040293,15988.853479853478,7938.598290598291,2018.015873015873,1.2530558897855053,1.0,0.0,11784.830430268306,12111.227765242284,15.0,19.0,1.0,0.8052669496361992,0.9158311021194382,47.0
2025-12-26 15:35:04.721,0,2025-12-26 15:35:04.731,130323.22344322344,407.2600732600732,30746.01587301588,113.0,224461330.42024887,195907303.1876188,0.0132159353651916,0.011534718482017,2.974891302210525,30746.01587301588,17181.234432234432,10034.641025641024,9744.598290598293,9461.442002442003,1.7895114576476645,1.0,0.0,14982.033587609156,13996.689008033964,15.0,19.0,1.0,0.592127247815889,0.9257967510478244,10.0
2025-12-26 15:35:05.291,0,2025-12-26 15:35:05.365,129084.90598290596,403.39033119658114,42762.23443223443,126.0,281262826.3867191,295196234.37605846,0.016879571248229,0.0177157640573111,2.3995046753216105,42762.23443223443,26634.442002442003,10536.853479853478,10046.225885225886,9926.015873015873,1.6055239463365565,2.0,4.0,16770.892235856718,17181.275691172017,15.0,19.0,1.0,0.7739539407186838,0.9715017908819116,74.0
2025-12-26 15:35:05.831,0,2025-12-26 15:35:05.787,169209.20268620268,528.7787583943834,27209.603174603173,139.0,309426840.58737946,265968955.2221686,0.0108071212692544,0.0092893000086435,2.9930267171921376,27209.603174603173,23849.442002442003,19637.22588522589,16417.85347985348,14377.234432234432,1.1408905571801626,1.0,0.0,17590.53269765812,16308.554663800487,15.0,19.0,1.0,0.599798104140786,0.947742871445437,44.0
2025-12-26 15:35:06.378,0,2025-12-26 15:35:06.421,43243.38095238096,135.1355654761905,7821.076923076923,137.0,10167971.528559905,16930018.620111108,0.0054374470180381,0.0090535343261618,3.309300317989922,7821.076923076923,4722.442002442002,3267.6898656898657,3064.3833943833943,2409.8534798534783,1.656150974227093,2.0,3.0,3188.7256903910543,4114.610384970989,15.0,19.0,1.0,0.4922243635132143,0.9012945130479012,43.0
2025-12-26 15:35:06.963,0,2025-12-26 15:35:07.055,91339.75091575092,285.4367216117216,22839.442002442003,133.0,120791690.96520723,106760210.99137844,0.0144782947944938,0.012796458056877,2.6092881684160334,22839.442002442003,17233.383394383396,10166.442002442003,9111.641025641024,5771.689865689866,1.3253022624613793,2.0,3.0,10990.527328804894,10332.483292576788,15.0,19.0,1.0,0.7129710518990218,0.952152622734875,92.0
2025-12-26 15:35:07.514,0,2025-12-26 15:35:07.477,27270.587301587304,85.22058531746032,6295.853479853478,148.0,7581404.865977822,8007166.8836312,0.0101943774064341,0.0107668806258257,3.347936573323789,6295.853479853478,3105.3833943833943,1559.0,1296.3724053724054,1131.6410256410256,2.0273997378998536,1.0,0.0,2753.4351029174127,2829.6937791272044,15.0,19.0,1.0,0.4909410331793822,0.8426421216827689,37.0
2025-12-26 15:35:08.034,1,2025-12-26 15:35:08.111,56507.04151404151,176.58450473137972,9062.383394383394,154.0,21738568.33219716,29774583.381627023,0.0068080980035186,0.0093248220664017,3.229929328414984,9062.383394383394,7366.076923076923,6515.442002442002,3022.6898656898657,2758.0,1.2302862825109715,1.0,0.0,4662.463762025091,5456.609146862823,15.0,19.0,1.0,0.5083365084412332,0.8350261035897419,77.0
2025-12-26 15:35:08.608,1,2025-12-26 15:35:08.534,31461.57264957265,98.31741452991452,4056.383394383394,154.0,5879328.4537788965,11944006.216495648,0.0059397322425424,0.0120667180592109,3.316784606998348,4056.383394383394,3601.0,3279.924297924298,3106.670329670329,2372.076923076923,1.1264602594785529,1.0,0.0,2424.7326561456,3456.010158621593,15.0,19.0,1.0,0.5217811305207404,0.9062925301280093,74.0
2025-12-26 15:35:09.208,1,2025-12-26 15:35:09.167,15554.520146520146,48.60787545787546,1425.924297924298,154.0,1493268.0212670756,1723885.6460098904,0.00617198027079,0.0071251697918523,3.610459187669303,1425.924297924298,1399.857142857143,1366.3724053724054,966.7008547008544,822.3833943833944,1.0186212966081187,1.0,0.0,1221.9934620394151,1312.9682578074346,15.0,19.0,1.0,0.3845337586049436,0.7528621999328828,41.0
2025-12-26 15:35:09.756,1,2025-12-26 15:35:09.801,28270.18070818071,88.34431471306472,7967.853479853478,106.0,17440019.896519188,8181493.162353488,0.0218217616017586,0.010237063626913,3.035232622521863,7967.853479853478,3695.0,2954.7008547008545,2056.8192918192926,1037.402930402931,2.1563879512452835,1.0,0.0,4176.124985739673,2860.3309532908056,15.0,19.0,1.0,0.6265179816006826,0.7870114547062994,45.0
2025-12-26 15:35:10.309,1,2025-12-26 15:35:10.223,29494.80341880341,92.17126068376066,9625.076923076924,153.0,11833644.033578372,17350924.811585438,0.0136027742069075,0.0199448886432031,2.575773141968421,9625.076923076924,6207.689865689866,2034.857142857143,1601.6703296703297,1439.4847374847377,1.5505086644668788,1.0,0.0,3440.006400223461,4165.44413137248,15.0,19.0,1.0,0.7088970454181296,0.8608264182130008,86.0
2025-12-26 15:35:10.910,1,2025-12-26 15:35:10.857,11985.759462759464,37.45549832112332,1917.076923076923,155.0,702084.6626575019,1092608.308583426,0.0048871803983265,0.0076055982885963,3.529333130391181,1917.076923076923,1100.6898656898657,1078.3577533577534,670.869352869353,504.948717948718,1.741704891480616,1.0,0.0,837.9049245931795,1045.279057756074,15.0,19.0,1.0,0.4398505267290273,0.5661588431611034,53.0
2025-12-26 15:35:11.469,1,2025-12-26 15:35:11.491,16651.371184371186,52.03553495115996,3822.404151404152,149.0,1932961.3147819173,2198269.216309875,0.0069714506657019,0.0079283145887297,3.2577323729544,3822.404151404152,1905.2466422466423,1043.133089133089,1028.1684981684982,775.5982905982906,2.006251614171494,2.0,3.0,1390.3097909393853,1482.6561355587055,15.0,19.0,1.0,0.5149456207905656,0.3811668041432373,22.0
2025-12-26 15:35:12.017,1,2025-12-26 15:35:11.913,21141.670329670327,66.06771978021978,4825.853479853478,147.0,3429966.1767448634,5038352.283847062,0.0076738135787407,0.0112722324880059,3.074037822810986,4825.853479853478,1995.857142857143,1652.6898656898657,1626.3724053724054,1348.8192918192926,2.4179353202317246,1.0,0.0,1852.0167863021284,2244.627426511372,15.0,19.0,1.0,0.5415651652425602,0.7993936250059396,104.0
2025-12-26 15:35:12.601,1,2025-12-26 15:35:12.547,39523.28937728938,123.51027930402932,6316.383394383394,154.0,19120999.052964818,14955070.527692148,0.0122406481812973,0.0095737548204932,3.015338275561068,6316.383394383394,6112.442002442002,5302.924297924298,4991.106227106227,1641.076923076923,1.033364961476752,1.0,0.0,4372.756459370316,3867.178626297491,15.0,19.0,1.0,0.6164449677341907,0.8704844555569156,54.0
2025-12-26 15:35:13.195,1,2025-12-26 15:35:13.181,58678.28327228327,183.3696352258852,13442.924297924295,133.0,44321288.51447363,48054075.661484055,0.0128723422723852,0.0139564649456371,2.819493194608516,13442.924297924295,8994.857142857143,7158.383394383394,5696.372405372405,4159.0,1.4945122623318026,1.0,0.0,6657.423564298251,6932.104706471481,15.0,19.0,1.0,0.6723362552627973,0.8708957770890791,14.0
2025-12-26 15:35:13.739,1,2025-12-26 15:35:13.814,45319.32967032967,141.6229052197802,9463.853479853478,159.0,15873137.27960932,35229072.53005071,0.0077285107852543,0.0171527696262515,2.9571166898791974,9463.853479853478,6465.924297924298,4853.67032967033,3294.106227106227,2365.8192918192926,1.4636505229252554,1.0,0.0,3984.110600825399,5935.408370959046,15.0,19.0,1.0,0.5834899549206128,0.9125511217629486,75.0
2025-12-26 15:35:14.289,1,2025-12-26 15:35:14.237,12169.91330891331,38.030979090354094,1323.6898656898657,149.0,1031775.084176959,593503.1548264546,0.0069664266206143,0.0040072649946763,3.620835111323645,1323.6898656898657,931.2222222222222,771.0854700854701,680.3724053724054,678.990231990232,1.4214543361407943,1.0,0.0,1015.7633012552476,770.391559420568,15.0,19.0,1.0,0.3603444070672199,0.621302017957122,52.0
2025-12-26 15:35:14.895,1,2025-12-26 15:35:14.871,15553.851037851036,48.60578449328449,2700.4041514041514,139.0,1434690.671529893,1950430.3946700245,0.0059303783803231,0.0080622188980583,3.189162428304744,2700.4041514041514,2346.2466422466423,1435.2087912087911,1167.857142857143,676.4847374847375,1.1509464106540972,2.0,4.0,1197.7857369036806,1396.578101886903,15.0,19.0,1.0,0.5353144661691,0.5390673106723122,24.0
2025-12-26 15:35:15.451,1,2025-12-26 15:35:15.504,6932.802197802197,21.665006868131865,1038.6898656898657,128.0,280239.2161899354,374061.9038958548,0.0058305737209896,0.007782620635794,3.3118609158993992,1038.6898656898657,596.4786324786324,529.8534798534783,517.6703296703297,510.924297924298,1.741369781130145,2.0,4.0,529.3762520079035,611.6060038095235,15.0,19.0,1.0,0.460653068484857,0.7692155552208177,53.0
2025-12-26 15:35:15.993,1,2025-12-26 15:35:15.927,47134.58241758242,147.29557005494507,8425.853479853478,157.0,19518992.107935417,26001544.053936534,0.0087857342118695,0.0117036091767888,3.218510598228433,8425.853479853478,4682.0,4059.6898656898657,3513.076923076923,2629.4847374847377,1.799626971348073,1.0,0.0,4418.030342577495,5099.170918290201,15.0,19.0,1.0,0.4945435773588022,0.891433935451433,66.0
2025-12-26 15:35:16.581,1,2025-12-26 15:35:16.560,13860.478632478633,43.313995726495726,9056.853479853478,145.0,5722829.9738525525,5539629.92151055,0.0297888946001952,0.0288352882419948,1.86947416986421,9056.853479853478,1192.8192918192926,436.8412698412698,201.43589743589743,201.1330891330892,7.592812710156907,0.0,0.0,2392.243711216011,2353.641842233128,15.0,19.0,1.0,0.8000505121156265,0.9283378959262992,21.0
2025-12-26 15:35:17.176,1,2025-12-26 15:35:17.194,18278.87301587301,57.12147817460317,5591.404151404151,150.0,3572555.676678656,4230715.004592288,0.0106925225347673,0.0126623682368576,3.030490286052429,5591.404151404151,2345.948717948718,1620.857142857143,756.7228327228327,609.2466422466423,2.3834298288885254,1.0,0.0,1890.120545541648,2056.870196340131,15.0,19.0,1.0,0.5976396617938395,0.4082776829498686,18.0
2025-12-26 15:35:17.730,1,2025-12-26 15:35:17.828,26223.84615384616,81.94951923076924,4741.076923076923,159.0,6567825.971440995,7699719.401903436,0.009550560497564,0.0111964958087968,3.1941434095356915,4741.076923076923,3094.0,2417.8534798534783,2079.6898656898657,1517.948717948718,1.5323454825712317,1.0,0.0,2562.777003845827,2774.8368243742616,15.0,19.0,1.0,0.528166955575929,0.719602995344366,98.0
2025-12-26 15:35:18.260,1,2025-12-26 15:35:18.250,11416.474969474968,35.67648427960928,3051.334554334554,144.0,1029396.5290092556,965154.1068920636,0.0078980275062679,0.0074051286061335,3.1792131297316626,3051.334554334554,1269.076923076923,689.1684981684982,682.013431013431,651.6898656898657,2.404373209256755,1.0,0.0,1014.591804130733,982.4225704309036,15.0,19.0,1.0,0.5556253825496222,0.7092587207420739,10.0
2025-12-26 15:35:18.855,1,2025-12-26 15:35:18.884,39442.62515262515,123.2582036019536,7448.853479853478,152.0,13936149.009202396,18339413.774934363,0.0089580020359324,0.0117883717966268,2.954194893017825,7448.853479853478,5949.076923076923,5516.689865689866,2204.8571428571427,2192.4786324786323,1.252102397761501,1.0,0.0,3733.115188311552,4282.45417662984,15.0,19.0,1.0,0.5910345965500193,0.7609062916073015,29.0
2025-12-26 15:35:19.414,1,2025-12-26 15:35:19.518,25795.33943833944,80.61043574481074,7996.853479853478,142.0,11575062.868375707,7301529.152410956,0.0173956581411214,0.0109731503394068,2.812776570590095,7996.853479853478,3923.700854700856,1687.857142857143,1674.948717948718,1220.076923076923,2.0380894915244823,1.0,0.0,3402.214406585174,2702.134184753036,15.0,19.0,1.0,0.6397836771206636,0.6009461250418261,104.0
2025-12-26 15:35:19.943,1,2025-12-26 15:35:19.940,45309.82295482296,141.59319673382174,11181.246642246642,139.0,32373779.86803197,31624543.22594394,0.0157691643278767,0.0154042135628529,2.505688281289426,11181.246642246642,10692.404151404153,4951.540903540904,4393.168498168498,2317.0,1.0457186694329403,1.0,0.0,5689.796118318474,5623.5703272871,15.0,19.0,1.0,0.740134434619101,0.2253853101202914,3.0
2025-12-26 15:35:20.502,1,2025-12-26 15:35:20.574,33281.31135531135,104.00409798534795,6948.246642246642,140.0,12282793.660223212,11916542.752693895,0.0110890998996257,0.010758442802041,2.918378550463543,6948.246642246642,5104.853479853478,3891.372405372405,3491.4041514041514,1668.857142857143,1.3611059885786794,2.0,4.0,3504.681677445644,3452.0345816190625,15.0,19.0,1.0,0.6341316781787534,0.5019826913753969,72.0
2025-12-26 15:35:21.097,1,2025-12-26 15:35:20.996,35102.66666666667,109.69583333333335,5280.540903540904,158.0,9499519.413496666,10873671.957541898,0.0077094148231091,0.008824619869927,3.2539889743120134,5280.540903540904,4213.168498168498,3822.404151404152,3218.7008547008545,2466.2466422466423,1.2533419695497932,2.0,4.0,3082.129039072937,3297.5251261426192,15.0,19.0,1.0,0.5412996462774102,0.2858000623602396,101.0
2025-12-26 15:35:21.648,1,2025-12-26 15:35:21.630,38503.11843711844,120.32224511599512,6554.246642246642,158.0,12747385.524922414,15210286.049739938,0.0085986309603485,0.0102599577213184,3.1772785990524515,6554.246642246642,5696.540903540904,3419.4041514041514,2850.948717948718,2362.162393162393,1.1505660633756614,1.0,0.0,3570.34809576355,3900.036672871159,15.0,19.0,1.0,0.5423795177112196,0.296858659530416,18.0
2025-12-26 15:35:22.201,1,2025-12-26 15:35:22.264,39105.20757020757,122.20377365689863,5933.168498168498,155.0,9792760.194158431,14263555.28669107,0.0064037729994386,0.0093273569871954,3.36004511050242,5933.168498168498,3218.7008547008545,3120.5409035409034,3005.2466422466423,2466.162393162393,1.8433426298381752,1.0,0.0,3129.3386192865787,3776.712232443858,15.0,19.0,1.0,0.4537456874500016,0.2581465452842857,63.0
2025-12-26 15:35:22.785,1,2025-12-26 15:35:22.686,20534.70085470085,64.17094017094017,3256.8534798534783,126.0,2261362.7554160496,3790103.856486588,0.0053628231323678,0.0089882335715321,3.227413443650033,3256.8534798534783,2818.162393162393,1952.8192918192929,1722.2466422466423,986.1684981684982,1.1556656521122808,2.0,6.0,1503.7828152416323,1946.818906957344,15.0,19.0,1.0,0.5228345122345432,0.5560728080523359,99.0
2025-12-26 15:35:23.345,1,2025-12-26 15:35:23.320,61427.15750915751,191.9598672161172,15226.168498168498,140.0,53379924.42884367,60889735.56917515,0.0141467642508537,0.0161370167457279,2.640981511688361,15226.168498168498,11629.162393162393,9750.540903540905,5508.246642246642,2763.990231990232,1.3093091302190198,1.0,0.0,7306.156611300066,7803.1875262084495,15.0,19.0,1.0,0.7305906782747932,0.1233943528256901,25.0
2025-12-26 15:35:23.878,1,2025-12-26 15:35:23.954,33179.43711843712,103.685740995116,5848.076923076923,150.0,6661700.696641195,12207352.479817918,0.006051277764712,0.0110887720705268,3.323316173410154,5848.076923076923,3039.8571428571427,2221.162393162393,2185.8534798534783,1977.948717948718,1.923799918300907,2.0,4.0,2581.02706236126,3493.902185210387,15.0,19.0,1.0,0.4603121687200464,0.6855857845373006,76.0
2025-12-26 15:35:24.423,1,2025-12-26 15:35:24.376,73173.20512820513,228.66626602564105,10206.700854700855,125.0,39134407.90106331,61240368.50801371,0.0073089435994947,0.0114375666694368,3.0545285528124,10206.700854700855,10116.641025641024,7174.383394383394,6812.853479853478,5646.076923076923,1.0089021473461952,1.0,0.0,6255.749987096935,7825.62256360564,15.0,19.0,1.0,0.5460558357071824,0.7384975401248596,47.0
2025-12-26 15:35:25.007,1,2025-12-26 15:35:25.010,53833.01587301588,168.22817460317464,8414.442002442003,139.0,23074219.070938647,31231771.11059512,0.007962135971241,0.0107770324725066,3.168491916715288,8414.442002442003,7768.853479853478,6156.641025641025,4515.442002442002,3457.3833943833943,1.083099587894354,2.0,4.0,4803.563164041735,5588.539264476462,15.0,19.0,1.0,0.5630886810477918,0.8920860055650602,3.0
2025-12-26 15:35:25.528,1,2025-12-26 15:35:25.432,73691.13797313796,230.2848061660561,13771.853479853478,123.0,46862485.01679621,67291009.8377565,0.0086296819168937,0.0123915752772878,2.846763157708869,13771.853479853478,13734.442002442003,8099.442002442002,6356.641025641025,4470.076923076923,1.0027239168073825,2.0,4.0,6845.617942654718,8203.109766287203,15.0,19.0,1.0,0.6300955136610924,0.9454978590805616,96.0
2025-12-26 15:35:26.037,1,2025-12-26 15:35:26.066,17354.64346764347,54.23326083638584,2295.6898656898657,148.0,1692785.819416718,3026790.982439538,0.0056204439385746,0.0100496523750691,3.451299244640633,2295.6898656898657,1995.7008547008545,1350.1367521367522,953.2466422466424,769.1623931623932,1.1503176241475468,2.0,3.0,1301.0710278139,1739.7675081572072,15.0,19.0,1.0,0.4243208177491882,0.4925139584307624,29.0
2025-12-26 15:35:26.626,1,2025-12-26 15:35:26.700,14157.770451770451,44.24303266178266,1822.136752136752,135.0,1740822.8215958946,1645799.157314767,0.0086849003221314,0.0082108307946141,3.450041205374862,1822.136752136752,1062.7008547008545,994.0,890.5750915750916,827.6410256410256,1.7146281044894434,1.0,0.0,1319.4024486849698,1282.8870399667956,15.0,19.0,1.0,0.3953344026250551,0.7643651078798006,74.0
2025-12-26 15:35:27.223,1,2025-12-26 15:35:27.122,25415.72161172161,79.42413003663003,6177.700854700855,154.0,8064564.954480709,4822744.003322883,0.0124846408827262,0.0074660229399423,2.9761602266654936,6177.700854700855,2964.641025641026,2270.3724053724054,2136.3833943833943,1526.5750915750916,2.083793889805935,1.0,0.0,2839.817767829603,2196.074680725335,15.0,19.0,1.0,0.5931632790909762,0.5726230329779407,101.0
2025-12-26 15:35:27.762,1,2025-12-26 15:35:27.756,27528.21367521368,86.02566773504273,7796.853479853478,141.0,7521333.893978806,10940285.75373364,0.009925189500032,0.0144368553265843,2.997876919084826,7796.853479853478,2154.7008547008545,1839.6898656898657,1712.8192918192926,1449.076923076923,3.61853176177086,1.0,0.0,2742.505039918579,3307.610278393396,15.0,19.0,1.0,0.5431932704229057,0.8477953598676365,6.0
2025-12-26 15:35:28.323,1,2025-12-26 15:35:28.390,32290.72771672772,100.90852411477412,6853.076923076923,138.0,7978747.0884826835,14096470.489258632,0.0076520717549514,0.0135193160629278,2.8815616379434164,6853.076923076923,4011.6898656898657,3417.3833943833943,3314.7008547008545,2238.3724053724054,1.7082768490372158,1.0,0.0,2824.6676067252024,3754.526666473236,15.0,19.0,1.0,0.6142699420474037,0.7704565655147629,67.0
2025-12-26 15:35:28.942,1,2025-12-26 15:35:29.023,61249.00854700855,191.4031517094017,14820.383394383394,150.0,42541884.93599636,67511598.43135421,0.0113401448648037,0.0179961773536323,2.667177952980386,14820.383394383394,11622.924297924295,5867.853479853478,4300.857142857143,4024.076923076923,1.2750993652284948,1.0,0.0,6522.414042055009,8216.544190312263,15.0,19.0,1.0,0.6634571922402045,0.9281595507822776,81.0
2025-12-26 15:35:29.480,1,2025-12-26 15:35:29.446,19023.958485958487,59.44987026862027,3174.076923076923,150.0,2342765.0780642945,3073761.387392216,0.0064733183044434,0.0084931417318794,3.309372062713884,3174.076923076923,2567.6898656898657,1700.3345543345542,1013.990231990232,979.4847374847376,1.2361605525217516,1.0,0.0,1530.609381280637,1753.214586806822,15.0,19.0,1.0,0.4959838573838446,0.7751535850108785,34.0
2025-12-26 15:35:30.003,1,2025-12-26 15:35:30.079,19314.332112332115,60.35728785103786,3170.6898656898657,133.0,2574296.2680015443,3399919.336470501,0.006900795177874,0.0091140041858858,3.1270241763732938,3170.6898656898657,2253.076923076923,2087.8534798534783,1410.924297924298,1210.948717948718,1.4072710226681449,1.0,0.0,1604.461363823244,1843.887018358365,15.0,19.0,1.0,0.5246618534648976,0.7858597669377567,76.0
2025-12-26 15:35:30.578,1,2025-12-26 15:35:30.502,62453.31379731381,195.16660561660564,13165.076923076924,142.0,33701690.0231953,59201661.72161124,0.0086405364274275,0.0151782926707165,2.8572297560403777,13165.076923076924,7842.689865689866,6595.857142857143,6143.853479853478,4298.67032967033,1.6786430610586442,1.0,0.0,5805.315669556247,7694.261609901969,15.0,19.0,1.0,0.6091934186970802,0.8473625544250118,76.0
2025-12-26 15:35:31.160,1,2025-12-26 15:35:31.136,19988.730158730155,62.46478174603173,4449.076923076923,138.0,3619944.6230626246,5105939.573354966,0.0090600692350898,0.0127792468840705,2.9942003157897923,4449.076923076923,2555.6898656898657,1832.6703296703297,1733.924297924298,1243.857142857143,1.7408516513697676,2.0,4.0,1902.6152062523367,2259.632619112002,15.0,19.0,1.0,0.5910940047413479,0.8267702130076547,24.0
2025-12-26 15:35:31.651,1,2025-12-26 15:35:31.558,25345.67765567766,79.20524267399269,5640.076923076923,141.0,4484441.0392645225,8475017.82965967,0.0069807245852365,0.0131926732464134,3.080646403031819,5640.076923076923,2946.7228327228327,1955.6898656898657,1938.924297924298,1890.948717948718,1.914016771595536,1.0,0.0,2117.6498859028898,2911.1883878683752,15.0,19.0,1.0,0.5670537924695231,0.771523081821966,93.0
2025-12-26 15:35:32.138,1,2025-12-26 15:35:32.192,25666.82417582418,80.20882554945055,8855.853479853478,136.0,15128219.954516018,7349885.853986512,0.0229637895982798,0.0111567145923163,2.8560009079924225,8855.853479853478,2147.8192918192926,2065.334554334554,2009.7008547008545,1187.990231990232,4.123183693143979,1.0,0.0,3889.501247527248,2711.067290567778,15.0,19.0,1.0,0.6337635813946758,0.7751374819116214,54.0
2025-12-26 15:35:32.680,1,2025-12-26 15:35:32.614,11751.555555555557,36.72361111111111,1613.4700854700857,136.0,621329.6736754037,957728.1083370384,0.0044991593917055,0.0069350806759892,3.5965669444208155,1613.4700854700857,965.7228327228328,910.0769230769232,752.4847374847375,451.8302808302808,1.6707382602928358,1.0,0.0,788.2446788119814,978.6358405132312,15.0,19.0,1.0,0.3994011547999332,0.6056967596526857,66.0
2025-12-26 15:35:33.247,1,2025-12-26 15:35:33.248,21563.44932844933,67.38577915140415,5475.700854700855,144.0,12153925.908127569,4134804.3525335966,0.0261384673807391,0.0088923899578953,2.8269808233553886,5475.700854700855,4823.0,1511.2588522588524,1364.8534798534783,975.924297924298,1.1353308842421146,1.0,0.0,3486.2481133917545,2033.4218333965032,15.0,19.0,1.0,0.6562371942074833,0.5653004606616835,1.0
2025-12-26 15:35:33.774,1,2025-12-26 15:35:33.670,21359.808302808306,66.74940094627594,8488.853479853478,113.0,8432422.055159217,6040020.393394856,0.0184823688880324,0.0132386500902977,2.5489148711479297,8488.853479853478,1985.7008547008545,1949.076923076923,1432.8192918192926,932.4041514041514,4.274991099365795,1.0,0.0,2903.863298290609,2457.6452944627417,15.0,19.0,1.0,0.6923683251834067,0.7280664111725018,104.0
2025-12-26 15:35:34.300,1,2025-12-26 15:35:34.304,62376.290598290594,194.9259081196581,21569.0,151.0,83956897.2424194,67183769.9102816,0.0215783032013017,0.017267333655085,2.396109829024841,21569.0,13159.853479853478,4881.402930402931,4309.076923076923,2421.8192918192926,1.6390000111337493,1.0,0.0,9162.799639980098,8196.57061887968,15.0,19.0,1.0,0.7429289587544319,0.8888379053263223,4.0
2025-12-26 15:35:34.851,1,2025-12-26 15:35:34.938,13430.570207570208,41.970531898656894,3287.8534798534783,155.0,3065126.134134906,994392.5816516274,0.0169925848876196,0.0055127585671457,3.328958971667757,3287.8534798534783,846.990231990232,829.4358974358975,811.8571428571429,765.7008547008545,3.881808025251836,1.0,0.0,1750.750163254285,997.1923493747972,15.0,19.0,1.0,0.4870856192799453,0.6746927194051447,87.0
2025-12-26 15:35:35.399,1,2025-12-26 15:35:35.360,23102.175824175825,72.19429945054945,3953.924297924298,123.0,3034349.2287733406,6524942.127373965,0.005685383875071,0.0122256200456334,3.131381070056965,3953.924297924298,2458.670329670329,2010.722832722833,1876.3345543345545,1787.6898656898657,1.6081555343992993,2.0,6.0,1741.9383538958375,2554.3966268717872,15.0,19.0,1.0,0.5232122711009874,0.9209637369307958,39.0
2025-12-26 15:35:35.907,1,2025-12-26 15:35:35.994,10838.20757020757,33.86939865689866,1199.924297924298,149.0,511270.93657884473,959637.0686371748,0.0043524739178397,0.0081694362284396,3.4641439614058096,1199.924297924298,1199.6898656898657,897.3833943833944,744.4847374847375,725.0769230769231,1.0001954106974948,1.0,0.0,715.032122760121,979.6106719698264,15.0,19.0,1.0,0.4397922062003367,0.8962220661044101,87.0
2025-12-26 15:35:36.454,1,2025-12-26 15:35:36.416,26331.518925518925,82.28599664224664,4439.0,138.0,9360651.294293692,8106633.254654059,0.0135006364671712,0.0116919971808461,3.0677490543046435,4439.0,3997.700854700856,3356.8534798534783,1736.722832722833,1127.4786324786326,1.110388235972963,1.0,0.0,3059.518147403884,2847.2149997241268,15.0,19.0,1.0,0.5566619928465207,0.6239405191084009,38.0
2025-12-26 15:35:37.037,1,2025-12-26 15:35:37.050,55419.78388278388,173.18682463369962,11669.076923076924,150.0,37437824.33164965,48956623.56244391,0.0121893611998535,0.0159397608803725,2.714275161147932,11669.076923076924,10083.689865689868,7660.67032967033,4114.857142857143,3837.924297924298,1.157222909322136,1.0,0.0,6118.645628866707,6996.900997044613,15.0,19.0,1.0,0.6742397018048583,0.8747474569884404,13.0
2025-12-26 15:35:37.567,1,2025-12-26 15:35:37.473,13727.633699633698,42.898855311355305,2652.6898656898657,133.0,1483499.9982545015,2507733.665492239,0.0078722012066634,0.0133073030068799,3.136618783328226,2652.6898656898657,1693.076923076923,1257.948717948718,1033.4786324786326,795.4041514041514,1.5667863813697358,1.0,0.0,1217.9901470268558,1583.5825414206356,15.0,19.0,1.0,0.5414333200627343,0.6536937161942689,94.0
2025-12-26 15:35:38.085,1,2025-12-26 15:35:38.106,12095.428571428572,37.79821428571429,1820.1684981684984,142.0,1273309.4225781427,1816665.717656155,0.0087034498389165,0.0124174522447856,3.137553750387436,1820.1684981684984,1815.404151404152,1709.7008547008545,1389.948717948718,958.8315018315018,1.0026244000597109,2.0,5.0,1128.4101304836563,1347.837422561102,15.0,19.0,1.0,0.6361125344684131,0.1919730519083126,21.0
2025-12-26 15:35:38.650,1,2025-12-26 15:35:38.740,15732.963369963369,49.16551053113552,1899.404151404152,149.0,1341935.5758767775,2141039.3985442314,0.0054213894152363,0.0086497508088551,3.559028329718537,1899.404151404152,1149.948717948718,927.6898656898657,902.869352869353,795.990231990232,1.6517294395446285,1.0,0.0,1158.4194300324807,1463.2290998145954,15.0,19.0,1.0,0.3607649866355199,0.4011905197062723,90.0
2025-12-26 15:35:39.229,1,2025-12-26 15:35:39.163,28907.51404151404,90.33598137973138,6013.700854700855,139.0,13570515.679781036,7560732.397909552,0.0162395825287251,0.0090477871770484,2.94340966819672,6013.700854700855,5756.853479853478,1893.990231990232,1607.8192918192926,1386.4041514041514,1.0446159305157212,1.0,0.0,3683.818084512458,2749.6785990201747,15.0,19.0,1.0,0.5762781256749993,0.4742530323011364,66.0
2025-12-26 15:35:39.769,1,2025-12-26 15:35:39.796,15731.117216117214,49.15974130036629,2567.4041514041514,153.0,1387903.7554982267,1999995.3133962576,0.0056084159625905,0.008081832473125,3.323611959322778,2567.4041514041514,2243.6898656898657,1129.076923076923,909.7228327228328,869.2466422466423,1.1442776431196338,1.0,0.0,1178.0932711369787,1414.211905407481,15.0,19.0,1.0,0.4906924479102685,0.5724268140146339,27.0
2025-12-26 15:35:40.272,1,2025-12-26 15:35:40.219,16001.970695970696,50.00615842490843,3711.857142857143,143.0,2581644.0288068093,3894021.945296924,0.0100820632493978,0.0152072768782038,2.9603129654126987,3711.857142857143,2219.3724053724054,1998.404151404152,1293.2466422466423,712.0769230769231,1.672480532726381,2.0,4.0,1606.7495227342715,1973.327632527585,15.0,19.0,1.0,0.6208583588681531,0.6131337303234705,53.0
2025-12-26 15:35:40.845,1,2025-12-26 15:35:40.852,11068.789987789987,34.58996871184372,3317.2466422466423,118.0,1514237.6426079331,1094309.1441321836,0.012359296274139,0.008931815289267,2.9610910239627444,3317.2466422466423,942.990231990232,898.4041514041514,827.3345543345542,623.3724053724054,3.517795338390617,2.0,6.0,1230.543637018994,1046.0923210368117,15.0,19.0,1.0,0.5971156732251832,0.3854166953932649,7.0
2025-12-26 15:35:41.398,1,2025-12-26 15:35:41.486,24267.725274725275,75.83664148351649,2772.6898656898657,153.0,2590654.2626107167,3881569.244941831,0.0043989732206839,0.0065909679300558,3.5674525359555496,2772.6898656898657,2440.076923076923,1712.4786324786326,1515.5409035409036,1262.990231990232,1.1363124823919009,1.0,0.0,1609.550950610361,1970.1698518000496,15.0,19.0,1.0,0.3998634584380512,0.5373343663760368,88.0
2025-12-26 15:35:41.915,1,2025-12-26 15:35:41.909,33156.76556776557,103.6148923992674,6435.540903540904,156.0,10729175.905123334,14696354.279360678,0.0097593759529122,0.013367964866806,2.9908148548350644,6435.540903540904,5033.246642246642,4742.700854700855,2606.168498168498,1916.404151404152,1.2786063074125558,1.0,0.0,3275.542078057208,3833.5824341418142,15.0,19.0,1.0,0.6253342476269073,0.1364972428494912,6.0
2025-12-26 15:35:42.427,1,2025-12-26 15:35:42.331,37196.11599511599,116.23786248473748,12119.853479853478,146.0,21213957.91344275,17292850.41925313,0.0153329781277199,0.0124988886244712,2.866413919609398,12119.853479853478,3809.700854700856,2924.8192918192926,1742.4041514041514,1706.0,3.181313688946313,1.0,0.0,4605.861256425637,4158.467316121786,15.0,19.0,1.0,0.5995996404760549,0.6837849764336746,96.0
2025-12-26 15:35:43.004,1,2025-12-26 15:35:42.965,135301.45543345544,422.8170482295483,22344.24664224664,152.0,222274796.0466811,182439365.64856812,0.0121418617556543,0.0099658332653647,3.064693522000419,22344.24664224664,14004.162393162393,13466.372405372404,11833.136752136752,11083.540903540905,1.5955432402836704,1.0,0.0,14908.883125394776,13507.011721641771,15.0,19.0,1.0,0.5375511953175527,0.4863049987450771,39.0
2025-12-26 15:35:43.501,1,2025-12-26 15:35:43.598,25953.33333333333,81.10416666666666,4027.8534798534783,153.0,4771679.07437047,10425526.173232345,0.0070841041511424,0.0154778877813326,3.075544321822448,4027.8534798534783,3467.6898656898657,3011.3724053724054,2077.3833943833943,1957.136752136752,1.1615379794210667,2.0,3.0,2184.417330633153,3228.8583389849023,15.0,19.0,1.0,0.5602916477306191,0.9196313191046974,97.0
2025-12-26 15:35:43.972,1,2025-12-26 15:35:44.021,26869.805860805864,83.96814331501832,5223.442002442002,148.0,5808003.485351751,6430869.826723898,0.0080444769408292,0.0089071888749773,3.1896363031471062,5223.442002442002,3864.076923076923,2473.3833943833943,1789.4420024420024,1035.6898656898657,1.3517955533559305,1.0,0.0,2409.9799761308705,2535.9159739084216,15.0,19.0,1.0,0.5353977718543216,0.8956293157104035,49.0
2025-12-26 15:35:44.493,1,2025-12-26 15:35:44.443,54237.15384615384,169.49110576923076,13734.076923076924,136.0,28240292.71588813,36122608.616289936,0.0096000923576103,0.0122796311781532,2.901113622692383,13734.076923076924,6579.689865689866,6273.383394383394,3832.4420024420015,3093.948717948718,2.0873441155170385,2.0,4.0,5314.159643432641,6010.2086998947,15.0,19.0,1.0,0.6179074403240806,0.8375897386751274,50.0
2025-12-26 15:35:45.049,1,2025-12-26 15:35:45.077,11983.8547008547,37.449545940170935,2099.6898656898657,131.0,834285.9874770911,933266.7152027732,0.0058092742532271,0.0064984937795928,3.2451837165551485,2099.6898656898657,1661.6703296703297,952.4420024420024,730.9242979242979,546.885225885226,1.2636019481103535,1.0,0.0,913.3925702988234,966.0573043058954,15.0,19.0,1.0,0.499973662162634,0.8596231987745924,28.0
2025-12-26 15:35:45.573,1,2025-12-26 15:35:45.500,20265.636141636143,63.33011294261295,3560.076923076923,131.0,2604085.3506497657,5271552.100541417,0.0063406638937227,0.0128356545838411,3.440849062464082,3560.076923076923,3430.0,1407.6898656898657,882.1330891330891,706.9487179487179,1.037923301188305,1.0,0.0,1613.7178658767357,2295.986084570509,15.0,19.0,1.0,0.4927971925504933,0.7771441771306188,73.0
2025-12-26 15:35:46.051,1,2025-12-26 15:35:46.133,26111.29548229548,81.59779838217338,8399.0,143.0,17665956.5368448,9387563.60127683,0.0259107699748254,0.0137687987961149,2.6023967469503697,8399.0,6043.853479853478,1994.7008547008545,1553.402930402931,928.8192918192926,1.3896763096583584,1.0,0.0,4203.088928020058,3063.913119081027,15.0,19.0,1.0,0.7245820709893238,0.8473160184840082,82.0
2025-12-26 15:35:46.598,1,2025-12-26 15:35:46.556,22209.278388278388,69.40399496336997,4282.0,147.0,4194873.02953175,6308840.566630362,0.0085045223006344,0.0127902978021826,3.1947702246365868,4282.0,3030.076923076923,1558.857142857143,1346.924297924298,1001.6703296703296,1.4131654438826542,1.0,0.0,2048.138918514013,2511.74054524554,15.0,19.0,1.0,0.5051730406265531,0.7798777188844646,42.0
2025-12-26 15:35:47.163,1,2025-12-26 15:35:47.189,28511.006105006105,89.09689407814408,6081.853479853478,143.0,7037951.302332698,7855502.494331975,0.0086580715663751,0.0096638211695528,2.933668747696058,6081.853479853478,4989.470085470086,2277.7228327228327,1601.924297924298,1573.076923076923,1.218937758052367,1.0,0.0,2652.9137382004524,2802.7669354286268,15.0,19.0,1.0,0.5795673277256135,0.6864335834320153,26.0
2025-12-26 15:35:47.643,1,2025-12-26 15:35:47.612,12886.979242979243,40.27181013431014,1966.076923076923,155.0,1296339.8162912163,1207009.8254230046,0.0078057853105674,0.0072678933768712,3.286353379406899,1966.076923076923,1754.857142857143,1234.6703296703297,1189.4358974358977,522.9242979242979,1.1203629486755633,1.0,0.0,1138.5691969710126,1098.6399889968527,15.0,19.0,1.0,0.5174187422236087,0.8487234182858568,31.0
2025-12-26 15:35:48.148,1,2025-12-26 15:35:48.246,14916.664224664222,46.6145757020757,1883.6898656898657,145.0,1308360.5997245105,1566987.2363699437,0.0058800907601949,0.0070424217695506,3.344905005918122,1883.6898656898657,1836.3345543345545,1140.857142857143,1124.4786324786326,1121.6703296703297,1.0257879541843322,1.0,0.0,1143.835914685542,1251.7936077364925,15.0,19.0,1.0,0.476449051744344,0.7607920700336438,98.0
2025-12-26 15:35:48.719,1,2025-12-26 15:35:48.668,21137.479853479854,66.05462454212454,4870.076923076923,131.0,5888184.896426873,5151504.74373847,0.0131787744603017,0.0115299570823772,2.762270930933384,4870.076923076923,3947.8534798534783,2075.6898656898657,1753.6703296703297,1516.4847374847377,1.2336012336649431,1.0,0.0,2426.5582408891146,2269.6926540257537,15.0,19.0,1.0,0.6700787148683143,0.8285954108448073,51.0
2025-12-26 15:35:49.258,1,2025-12-26 15:35:49.302,15754.974358974358,49.23429487179487,3215.4041514041514,135.0,3019029.804704936,3204695.6048665023,0.0121627561337155,0.0129107473745496,2.871093017905021,3215.4041514041514,2879.8571428571427,2169.076923076923,1657.948717948718,543.1965811965812,1.1165151574890246,1.0,0.0,1737.5355549469875,1790.166362343596,15.0,19.0,1.0,0.6642653474406639,0.4677304080715647,44.0
2025-12-26 15:35:49.735,1,2025-12-26 15:35:49.724,30121.08058608059,94.12837683150184,5028.853479853478,158.0,9309430.000062283,6510112.292360449,0.0102608182422931,0.007175420940743,3.203890066609291,5028.853479853478,3890.0,3503.4041514041514,2393.168498168498,1557.948717948718,1.2927643907075028,1.0,0.0,3051.135854081605,2551.4921697627155,15.0,19.0,1.0,0.543585240927269,0.5803669479692372,11.0
2025-12-26 15:35:50.238,1,2025-12-26 15:35:50.147,47566.49206349206,148.6452876984127,17817.85347985348,146.0,36315681.448076725,33172626.25862912,0.0160506250473418,0.0146614730794501,2.717132241759576,17817.85347985348,4331.819291819293,3830.700854700856,2718.6898656898657,2340.4041514041514,4.113249486999297,1.0,0.0,6026.249368228693,5759.568235434764,15.0,19.0,1.0,0.6525490171113587,0.7628060117734395,91.0
2025-12-26 15:35:50.788,1,2025-12-26 15:35:50.780,13495.401709401707,42.17313034188034,5424.853479853478,132.0,2236344.1703494,2396039.5482720514,0.012279113360039,0.0131559540872335,2.856499684019012,5424.853479853478,704.8192918192926,657.7228327228327,645.9487179487179,598.0769230769231,7.696800503066608,1.0,0.0,1495.4411290149137,1547.9145804184582,15.0,19.0,1.0,0.5951227994810616,0.7656196195438498,8.0
2025-12-26 15:35:51.310,1,2025-12-26 15:35:51.414,28804.17338217338,90.01304181929181,4073.8534798534783,146.0,9317437.487269098,6961011.583085315,0.0112301525259141,0.008389991552883,3.322840644136257,4073.8534798534783,2689.948717948718,2522.0,2379.7008547008545,2277.076923076923,1.5144725446508045,1.0,0.0,3052.447786165899,2638.3729044783104,15.0,19.0,1.0,0.4840472174149742,0.5187580079504308,104.0
2025-12-26 15:35:51.774,1,2025-12-26 15:35:51.837,19131.881562881565,59.78712988400489,2276.2466422466423,142.0,3061023.599573136,2883579.4035038534,0.0083627922968288,0.0078780103578029,3.353118952003012,2276.2466422466423,1945.8534798534783,1594.7008547008545,1510.076923076923,1394.990231990232,1.1697934432436674,1.0,0.0,1749.57812045451,1698.1105392476231,15.0,19.0,1.0,0.4558813571577443,0.5333365966747718,63.0
2025-12-26 15:35:52.273,1,2025-12-26 15:35:52.259,16904.161172161173,52.82550366300367,3588.076923076923,153.0,2309721.730934808,2961698.451664512,0.0080829968723424,0.0103646248814296,3.2770365522620133,3588.076923076923,1477.948717948718,1367.6898656898657,1090.7008547008545,978.8571428571428,2.4277411519761505,1.0,0.0,1519.7768687984455,1720.958585110203,15.0,19.0,1.0,0.5030284210894015,0.6459779574687285,14.0
2025-12-26 15:35:52.834,1,2025-12-26 15:35:52.893,28402.155067155065,88.75673458485957,7620.853479853478,150.0,9103553.963581238,8225502.614357553,0.0112851771936287,0.0101967050320163,3.0468564525832025,7620.853479853478,2469.076923076923,2351.6898656898657,2027.7008547008545,1447.8192918192926,3.0865192609525547,1.0,0.0,3017.20963202447,2868.0137053991834,15.0,19.0,1.0,0.5604201645088128,0.6771137893240335,59.0
2025-12-26 15:35:53.359,1,2025-12-26 15:35:53.315,63189.44688644688,197.4670215201465,14071.853479853478,157.0,33299035.772579417,37904681.93387425,0.008339548720378,0.0094930058598958,2.993858087306312,14071.853479853478,6768.246642246642,5607.689865689866,4217.076923076923,3596.8192918192926,2.0790988011601788,1.0,0.0,5770.53167156887,6156.677832555009,15.0,19.0,1.0,0.5422058253533193,0.636684283516907,44.0
2025-12-26 15:35:53.873,1,2025-12-26 15:35:53.949,29607.06837606838,92.52208867521368,8042.7008547008545,137.0,17624995.08833516,10825242.918868642,0.0201065793104234,0.0123494278558344,2.760875824775192,8042.7008547008545,5856.853479853478,1931.2588522588524,1922.2466422466423,1492.8192918192926,1.3732118931035109,1.0,0.0,4198.213320965856,3290.17369129179,15.0,19.0,1.0,0.6500433908692921,0.4240686593130585,76.0
2025-12-26 15:35:54.417,1,2025-12-26 15:35:54.371,32947.04151404151,102.95950473137972,6579.700854700855,146.0,6842230.730923109,14657951.930871988,0.0063032548833163,0.0135033164944468,3.227022006877318,6579.700854700855,4674.246642246642,1955.3724053724047,1914.162393162393,1591.5409035409036,1.407649479860772,1.0,0.0,2615.765802001989,3828.570481377088,15.0,19.0,1.0,0.5073300190519082,0.3931907300675213,46.0
2025-12-26 15:35:54.999,1,2025-12-26 15:35:55.005,39382.43345543345,123.07010454822952,11677.246642246642,140.0,20683160.325466663,26108525.48651536,0.0133355767338532,0.0168336095429523,2.660310346475942,11677.246642246642,5889.1623931623935,3447.4041514041514,3123.5409035409034,2735.3724053724054,1.982836583994104,1.0,0.0,4547.874264474191,5109.650231328497,15.0,19.0,1.0,0.6823531239159192,0.2657437960120057,6.0
2025-12-26 15:35:55.506,1,2025-12-26 15:35:55.428,30042.515262515262,93.8828601953602,5408.853479853478,156.0,13837826.708147068,9950060.827980904,0.015331876300339,0.0110243541137594,3.0243354121742145,5408.853479853478,5222.0,3149.7008547008545,2489.2466422466423,2123.3724053724054,1.0357819762260516,1.0,0.0,3719.922943845352,3154.371700985936,15.0,19.0,1.0,0.6122381305776469,0.661406748758961,78.0
2025-12-26 15:35:56.018,1,2025-12-26 15:35:56.061,91965.51526251528,287.39223519536023,27538.1684981685,137.0,146284737.4578371,104646571.1331254,0.017296132344597,0.0123729992286345,2.5925384219009264,27538.1684981685,14529.162393162393,7952.196581196581,5495.4310134310135,5126.076923076923,1.8953720629570785,2.0,3.0,12094.822754296034,10229.690666541455,15.0,19.0,1.0,0.6593888506570653,0.2013755434712811,43.0
2025-12-26 15:35:56.581,1,2025-12-26 15:35:56.484,166653.3968253968,520.791865079365,70834.16239316239,148.0,652150779.5555584,605557737.6011107,0.023481167011457,0.0218035503712533,1.9931839503914848,70834.16239316239,25501.13675213676,19282.24664224664,17170.431013431014,6686.168498168498,2.7776864647896287,1.0,0.0,25537.242990494466,24608.08276971432,15.0,19.0,1.0,0.8369115058919073,0.2761557088662544,97.0
2025-12-26 15:35:57.145,1,2025-12-26 15:35:57.117,67652.68376068375,211.41463675213672,13176.162393162393,159.0,65364109.62667189,55789503.786327705,0.0142813509126628,0.0121894031046475,2.8580812697515325,13176.162393162393,9484.136752136752,8688.246642246642,7369.168498168498,4480.540903540904,1.389284311004103,2.0,4.0,8084.807333924036,7469.237162276192,15.0,19.0,1.0,0.6385298082492205,0.3734531620132277,28.0
2025-12-26 15:35:57.676,1,2025-12-26 15:35:57.751,44518.19291819292,139.11935286935287,9257.076923076924,138.0,14816251.461599216,30068008.32177155,0.0074758965998289,0.0151715379398735,2.99025092495966,9257.076923076924,6244.689865689866,2970.5982905982905,2841.162393162393,2266.948717948718,1.4823917796040604,2.0,3.0,3849.188415965009,5483.4303425658245,15.0,19.0,1.0,0.5296817917521357,0.7038584327105416,75.0
2025-12-26 15:35:58.212,1,2025-12-26 15:35:58.174,46104.69841269842,144.07718253968255,12865.136752136752,122.0,26029799.96310488,33567922.259633966,0.0122456110087199,0.0157918892555868,2.4503637546880324,12865.136752136752,10081.853479853478,4884.598290598291,2848.8192918192926,2607.641025641026,1.276068609590867,1.0,0.0,5101.940803567293,5793.783069776946,15.0,19.0,1.0,0.722009903244042,0.8625287170878179,38.0
2025-12-26 15:35:58.784,1,2025-12-26 15:35:58.807,61019.49816849817,190.6859317765568,9983.641025641024,157.0,33711802.5276475,49722045.12599501,0.0090540879960247,0.0133540107071957,3.0903058796996747,9983.641025641024,7648.853479853478,6098.015873015873,4868.136752136752,3890.0,1.3052467342897731,2.0,4.0,5806.186573616757,7051.3860428992975,15.0,19.0,1.0,0.532430585399654,0.8397330071380197,23.0
2025-12-26 15:35:59.332,1,2025-12-26 15:35:59.230,43831.19902319903,136.97249694749695,13927.641025641024,149.0,31841416.580019563,26678346.47772969,0.0165739367962268,0.0138864810627549,2.752786764757176,13927.641025641024,6910.442002442002,3650.015873015873,2276.136752136752,1870.3833943833945,2.015448653026432,1.0,0.0,5642.81991383914,5165.108563982918,15.0,19.0,1.0,0.6532930808591987,0.9186411449942394,102.0
2025-12-26 15:35:59.865,1,2025-12-26 15:35:59.864,61760.7496947497,193.0023427960928,16473.136752136754,157.0,66912783.20743581,50458103.94540919,0.0175421966943251,0.0132283540125515,2.69052087348256,16473.136752136754,9850.641025641024,6851.372405372405,5646.383394383394,3433.5982905982905,1.6722908396779284,1.0,0.0,8180.02342340386,7103.386794016584,15.0,19.0,1.0,0.6841745295673332,0.859130255959936,1.0
2025-12-26 15:36:00.412,1,2025-12-26 15:36:00.497,111707.01831501831,349.08443223443226,28079.641025641027,156.0,162418640.07168722,184364897.1414607,0.0130159223873504,0.0147746538887774,2.759191417501348,28079.641025641027,14978.442002442003,13896.383394383394,6777.136752136752,5686.442002442002,1.87467034428956,1.0,0.0,12744.357185503208,13578.10359149836,15.0,19.0,1.0,0.6214295773366975,0.9386368807431462,85.0
2025-12-26 15:36:00.991,1,2025-12-26 15:36:00.920,38143.23199023199,119.19759996947496,7911.442002442002,153.0,14377798.14657954,17040997.59609418,0.0098822856577925,0.0117127813606439,2.958790354664839,7911.442002442002,5302.383394383394,5030.641025641025,4042.4420024420015,1926.924297924298,1.4920539338631733,1.0,0.0,3791.806712713552,4128.074320563303,15.0,19.0,1.0,0.6348133458914272,0.913476249649176,71.0
2025-12-26 15:36:01.539,1,2025-12-26 15:36:01.553,35916.77533577534,112.23992292429791,6605.700854700855,153.0,15465508.74994679,12091036.9918453,0.0119886293886989,0.0093727897196257,3.19282465057302,6605.700854700855,3716.8534798534783,2507.3724053724054,2422.3833943833943,2389.076923076923,1.7772292856051672,1.0,0.0,3932.6211042950463,3477.2168456749,15.0,19.0,1.0,0.4911740236271892,0.6582248767407063,14.0
2025-12-26 15:36:02.073,1,2025-12-26 15:36:01.976,42259.71794871794,132.06161858974357,9537.383394383394,113.0,15218789.725688938,21403727.408237427,0.0085217134827801,0.0119849499023333,3.106529955036508,9537.383394383394,4159.924297924298,3574.7008547008545,2876.641025641026,2248.4420024420024,2.292681960376064,1.0,0.0,3901.126725151201,4626.416259723873,15.0,19.0,1.0,0.5299867737468069,0.7878543025512523,97.0
2025-12-26 15:36:02.648,1,2025-12-26 15:36:02.610,15196.339438339435,47.48856074481074,2669.924297924298,140.0,1766094.4062493714,2223802.813786565,0.007647789811455,0.0096298229821586,3.1869546881729733,2669.924297924298,2152.3833943833943,1435.857142857143,1024.3724053724054,907.8192918192926,1.2404501469813312,2.0,4.0,1328.9448469554225,1491.242037291923,15.0,19.0,1.0,0.5389690435376973,0.7759486291039632,38.0
2025-12-26 15:36:03.252,1,2025-12-26 15:36:03.243,31419.794871794875,98.18685897435898,9190.076923076924,130.0,9897190.646384943,18846931.477737434,0.0100254816238782,0.0190912322443303,2.679137907378931,9190.076923076924,4863.689865689866,3428.2466422466423,1751.3724053724054,1538.4041514041514,1.889527740636792,1.0,0.0,3145.980077239038,4341.305273502134,15.0,19.0,1.0,0.6611052068463975,0.72408192311044,9.0
2025-12-26 15:36:03.822,1,2025-12-26 15:36:03.877,22285.62026862027,69.64256333943834,6104.853479853478,153.0,4590499.968368057,5374777.974668218,0.0092429485672029,0.0108220883830338,3.199096079734898,6104.853479853478,2071.8192918192926,1787.6898656898657,1029.076923076923,752.3345543345542,2.9466148442366213,1.0,0.0,2142.545208010337,2318.3567401649425,15.0,19.0,1.0,0.5270561901888128,0.839764007332231,55.0
2025-12-26 15:36:04.343,1,2025-12-26 15:36:04.299,24434.299145299145,76.35718482905983,4708.853479853478,150.0,5911816.9606178105,8019246.599123602,0.0099019608748556,0.0134317869784051,3.154274009224136,4708.853479853478,3614.0,2350.3833943833943,1386.4420024420024,1308.6703296703297,1.302947836151681,2.0,5.0,2431.4228263750856,2831.827431028169,15.0,19.0,1.0,0.5471140844619052,0.8964644716930352,44.0
2025-12-26 15:36:04.904,1,2025-12-26 15:36:04.933,15432.831501831502,48.22759844322344,2358.924297924298,149.0,1216411.012747549,1627924.171030587,0.0051072734872924,0.0068350696194762,3.399634230170677,2358.924297924298,1491.3724053724054,1159.857142857143,987.6898656898657,803.8302808302808,1.581713788873328,1.0,0.0,1102.9102469138406,1275.901317120798,15.0,19.0,1.0,0.4407275484000689,0.7613619506294419,29.0
2025-12-26 15:36:05.420,1,2025-12-26 15:36:05.356,18652.528693528697,58.28915216727718,3750.076923076923,137.0,2824056.652877799,5094447.992619945,0.0081170453293817,0.0146427180354668,2.9763001083796743,3750.076923076923,2115.8571428571427,2031.6898656898657,1607.3724053724054,1405.948717948718,1.7723677308437011,1.0,0.0,1680.4929791218406,2257.088388304708,15.0,19.0,1.0,0.5849579557934099,0.7424930878770224,64.0
2025-12-26 15:36:05.898,1,2025-12-26 15:36:05.989,13703.953601953604,42.82485500610501,1897.076923076923,156.0,1325091.0479321014,1477194.1812793084,0.0070559250812258,0.0078658530595277,3.408657788755769,1897.076923076923,1890.948717948718,1346.4041514041514,1120.3345543345542,795.8571428571429,1.0032408097951222,1.0,0.0,1151.1259913372216,1215.3987745918243,15.0,19.0,1.0,0.5144954291596445,0.5361245268648408,91.0
2025-12-26 15:36:06.426,1,2025-12-26 15:36:06.412,13230.21855921856,41.344432997558,1465.3345543345542,138.0,805071.0900395631,1252327.3599072504,0.0045993895501712,0.0071545748491203,3.503742798275878,1465.3345543345542,1343.6898656898657,1012.0769230769232,993.924297924298,881.6703296703297,1.0905303312540384,1.0,0.0,897.2575383018875,1119.074331716732,15.0,19.0,1.0,0.4305821513981107,0.8270728137539983,14.0
2025-12-26 15:36:07.009,1,2025-12-26 15:36:07.045,10181.21978021978,31.81631181318681,1034.4358974358977,138.0,411417.8063461164,576696.8787539044,0.0039690215693199,0.0055634985054781,3.589508480649405,1034.4358974358977,890.9242979242979,812.6898656898657,714.1062271062272,621.0769230769231,1.1610816989106665,1.0,0.0,641.4185890244501,759.4056088507014,15.0,19.0,1.0,0.4000732033254352,0.843058018552355,36.0
2025-12-26 15:36:07.525,1,2025-12-26 15:36:07.468,40999.50793650794,128.12346230158732,7277.7008547008545,135.0,13200444.430601165,17934988.15916791,0.0078529216465526,0.0106694935527547,2.8960962024013144,7277.7008547008545,5403.857142857143,5245.076923076923,4637.924297924298,2641.670329670329,1.346760408779352,1.0,0.0,3633.241587150677,4234.972037589849,15.0,19.0,1.0,0.6147934650158103,0.676056566627827,57.0
2025-12-26 15:36:08.013,1,2025-12-26 15:36:08.102,7893.975579975578,24.668673687423684,762.7228327228327,137.0,216051.82172951224,465585.0614783955,0.0034671000595222,0.007471494484251,3.651520358631932,762.7228327228327,596.6898656898657,507.990231990232,503.2087912087912,427.5750915750916,1.2782567235991666,1.0,0.0,464.8137495056619,682.3379378859096,15.0,19.0,1.0,0.3544711767647899,0.6713201176890818,89.0
2025-12-26 15:36:08.536,1,2025-12-26 15:36:08.524,9821.901098901097,30.69344093406593,834.4041514041514,159.0,445503.7212626719,807144.4358587146,0.0046180669268583,0.0083668145663797,3.5542627441897654,834.4041514041514,810.2466422466423,734.5750915750916,717.0769230769231,699.8571428571429,1.0298150068101433,1.0,0.0,667.4606514714346,898.412174816612,15.0,19.0,1.0,0.3864995088969375,0.5142832599692893,12.0
2025-12-26 15:36:09.082,1,2025-12-26 15:36:09.158,20103.601953601952,62.8237561050061,3562.4041514041514,154.0,3877342.5335946544,4402608.154622956,0.0095937062313291,0.0108933706323719,2.8507381284765376,3562.4041514041514,2986.3724053724054,2706.2466422466423,2076.8571428571427,1778.6703296703297,1.1928867762755533,1.0,0.0,1969.096882734482,2098.239298703309,15.0,19.0,1.0,0.6521493363133868,0.6099669295498897,76.0
2025-12-26 15:36:09.548,1,2025-12-26 15:36:09.580,41447.09768009768,129.52218025030524,11882.924297924295,121.0,26324530.70156409,26486873.13957598,0.0153240086458823,0.0154185112583653,2.579915353416747,11882.924297924295,8244.857142857143,3112.3833943833943,2835.6898656898657,2639.3724053724054,1.44125290372284,1.0,0.0,5130.743679191554,5146.539919166661,15.0,19.0,1.0,0.6928163541838315,0.941842600124596,32.0
2025-12-26 15:36:10.031,1,2025-12-26 15:36:10.003,39358.619047619046,122.99568452380952,8404.853479853478,159.0,12181547.140289858,20842189.75411517,0.0078636241142817,0.0134543785003155,3.046288566320015,8404.853479853478,3814.0,2742.076923076923,2567.6898656898657,2423.8192918192926,2.203684708927969,1.0,0.0,3490.20732053124,4565.3247150794405,15.0,19.0,1.0,0.506939522860268,0.8236295851158243,28.0
2025-12-26 15:36:10.570,1,2025-12-26 15:36:10.636,23890.862026862025,74.65894383394382,5492.853479853478,149.0,6384829.76468481,6417313.103671889,0.0111862799023631,0.0112431910081349,2.8001706864973497,5492.853479853478,3484.8571428571427,2326.076923076923,2187.8192918192926,1916.404151404152,1.5762062129607,1.0,0.0,2526.82206826773,2533.241619678606,15.0,19.0,1.0,0.6449332373058004,0.730284940431161,66.0
2025-12-26 15:36:11.159,1,2025-12-26 15:36:11.059,17779.968253968254,55.5624007936508,1739.7008547008545,148.0,2220011.571715908,1771911.9878672287,0.007022524706286,0.0056050589423479,3.4976871511397825,1739.7008547008545,1621.990231990232,1585.3345543345542,1342.076923076923,1155.6898656898657,1.0725717210794268,1.0,0.0,1489.970325783674,1331.131844659735,15.0,19.0,1.0,0.4187179821387156,0.5811421312511029,100.0
2025-12-26 15:36:11.686,1,2025-12-26 15:36:11.693,20858.157509157507,65.18174221611721,4220.484737484738,157.0,3897357.5051092105,6473899.304275811,0.0089581506170688,0.0148803811226998,3.0286012048696067,4220.484737484738,3461.670329670329,1863.924297924298,1787.6898656898657,1357.076923076923,1.2192047004907756,1.0,0.0,1974.1726127948407,2544.3858402914857,15.0,19.0,1.0,0.6084356275607657,0.890976735647579,7.0
2025-12-26 15:36:12.203,1,2025-12-26 15:36:12.115,9504.777777777776,29.702430555555555,2133.0,122.0,723390.5565738428,1842406.189383592,0.0080073516255084,0.0203939546367324,2.8679401856439783,2133.0,1479.857142857143,1176.076923076923,815.4041514041514,745.7228327228327,1.4413553431788697,1.0,0.0,850.5236954805215,1357.352640025278,15.0,19.0,1.0,0.6680914797300006,0.7831551332129162,88.0
2025-12-26 15:36:12.769,1,2025-12-26 15:36:12.749,21671.1452991453,67.72232905982906,5115.404151404151,121.0,4682555.476071861,5088614.667971215,0.0099705520127518,0.0108351726913059,2.973944113999131,5115.404151404151,2291.6898656898657,2086.8571428571427,1725.076923076923,1373.948717948718,2.232153760413839,1.0,0.0,2163.9213192886336,2255.7957948296685,15.0,19.0,1.0,0.5810941981674075,0.4648246843086825,20.0
2025-12-26 15:36:13.339,1,2025-12-26 15:36:13.382,36800.06593406593,115.00020604395604,11132.404151404153,136.0,28847572.92945287,22453069.75759057,0.0213015931874046,0.0165797711632194,2.2942472123692053,11132.404151404153,9433.168498168498,4090.540903540904,4074.2466422466414,1369.948717948718,1.180134135583859,1.0,0.0,5370.99366313654,4738.467026116207,15.0,19.0,1.0,0.8179417114968849,0.0978002308882602,43.0
2025-12-26 15:36:13.858,1,2025-12-26 15:36:13.805,72014.30158730158,225.04469246031744,17838.404151404153,148.0,68368411.88708843,79584607.78854321,0.0131831133314849,0.0153458720914985,2.557578552550847,17838.404151404153,17028.246642246642,5716.853479853478,5672.372405372405,5467.857142857143,1.0475772712351066,1.0,0.0,8268.519328579237,8921.02055756757,15.0,19.0,1.0,0.7182425251882698,0.3428850866059609,53.0
2025-12-26 15:36:14.393,1,2025-12-26 15:36:14.439,15594.44078144078,48.73262744200244,3117.924297924298,155.0,1473008.540713266,1865254.7445644976,0.0060571126943363,0.0076700561328733,3.378098224358544,3117.924297924298,1566.6898656898657,1298.6703296703297,1041.076923076923,664.4786324786324,1.990134975788193,1.0,0.0,1213.6756324130702,1365.7432938017664,15.0,19.0,1.0,0.49305006550733,0.7634071250618156,46.0
2025-12-26 15:36:14.985,1,2025-12-26 15:36:15.072,35957.479853479854,112.36712454212454,9113.853479853478,149.0,16051166.448333122,14335935.460445613,0.0124144678107529,0.0110878551962942,2.942345508438018,9113.853479853478,3490.8571428571427,2680.8192918192926,2471.4041514041514,2390.0,2.610778128947294,1.0,0.0,4006.390700909376,3786.28253838057,15.0,19.0,1.0,0.5602988348468406,0.7862675342766591,87.0
2025-12-26 15:36:15.521,1,2025-12-26 15:36:15.495,36869.18437118437,115.21620115995115,11884.853479853478,135.0,22609987.49642027,15533567.507825729,0.0166331024253952,0.0114273136785398,2.7623630352551345,11884.853479853478,3051.8192918192926,2618.2466422466423,2450.0,2323.7008547008545,3.894350334473645,1.0,0.0,4754.996056404282,3941.264709179749,15.0,19.0,1.0,0.6056174187045731,0.6956738310699471,26.0
2025-12-26 15:36:16.048,2,2025-12-26 15:36:16.129,25009.559218559218,78.15487255799755,5579.853479853478,136.0,5148416.376312354,5937869.786025942,0.0082311703141713,0.0094933303640758,2.922230461701841,5579.853479853478,3621.2466422466414,3599.4041514041514,1239.857142857143,1015.3345543345542,1.5408653513835675,1.0,0.0,2269.0122027684984,2436.7744635123586,15.0,19.0,1.0,0.6019976537420444,0.5496276417676264,81.0
2025-12-26 15:36:16.627,1,2025-12-26 15:36:16.551,37875.305250305246,118.3603289072039,12696.853479853478,140.0,32925014.873291336,17837100.46339678,0.02295163858327,0.01243403183825,2.540710361999865,12696.853479853478,5534.700854700855,3505.0,2848.8192918192926,2178.2466422466423,2.294045118819242,1.0,0.0,5738.032317205205,4223.399159847051,15.0,19.0,1.0,0.7066245431356325,0.6793560902485727,76.0
2025-12-26 15:36:17.187,1,2025-12-26 15:36:17.185,34980.94627594628,109.31545711233213,6896.372405372405,156.0,18766539.388362847,13988978.33564889,0.015336317385927,0.0114320177642024,2.8308492415536946,6896.372405372405,4821.383394383394,4639.857142857143,3822.404151404152,3621.2466422466414,1.4303721237777545,1.0,0.0,4332.036402012666,3740.18426493253,15.0,19.0,1.0,0.6804065146925247,0.6935158665653999,2.0
2025-12-26 15:36:17.693,1,2025-12-26 15:36:17.607,33281.5115995116,104.00472374847376,7273.383394383394,140.0,9841139.791940777,14486690.58175802,0.0088846293529504,0.0130786554292422,2.8772362721293825,7273.383394383394,4890.924297924298,3484.076923076923,2142.6898656898657,1935.3724053724047,1.4871183750418548,1.0,0.0,3137.05909921072,3806.138539485658,15.0,19.0,1.0,0.5927148719632007,0.87442756243972,86.0
2025-12-26 15:36:18.215,1,2025-12-26 15:36:18.241,31264.601953601952,97.7018811050061,3844.8534798534783,148.0,5705108.478798373,12040744.476610811,0.0058365753821776,0.0123182079808725,3.404058988898608,3844.8534798534783,3517.3833943833943,2690.924297924298,1976.6703296703297,1774.076923076923,1.0931004808835738,1.0,0.0,2388.5368908179694,3469.977590217379,15.0,19.0,1.0,0.4415187644286529,0.8436749788884701,26.0
2025-12-26 15:36:18.788,1,2025-12-26 15:36:18.875,21938.913308913307,68.55910409035408,2759.0,149.0,4988568.36806084,3294328.208101916,0.0103644367244894,0.0068444198301817,3.429423053299207,2759.0,1807.3345543345545,1707.8534798534783,1705.3833943833945,1297.6703296703297,1.526557434195859,1.0,0.0,2233.5103241446727,1815.0284317613089,15.0,19.0,1.0,0.422866968277421,0.7835167801370637,87.0
2025-12-26 15:36:19.351,1,2025-12-26 15:36:19.297,17961.376068376067,56.12930021367521,2367.6898656898657,144.0,3526412.883241472,1517586.6052245542,0.0109308503193265,0.0047040753812912,3.401573740447428,2367.6898656898657,2226.7008547008545,1814.575091575092,856.4358974358975,771.3577533577534,1.0633174459381474,1.0,0.0,1877.8745653641167,1231.9036509502496,15.0,19.0,1.0,0.4474467564269221,0.6417824925781578,54.0
2025-12-26 15:36:19.850,1,2025-12-26 15:36:19.931,13331.275946275946,41.66023733211233,2324.8534798534783,140.0,1227057.1842218605,1726177.8472640575,0.0069043272278785,0.0097127475917789,3.24049477819384,2324.8534798534783,1438.076923076923,1378.924297924298,1158.3833943833945,813.869352869353,1.6166405583350736,1.0,0.0,1107.7261323187515,1313.840875929828,15.0,19.0,1.0,0.5336404014721651,0.8423025897310449,81.0
2025-12-26 15:36:20.380,1,2025-12-26 15:36:20.353,14615.25885225885,45.67268391330891,5668.853479853478,140.0,5554918.239169757,2189671.5187502364,0.0260054664477025,0.0102509932208939,2.674330547268207,5668.853479853478,1574.7008547008545,1143.3345543345542,787.8192918192926,712.0769230769231,3.599955802987602,1.0,0.0,2356.8874048561925,1479.7538710036329,15.0,19.0,1.0,0.6764700648635027,0.6998948278334747,27.0
2025-12-26 15:36:20.950,1,2025-12-26 15:36:20.987,20241.11111111111,63.25347222222221,4514.404151404151,146.0,3384338.439163852,4020686.6629772,0.008260476288243,0.0098136718413374,2.945875408032763,4514.404151404151,3292.6898656898657,1973.4847374847373,1365.948717948718,1257.722832722833,1.3710383715281815,1.0,0.0,1839.6571526140008,2005.164996447225,15.0,19.0,1.0,0.6128245745580899,0.517510030179489,37.0
2025-12-26 15:36:21.507,1,2025-12-26 15:36:21.409,31190.39926739927,97.46999771062272,5382.076923076923,139.0,7632139.471363302,12479344.306809474,0.0078452074086973,0.0128277326140081,3.121234997893424,5382.076923076923,4381.948717948718,2394.8571428571427,2036.6898656898657,1763.4786324786326,1.2282382267575138,1.0,0.0,2762.632706561497,3532.611542019512,15.0,19.0,1.0,0.5116655014651075,0.6462680256365271,98.0
2025-12-26 15:36:21.992,1,2025-12-26 15:36:22.043,23451.703296703297,73.28657280219781,5272.853479853478,144.0,9564568.261458524,6277284.922990139,0.0173906810082512,0.0114136108091281,2.919379160727644,5272.853479853478,4129.0,2120.334554334554,1809.076923076923,1242.402930402931,1.2770291789421653,1.0,0.0,3092.663619189537,2505.4510418266286,15.0,19.0,1.0,0.6214332367796903,0.8704791417895605,51.0
2025-12-26 15:36:22.503,1,2025-12-26 15:36:22.466,36392.22588522589,113.7257058913309,8496.246642246642,155.0,18460583.69942078,19726437.735151906,0.0139388899658944,0.0148946885692448,2.525057145663908,8496.246642246642,8231.404151404151,4753.168498168498,4350.540903540904,1825.076923076923,1.032174643107067,1.0,0.0,4296.578138405117,4441.445455609233,15.0,19.0,1.0,0.7599545355005067,0.1966523126995799,37.0
2025-12-26 15:36:23.087,1,2025-12-26 15:36:23.099,60213.57997557997,188.16743742368743,10240.853479853478,155.0,29695051.887280047,43633214.78394821,0.0081902128952177,0.0120345072889526,2.9363197992593184,10240.853479853478,8919.404151404151,6948.246642246642,4434.700854700855,3685.948717948718,1.1481544401416262,1.0,0.0,5449.316644064653,6605.544245855009,15.0,19.0,1.0,0.5684623611490156,0.4671088195171355,12.0
2025-12-26 15:36:23.573,1,2025-12-26 15:36:23.522,17581.93894993895,54.94355921855922,2450.7008547008545,136.0,2168436.947716661,3416905.29370512,0.0070147672083582,0.0110534895808648,3.3155258021449687,2450.7008547008545,2084.2466422466423,1770.4041514041514,1296.3724053724054,1073.3345543345542,1.1758209441364529,1.0,0.0,1472.5613561806722,1848.487298767595,15.0,19.0,1.0,0.4934073899789213,0.4236931310907667,51.0
2025-12-26 15:36:24.071,1,2025-12-26 15:36:24.155,25239.065934065933,78.87208104395604,6265.948717948718,147.0,4947648.576822953,7573005.016332326,0.0077669818177217,0.0118883528921002,3.125657070134732,6265.948717948718,2779.4041514041514,1733.722832722833,1578.8315018315018,1308.6898656898657,2.254421587008465,1.0,0.0,2224.3310402957004,2751.9093401368305,15.0,19.0,1.0,0.5414858499636593,0.3377800902190613,84.0
2025-12-26 15:36:24.599,1,2025-12-26 15:36:24.578,17258.615384615387,53.93317307692308,6098.0,127.0,4000247.099718618,3697000.132836749,0.0134299661540355,0.0124118799208565,2.8991921184891325,6098.0,1437.2466422466423,1122.402930402931,1089.162393162393,568.5409035409035,4.2428347513573765,1.0,0.0,2000.0617739756483,1922.7584697087536,15.0,19.0,1.0,0.5976929573705865,0.6116037956233357,21.0
2025-12-26 15:36:25.160,1,2025-12-26 15:36:25.212,42667.8485958486,133.33702686202687,11893.246642246642,152.0,25987347.06120195,29255358.80897941,0.0142744852363643,0.0160695582515533,2.517660464717568,11893.246642246642,8836.404151404151,4255.540903540904,2761.162393162393,2297.168498168498,1.3459373788777411,1.0,0.0,5097.778639878545,5408.822312572249,15.0,19.0,1.0,0.7041255553589124,0.1880423813809143,52.0
2025-12-26 15:36:25.635,1,2025-12-26 15:36:25.634,70787.54212454212,221.2110691391941,14657.246642246642,142.0,54158224.86083676,82976633.95873082,0.010808134857756,0.0165593065905146,2.7647240149912946,14657.246642246642,14384.162393162393,6046.372405372405,4641.076923076923,4348.857142857143,1.0189850643797682,1.0,0.0,7359.227191820943,9109.15111076388,15.0,19.0,1.0,0.6226761684868996,0.3761634519791298,1.0
2025-12-26 15:36:26.104,1,2025-12-26 15:36:26.057,29858.780219780216,93.30868818681316,6929.853479853478,112.0,7005782.511242214,8510004.588598244,0.0078580090863646,0.0095452140106976,3.24804960636488,6929.853479853478,2517.076923076923,2178.2466422466423,1870.136752136752,1674.162393162393,2.753135359637536,1.0,0.0,2646.843877383442,2917.1912156384683,14.0,19.0,1.0,0.5080407196415386,0.6701316138512771,47.0
2025-12-26 15:36:26.652,1,2025-12-26 15:36:26.690,99748.82173382174,311.7150679181929,24021.162393162394,156.0,134983509.76660296,131332261.82127312,0.0135664171682783,0.0131994512114973,2.72679852428085,24021.162393162394,15887.168498168498,9921.246642246642,9498.540903540905,7048.076923076923,1.5119851215734312,1.0,0.0,11618.240390291594,11460.02887523732,15.0,19.0,1.0,0.6654333776224305,0.2296131853042084,38.0
2025-12-26 15:37:43.230,1,2025-12-26 15:37:43.157,29340.689865689863,91.68965583028084,4607.853479853478,131.0,6591477.503524906,9248569.67856746,0.0076567088375643,0.0107432066869451,3.3024642460784683,4607.853479853478,3574.7008547008545,3179.8192918192926,2317.076923076923,2171.6898656898657,1.289017925455973,1.0,0.0,2567.387291299251,3041.146112663359,15.0,19.0,1.0,0.5402442985389968,0.7197788599886771,73.0
2025-12-26 15:37:43.709,1,2025-12-26 15:37:43.791,221722.2051282051,692.8818910256409,111096.25885225883,159.0,1582255760.5766263,985480600.4754236,0.032185355252403,0.0200460911636017,1.831282963413075,111096.25885225883,36657.40293040293,25618.43101343101,16021.764346764348,7765.0,3.0306636578478057,1.0,0.0,39777.57861630879,31392.365321450747,15.0,19.0,1.0,0.8892156607808147,0.2776476186092689,82.0
2025-12-26 15:37:44.175,1,2025-12-26 15:37:44.213,258583.92063492065,808.074751984127,66627.8192918193,117.0,1217824164.6711855,1331208924.35172,0.018213002846008,0.0199087131223049,2.258227331852781,66627.8192918193,65825.40293040292,44660.85347985348,18094.0,11664.598290598293,1.0121900713963536,0.0,0.0,34897.337501178874,36485.73590256499,15.0,19.0,1.0,0.8000214146522455,0.9504836360292724,38.0
2025-12-26 15:37:44.741,1,2025-12-26 15:37:44.636,48001.08547008547,150.0033920940171,7527.442002442002,148.0,12447001.7280188,19044216.707624994,0.0054021001714897,0.008265345228527,3.027969042500273,7527.442002442002,6832.258852258852,6093.700854700855,5530.796092796093,2798.4420024420024,1.101750118842791,2.0,3.0,3528.030857010579,4363.968000298008,15.0,19.0,1.0,0.5996247693726989,0.6395440182480479,105.0
2025-12-26 15:37:45.278,1,2025-12-26 15:37:45.270,96746.90354090354,302.3340735653236,20392.81929181929,105.0,78614658.84373848,140134788.26851103,0.0083990349051748,0.0149717240449521,3.057607699355521,20392.81929181929,12102.383394383394,10484.853479853478,6938.700854700855,5931.442002442002,1.6850250588889566,1.0,0.0,8866.490785183194,11837.854039838092,15.0,18.0,0.9473684210526316,0.5772815147472454,0.8263494287437017,8.0
2025-12-26 15:37:45.759,1,2025-12-26 15:37:45.692,355315.0952380952,1110.3596726190476,154997.40293040292,142.0,3509797296.473708,2722899242.9637866,0.0278006351468701,0.0215677208684898,1.853170814385018,154997.40293040292,57184.819291819294,56849.0,27787.85347985348,24832.25885225885,2.7104641555206195,0.0,0.0,59243.54223435419,52181.40706193909,15.0,19.0,1.0,0.9052565986221228,0.9106629369052354,67.0
2025-12-26 15:37:46.231,1,2025-12-26 15:37:46.326,102387.58608058609,319.9612065018315,41068.258852258856,140.0,229661744.80991012,223670838.55802208,0.0219075621202265,0.0213360862265015,2.1213347294733502,41068.258852258856,18665.40293040293,17091.700854700855,3835.4310134310135,3554.0,2.200234251860863,1.0,0.0,15154.59484149643,14955.628992390191,15.0,19.0,1.0,0.822509806848166,0.35795337196577,95.0
2025-12-26 15:37:46.776,1,2025-12-26 15:37:46.748,668013.5006105006,2087.5421894078145,141772.8192918193,139.0,9400682039.207155,4707661669.504162,0.0210663300626056,0.0105495701417442,2.6078240002248303,141772.8192918193,112331.85347985348,79801.25885225885,73162.01343101343,60554.70085470085,1.262089201770758,1.0,0.0,96957.11443317172,68612.40171794135,15.0,19.0,1.0,0.7000197533167859,0.7354269087917004,28.0
2025-12-26 15:37:47.308,1,2025-12-26 15:37:47.382,104678.69352869356,327.12091727716734,33040.40293040293,141.0,154651191.49385157,200440873.4711745,0.0141135635458515,0.0182923582909083,2.5895779284044136,33040.40293040293,14225.015873015873,11882.598290598293,9089.0,7432.819291819293,2.3226970869731374,2.0,7.0,12435.883221301638,14157.71427424549,15.0,19.0,1.0,0.7228771570892194,0.8662232530850469,74.0
2025-12-26 15:37:47.782,1,2025-12-26 15:37:47.804,543182.6227106226,1697.4456959706956,248903.8192918193,98.0,7995259461.986087,6709220394.030497,0.0270982238859147,0.0227394692069469,1.866069425467612,248903.8192918193,79658.40293040292,77579.85347985348,35782.01343101343,35345.01587301587,3.124639838803722,0.0,0.0,89416.21475988618,81909.83087536255,15.0,18.0,0.9473684210526316,0.8786531178490341,0.9805028909252608,22.0
2025-12-26 15:37:48.269,1,2025-12-26 15:37:48.227,174352.7973137973,544.8524916056165,63488.819291819294,154.0,468190074.4716562,635170191.154246,0.0154015476328157,0.0208945137614168,2.396729564577873,63488.819291819294,25291.85347985348,22971.01587301588,14718.01343101343,8754.234432234432,2.510247789565504,2.0,5.0,21637.70030459929,25202.583025440985,15.0,19.0,1.0,0.7755765241010841,0.9129140506455284,42.0
2025-12-26 15:37:48.840,1,2025-12-26 15:37:48.861,96998.51037851036,303.1203449328449,35907.01587301587,134.0,179401587.3406134,161576716.43405426,0.0190676052269223,0.017173098011544,2.408701115351401,35907.01587301587,16920.59829059829,9222.641025641024,7622.136752136752,4825.853479853478,2.122089021696415,2.0,6.0,13394.087775605078,12711.283036501636,15.0,19.0,1.0,0.7680349433257836,0.9242848536374592,21.0
2025-12-26 15:37:49.392,1,2025-12-26 15:37:49.494,33151.65201465201,103.59891254578754,5493.246642246642,140.0,9003351.193397352,11661285.010576684,0.008192073512855,0.0106105051340279,3.228338251846973,5493.246642246642,4087.540903540904,2754.5982905982905,2062.168498168498,1982.404151404152,1.3439001032348514,1.0,0.0,3000.558480249528,3414.8623706639605,15.0,19.0,1.0,0.4940917719188942,0.380625602482501,102.0
2025-12-26 15:37:49.907,1,2025-12-26 15:37:49.917,64629.93406593408,201.968543956044,13346.402930402932,152.0,53121680.909738064,60305447.53158556,0.0127175772129233,0.0144374043179466,2.791361852161636,13346.402930402932,7540.598290598291,6652.853479853478,6254.0,5363.4310134310135,1.7699395215153706,0.0,0.0,7288.46217728665,7765.658216248354,15.0,19.0,1.0,0.6058691886384673,0.6981419300975129,10.0
2025-12-26 15:37:50.429,1,2025-12-26 15:37:50.339,222919.96703296705,696.624896978022,74999.431013431,155.0,853660692.3111846,1051826429.7062936,0.0171785832554439,0.0211663580808278,2.273466022925289,74999.431013431,62873.258852258856,17781.59829059829,5848.1623931623935,5508.196581196581,1.1928669259798563,2.0,4.0,29217.47238060104,32431.87366937491,15.0,19.0,1.0,0.749195549207791,0.2914172184410438,90.0
2025-12-26 15:37:50.995,1,2025-12-26 15:37:50.973,58598.50427350427,183.12032585470087,12518.383394383394,156.0,30928918.241289824,36725473.41352253,0.0090072386348041,0.0106953337465952,2.976518784852955,12518.383394383394,7239.924297924298,6806.4310134310135,4879.442002442002,3431.3724053724054,1.729076559263294,1.0,0.0,5561.37736907772,6060.154570101536,15.0,19.0,1.0,0.5951611486664131,0.7826880944653866,22.0
2025-12-26 15:37:51.505,1,2025-12-26 15:37:51.607,109538.8608058608,342.308940018315,38985.40293040293,152.0,220325835.44632912,228207731.0179184,0.0183623806320223,0.0190192730309286,2.2743026810246985,38985.40293040293,24097.59829059829,12060.819291819293,5979.700854700855,5931.015873015873,1.617812798614521,2.0,3.0,14843.376820869607,15106.54596583608,15.0,19.0,1.0,0.7947365583327177,0.8359979559999521,102.0
2025-12-26 15:37:52.005,1,2025-12-26 15:37:52.029,15379.664224664222,48.061450702075696,1624.076923076923,142.0,736518.4190072857,1592503.410690227,0.0031137941939089,0.0067326596946089,3.5158120403695743,1624.076923076923,1534.4700854700857,1396.1367521367522,1070.924297924298,1063.5335775335775,1.0583959494904902,3.0,6.0,858.2065130301015,1261.9442977763429,15.0,19.0,1.0,0.4349341792139966,0.6186244858960159,24.0
2025-12-26 15:37:52.550,1,2025-12-26 15:37:52.452,23247.916971916973,72.64974053724055,3837.924297924298,147.0,2996769.752426629,6170122.67841401,0.0055447923254396,0.0114163087926884,3.2201223213248737,3837.924297924298,3069.402930402931,1966.3833943833945,1789.076923076923,1554.857142857143,1.2503813884804074,1.0,0.0,1731.118064265586,2483.9731637870022,15.0,19.0,1.0,0.5255371783804476,0.9126091305250792,98.0
2025-12-26 15:37:53.122,2,2025-12-26 15:37:53.085,33093.30158730158,103.41656746031744,6226.0,151.0,6742057.854915512,18881187.704978533,0.0061561937641932,0.0172404705671881,3.0480952154277663,6226.0,4309.076923076923,3247.6898656898657,1897.4786324786328,1893.924297924298,1.444857010246371,1.0,0.0,2596.547294950645,4345.248865712818,15.0,19.0,1.0,0.5310491512249922,0.7744439870194715,37.0
2025-12-26 15:37:53.655,2,2025-12-26 15:37:53.719,253709.9938949939,792.8437309218559,84701.5982905983,158.0,1384282577.360842,1381421529.3647776,0.0215055029148932,0.0214610551431555,1.9572136076931104,84701.5982905983,71913.40293040292,34964.258852258856,18622.43101343101,14667.015873015873,1.177827704420697,1.0,0.0,37205.94814489805,37167.47945939807,15.0,19.0,1.0,0.8863218334740699,0.7296478002618837,64.0
2025-12-26 15:37:54.181,2,2025-12-26 15:37:54.141,73663.3308913309,230.19790903540903,19685.40293040293,158.0,70262751.97151192,97491474.09437768,0.0129485891185582,0.0179665186060815,2.613564694719731,19685.40293040293,10469.598290598293,9397.819291819293,7103.0,5104.853479853478,1.8802443402320947,1.0,0.0,8382.287991444337,9873.777093614057,15.0,19.0,1.0,0.7026654017184114,0.8577231249826257,40.0
2025-12-26 15:37:54.748,2,2025-12-26 15:37:54.775,40214.04884004884,125.66890262515264,14660.402930402932,142.0,22404015.033102863,40317268.882470384,0.0138538427346789,0.0249307591413516,2.4363210021293464,14660.402930402932,6625.598290598291,3616.258852258852,2557.076923076923,2296.431013431013,2.212691184614044,2.0,5.0,4733.287972763,6349.588087621935,15.0,19.0,1.0,0.7399346464247029,0.777382848667001,27.0
2025-12-26 15:37:55.318,2,2025-12-26 15:37:55.409,34835.96703296703,108.86239697802198,3777.8534798534783,154.0,6094118.068789864,8577349.267564345,0.00502175039401,0.0070680132182779,3.431131733905958,3777.8534798534783,3714.700854700856,3478.168498168498,2711.258852258852,1973.5982905982903,1.0170007297012056,1.0,0.0,2468.626757691382,2928.711195656606,15.0,19.0,1.0,0.4494085081882142,0.4762211749978141,91.0
2025-12-26 15:37:56.835,2,2025-12-26 15:37:56.887,49759.04884004884,155.4970276251526,8453.402930402932,108.0,15783375.224646283,27796563.29377491,0.0063746411387313,0.0112265667745865,3.380743701610818,8453.402930402932,4754.700854700855,3890.0,3500.258852258852,2939.6898656898657,1.777904265426811,0.0,0.0,3972.8296244171215,5272.244616268758,15.0,19.0,1.0,0.4730406438980663,0.5674657171466556,52.0
2025-12-26 15:37:57.365,2,2025-12-26 15:37:57.310,138266.8608058608,432.0839400183151,22661.40293040293,113.0,117312190.55202404,174462446.25117838,0.0061363050152167,0.0091256908498637,2.980685072956854,22661.40293040293,16943.582417582416,12124.853479853478,11554.598290598293,10073.035409035409,1.337462312980859,1.0,0.0,10831.075226034764,13208.42330678338,15.0,19.0,1.0,0.5305499242546089,0.5793565271962277,55.0
2025-12-26 15:37:57.877,2,2025-12-26 15:37:57.944,403934.1196581196,1262.2941239316235,115737.40293040292,136.0,2654603771.0011854,2753242088.4914503,0.0162696656951952,0.0168742050497437,2.21825050784535,115737.40293040292,108274.5982905983,42545.258852258856,36759.168498168496,20622.01587301588,1.0689247963753614,1.0,0.0,51522.84707778856,52471.34540386258,15.0,19.0,1.0,0.8019586082963664,0.6354844600379759,67.0
2025-12-26 15:37:58.403,2,2025-12-26 15:37:58.366,227674.43345543343,711.4826045482296,48405.168498168496,108.0,792380419.4048223,544800971.040071,0.015286399521165,0.0105101603963063,2.755681991220861,48405.168498168496,42417.19658119658,18971.25885225885,18880.59829059829,16514.582417582416,1.141168497675427,1.0,0.0,28149.25255499376,23340.97193863338,14.0,18.0,0.9473684210526316,0.6377035947175169,0.1854312394246771,37.0
2025-12-26 15:37:58.925,2,2025-12-26 15:37:59.000,562988.2100122101,1759.3381562881564,181706.40293040287,141.0,6594590700.27498,5533212165.822334,0.0208060312156596,0.0174573662380846,2.368163213169097,181706.40293040287,125409.5982905983,38651.258852258856,34432.431013431014,29386.28205128205,1.4489034763459858,1.0,0.0,81207.08528370527,74385.56423004624,15.0,19.0,1.0,0.7275214042743262,0.6851617336952961,75.0
2025-12-26 15:37:59.458,2,2025-12-26 15:37:59.422,159633.6666666667,498.8552083333334,32780.258852258856,154.0,180990662.3921032,369007203.5198475,0.0071024337452295,0.014480576952828,3.0610638517842794,32780.258852258856,15846.700854700855,14884.162393162393,12969.076923076924,11685.402930402932,2.068585704546361,2.0,5.0,13453.277013133384,19209.56021151571,15.0,19.0,1.0,0.5522995480502321,0.3916854870392216,36.0
2025-12-26 15:37:59.960,2,2025-12-26 15:38:00.056,1230575.7167277168,3845.549114774115,567296.2588522589,116.0,46131669570.01853,30024257485.16731,0.030463688857749,0.0198269355247337,1.9357646489256968,567296.2588522589,243458.7643467644,130826.70085470086,51770.99023199023,34065.19658119658,2.3301533644697323,0.0,0.0,214782.84282041367,173275.09193524413,15.0,18.0,0.9473684210526316,0.834908325347884,0.0981063072147001,96.0
2025-12-26 15:38:00.477,2,2025-12-26 15:38:00.478,530203.1526251526,1656.8848519536018,146738.70085470084,107.0,7188277278.51542,4653913263.03532,0.0255705582541653,0.0165551710919608,2.040454982095837,146738.70085470084,118559.0,98219.25885225883,73641.40293040292,32411.85347985348,1.2376850416644845,0.0,0.0,84783.70880372844,68219.5958873645,15.0,19.0,1.0,0.885642067181739,0.4732478426922771,1.0
2025-12-26 15:38:01.310,2,2025-12-26 15:38:01.323,1790260.8937728936,5594.565293040292,751250.0,150.0,86992333704.65823,83426790666.53607,0.0271424053115033,0.0260299232090587,1.5375305515499773,751250.0,535188.4029304029,161534.70085470084,148331.25885225885,103399.85347985348,1.4037112835154104,0.0,0.0,294944.6282010544,288836.9620850768,15.0,19.0,1.0,0.949417049788294,0.8230408859474473,13.0
2025-12-26 15:38:01.961,2,2025-12-26 15:38:01.957,190620.69474969475,595.6896710927961,61602.40293040293,106.0,641110498.4399692,833027792.811743,0.0176438270700863,0.0229255305547337,2.168778275495241,61602.40293040293,41215.0,20123.70085470085,18343.25885225885,16149.598290598293,1.4946597823705312,0.0,0.0,25320.159921295308,28862.22085723382,15.0,19.0,1.0,0.8259017266445685,0.7569688172912935,4.0
2025-12-26 15:51:12.854,1,2025-12-26 15:51:12.819,354049.92307692306,1106.4060096153846,123049.40293040292,135.0,3183178338.466952,2630001004.7312784,0.0253940495134159,0.0209810348755529,1.8032217585923307,123049.40293040292,99859.8192918193,38018.59829059829,26729.85347985348,25713.0,1.2322213659411472,1.0,0.0,56419.66269366516,51283.53541567974,15.0,19.0,1.0,0.8851030704067919,0.9827948906455628,35.0
2025-12-26 15:51:13.516,1,2025-12-26 15:51:13.453,59045.42979242979,184.5169681013431,20960.40293040293,152.0,66249869.63529792,82393374.69891188,0.0190025748402508,0.0236330467920302,2.104573964399948,20960.40293040293,17572.59829059829,4243.4310134310135,3133.8192918192926,2723.015873015873,1.1927890562214694,1.0,0.0,8139.402289805924,9077.079634932805,15.0,19.0,1.0,0.8236584536725965,0.8711843472608339,63.0
2025-12-26 15:51:14.117,1,2025-12-26 15:51:14.087,23741.903540903542,74.19344856532356,8484.598290598291,155.0,8912177.742292287,7984381.742020401,0.0158107607522139,0.0141647926161042,2.6248587973936885,8484.598290598291,2836.258852258852,2375.431013431013,1707.7008547008545,1235.015873015873,2.991475296353152,2.0,4.0,2985.327074592043,2825.664831861769,15.0,19.0,1.0,0.700828594275847,0.6194472619905533,30.0
2025-12-26 15:51:14.867,1,2025-12-26 15:51:14.931,154558.17582417585,482.99429945054953,49545.40293040293,131.0,380046262.5383973,450605984.5342534,0.0159093523081001,0.0188630965930613,2.499110329700008,49545.40293040293,29717.81929181929,14177.853479853478,11290.598290598293,8694.0,1.6671951075508455,1.0,0.0,19494.77526257734,21227.481822728136,15.0,19.0,1.0,0.7338704237924328,0.9058934196500318,64.0
2025-12-26 15:51:15.472,1,2025-12-26 15:51:15.565,601078.9865689864,1878.3718330280824,237667.8192918193,147.0,8591086718.180077,7572941389.422869,0.0237785304913683,0.0209604935492821,1.96976245367334,237667.8192918193,114587.01587301587,69277.01343101343,50229.23443223443,40298.40293040293,2.074125218124174,1.0,0.0,92688.11530169376,87022.64871527911,15.0,19.0,1.0,0.8519004946111446,0.9739718961641796,93.0
2025-12-26 15:51:16.062,1,2025-12-26 15:51:15.988,190152.51159951155,594.2265987484736,59214.01587301587,155.0,702985445.8998605,366110730.1934742,0.0194420565320977,0.010125309926321,2.7312729661713604,59214.01587301587,17890.431013431014,14152.076923076924,12301.598290598293,12264.196581196582,3.309814941214015,2.0,4.0,26513.872706563645,19134.02023082118,15.0,19.0,1.0,0.6091022290847069,0.6886557359937259,74.0
2025-12-26 15:51:16.874,1,2025-12-26 15:51:16.833,197444.2393162393,617.0132478632479,67952.25885225885,144.0,775651746.7967578,621211493.895147,0.0198965528822593,0.015934944245785,2.4777435729963333,67952.25885225885,24377.764346764347,16687.431013431014,16085.402930402932,14411.700854700855,2.787468854225566,2.0,5.0,27850.52507219133,24924.114706347085,15.0,19.0,1.0,0.7066023221579123,0.242909730616699,41.0
2025-12-26 15:51:17.495,1,2025-12-26 15:51:17.466,1040047.2588522588,3250.1476839133084,357120.25885225885,138.0,29304548588.204453,19697939012.503105,0.0270912402938054,0.0182101968735066,1.9859536530599469,357120.25885225885,271702.7643467644,89443.431013431,75321.70085470086,71496.19658119658,1.3143784521694375,1.0,0.0,171185.71373863082,140349.34632018456,15.0,19.0,1.0,0.8317740797692331,0.041377221863703,29.0
2025-12-26 15:51:18.070,1,2025-12-26 15:51:18.100,87711.4822954823,274.0983821733822,20434.59829059829,141.0,92761003.60006784,131760811.38652477,0.01205736859939,0.0171266869501709,2.686640509772924,20434.59829059829,13348.402930402932,7837.819291819293,7224.136752136752,6331.258852258852,1.5308646582771324,2.0,5.0,9631.251403637423,11478.71122498187,15.0,19.0,1.0,0.6290649145722784,0.7653897287621679,30.0
2025-12-26 15:51:18.774,1,2025-12-26 15:51:18.734,1099534.4053724052,3436.045016788766,480805.8192918193,138.0,40839232811.63161,23796816561.78543,0.0337800220179763,0.0196834497631871,1.717135991430844,480805.8192918193,279266.4029304029,71684.85347985348,71117.01587301587,54314.0,1.7216744092616147,1.0,0.0,202087.1911122316,154262.16827785558,15.0,19.0,1.0,0.8705394637022725,0.9778748309316012,40.0
2025-12-26 15:51:19.737,1,2025-12-26 15:51:19.790,256676.8986568987,802.1153083028084,58508.819291819294,149.0,1301269485.250909,884734621.3295666,0.0197512087595862,0.0134288695775758,2.477061536543527,58508.819291819294,53227.258852258856,32702.43101343101,23811.01587301588,15820.853479853478,1.0992266097004768,2.0,3.0,36073.11305184111,29744.488923657213,15.0,19.0,1.0,0.7171287306086148,0.5594393791827315,53.0
2025-12-26 15:51:20.734,1,2025-12-26 15:51:20.635,940136.7326007324,2937.927289377289,333956.25885225885,151.0,20805910182.1475,18926394115.37172,0.0235399033932679,0.0214134101876998,1.9225226147547672,333956.25885225885,235630.70085470084,128406.76434676436,107414.99023199025,28880.40293040293,1.417286701779103,0.0,0.0,144242.53943323204,137573.23182716803,15.0,19.0,1.0,0.8874125308434588,0.0994883003431458,99.0
2025-12-26 15:51:21.493,1,2025-12-26 15:51:21.478,8195604.902319903,25611.2653197497,2893460.81929182,140.0,1799651699823.9946,1373031390720.609,0.0267933140045974,0.0204417672560442,1.7462415970041834,2893460.81929182,1871515.853479853,1523336.402930403,877231.0,392523.0134310135,1.5460519951844296,0.0,0.0,1341510.9764083163,1171764.2214714566,15.0,19.0,1.0,0.922209791615705,0.983314921474972,15.0
2025-12-26 15:51:22.199,1,2025-12-26 15:51:22.113,1053640.89010989,3292.627781593407,285627.01343101345,152.0,27643958375.752323,17017408337.303238,0.0249008973087476,0.0153288010243822,2.159845149527545,285627.01343101345,266695.8192918193,121817.23443223444,83202.01587301587,76383.42124542124,1.0709842178608675,1.0,0.0,166264.7237863532,130450.78894856572,15.0,19.0,1.0,0.7912805132178854,0.994909835809764,86.0
2025-12-26 15:51:23.088,1,2025-12-26 15:51:23.170,650712.380952381,2033.4761904761904,189344.8192918193,153.0,9140090101.38155,8531301541.383291,0.0215860081595387,0.0201482417176554,2.050277332781039,189344.8192918193,155582.0158730159,125738.40293040292,77330.5982905983,13929.076923076924,1.217009679617206,2.0,5.0,95603.81844561204,92365.04501911582,15.0,19.0,1.0,0.8635534373673366,0.9873405635795706,82.0
2025-12-26 15:51:23.717,1,2025-12-26 15:51:23.803,35309.431013431014,110.34197191697191,5747.015873015873,159.0,13887610.828823904,11141020.69808301,0.0111389973152227,0.00893600786877,3.195338210281812,5747.015873015873,4472.4310134310135,3991.258852258852,3924.5982905982905,1936.402930402931,1.2849870363021607,2.0,6.0,3726.6084888037135,3337.816756217005,15.0,19.0,1.0,0.568451724755109,0.6591045210485696,86.0
2025-12-26 15:51:24.427,1,2025-12-26 15:51:24.437,113694.39194139196,355.29497481684984,22340.81929181929,158.0,141142468.00597957,151914208.10318005,0.0109189184037707,0.0117522306793006,2.857134975376036,22340.81929181929,16753.85347985348,11581.234432234432,11377.402930402932,9225.598290598293,1.3334734793212089,1.0,0.0,11880.339557688558,12325.34819399355,15.0,19.0,1.0,0.6269342507381648,0.9164221885787672,10.0
2025-12-26 15:51:25.095,1,2025-12-26 15:51:25.071,87361.39804639804,273.0043688949939,15998.015873015873,153.0,83616757.5583149,85998256.05014285,0.0109560541945685,0.011268094834539,2.862589904097028,15998.015873015873,14531.819291819293,11032.162393162393,6294.136752136752,6242.4310134310135,1.100895596879661,2.0,5.0,9144.21989883855,9273.524467544305,15.0,19.0,1.0,0.6192502241645985,0.6899458601683787,24.0
2025-12-26 15:51:25.715,1,2025-12-26 15:51:25.704,67178.51037851037,209.9328449328449,14267.015873015873,114.0,50388676.91211344,59861237.36490641,0.011165346772188,0.0132643187785461,2.9549835730306846,14267.015873015873,10247.819291819293,7162.2344322344325,4530.598290598291,4479.641025641025,1.3922001810086233,2.0,4.0,7098.498215264511,7737.004418048784,15.0,19.0,1.0,0.6056595879256607,0.91164780658387,11.0
2025-12-26 15:51:26.290,1,2025-12-26 15:51:26.338,80363.99267399266,251.13747710622707,21239.641025641027,115.0,134824313.76478174,103065545.90938464,0.0208758999933092,0.0159584422800315,2.243876366069576,21239.641025641027,16294.015873015873,14830.442002442003,11445.234432234432,3205.136752136752,1.303524017109507,1.0,0.0,11611.38724549232,10152.120266692304,15.0,19.0,1.0,0.8338867676388662,0.9407801591385596,48.0
2025-12-26 15:51:26.913,1,2025-12-26 15:51:26.972,49188.27838827839,153.71336996336998,8339.015873015873,138.0,25995459.21151871,33292357.55738914,0.0107442040828603,0.013760090986877,2.849109739913858,8339.015873015873,7332.641025641025,5316.853479853478,4470.136752136752,4446.700854700855,1.137245890512652,2.0,4.0,5098.574233206643,5769.952994382982,15.0,19.0,1.0,0.6079771231121975,0.8385855103114622,59.0
2025-12-26 15:51:27.429,1,2025-12-26 15:51:27.394,94759.35775335776,296.1229929792429,29387.641025641027,150.0,172071420.24054283,148105918.8720612,0.0191630452970084,0.0164940838410749,2.3517876303711094,29387.641025641027,18377.3833943834,14414.442002442003,7002.442002442002,4520.372405372405,1.5991199832409793,1.0,0.0,13117.59963714943,12169.877520832377,15.0,19.0,1.0,0.777783667784182,0.9500859152070394,35.0
2025-12-26 15:51:27.969,1,2025-12-26 15:51:28.028,63545.0634920635,198.57832341269844,15206.641025641024,151.0,68394077.24347223,58548986.69780729,0.0169377164662389,0.0144995908423884,2.410403344434365,15206.641025641024,14286.442002442003,10113.383394383394,8326.442002442003,3902.700854700856,1.0644106505343085,1.0,0.0,8270.071175236175,7651.730960887692,15.0,19.0,1.0,0.8157299156067804,0.8919421243885757,59.0
2025-12-26 15:51:28.656,1,2025-12-26 15:51:28.662,65643.52503052502,205.1360157203907,9732.383394383394,113.0,26432012.88192971,47813123.88702597,0.0061340378068887,0.0110959203485019,3.160318287573423,9732.383394383394,6294.076923076923,6018.700854700855,5478.924297924298,3721.8534798534783,1.5462765252675168,1.0,0.0,5141.207336990963,6914.703456188557,15.0,18.0,0.9473684210526316,0.4759942269311213,0.8192932832337898,6.0
2025-12-26 15:51:29.346,1,2025-12-26 15:51:29.295,51641.35531135531,161.37923534798534,9759.442002442003,157.0,25989524.132448606,25481589.94579628,0.0097454761800348,0.0095550124958281,2.914411760161468,9759.442002442003,6945.853479853478,5335.796092796093,5289.106227106227,3159.924297924298,1.4050745571797567,1.0,0.0,5097.992166770032,5047.92927305804,15.0,19.0,1.0,0.5904206409047731,0.8633388399894192,51.0
2025-12-26 15:51:29.891,1,2025-12-26 15:51:29.929,55501.27716727716,173.44149114774115,10221.383394383394,141.0,27673829.08824806,38352312.79676281,0.0089838667220603,0.0124504659456469,2.8469088930679103,10221.383394383394,8850.924297924297,7285.076923076923,4724.857142857143,2627.3724053724054,1.154837963847385,1.0,0.0,5260.592085331085,6192.924413939089,15.0,19.0,1.0,0.6073664586495013,0.864558683334247,38.0
2025-12-26 15:51:30.494,1,2025-12-26 15:51:30.563,31545.17216117216,98.578663003663,6685.0,149.0,16965453.566712473,12391325.504029991,0.0170490298430322,0.0124523684251768,2.9380330259390406,6685.0,5716.853479853478,2804.076923076923,2082.6898656898657,1484.6703296703297,1.1693495422888056,1.0,0.0,4118.914124707199,3520.131461185788,15.0,19.0,1.0,0.5951240494860062,0.9066691423303528,69.0
2025-12-26 15:51:31.264,1,2025-12-26 15:51:31.197,23911.32844932845,74.7229014041514,3822.6898656898657,159.0,4564939.038664456,4557169.805795492,0.0079841294950787,0.007970541019794,3.2294997730882584,3822.6898656898657,2844.076923076923,2255.334554334554,1675.4847374847377,1658.6703296703297,1.3440880711316578,1.0,0.0,2136.571795813203,2134.7528676161774,15.0,19.0,1.0,0.5125711202632957,0.793486394430999,67.0
2025-12-26 15:51:31.777,1,2025-12-26 15:51:31.830,8218.531135531137,25.6829097985348,2014.0,121.0,1304716.4711090217,380868.3770201719,0.0193164687348885,0.0056387975929853,3.266616418609157,2014.0,745.3345543345542,723.3577533577534,478.22222222222223,299.3724053724053,2.702142263879644,1.0,0.0,1142.241861914114,617.1453451336823,15.0,19.0,1.0,0.5183757127679346,0.7676490351994028,53.0
2025-12-26 15:51:32.326,1,2025-12-26 15:51:32.253,22213.66788766789,69.41771214896215,5401.853479853478,154.0,7632678.154103299,4716258.365808701,0.0154680796915295,0.009557780214924,2.947530398902554,5401.853479853478,2537.7008547008545,2190.4041514041514,2013.2466422466423,1215.857142857143,2.128640761516441,1.0,0.0,2762.730199296214,2171.6948141506214,15.0,19.0,1.0,0.6013893040364607,0.5296248654839091,73.0
2025-12-26 15:51:33.052,1,2025-12-26 15:51:33.098,8031.255189255187,25.09767246642246,2711.8534798534783,123.0,1746988.6207520014,527089.4985151042,0.0270846498190173,0.0081717959241302,2.760506389879813,2711.8534798534783,955.7008547008544,621.4358974358975,538.5750915750916,504.3577533577534,2.837554729088824,1.0,0.0,1321.7369710922069,726.0092964384851,15.0,19.0,1.0,0.6638966078497737,0.7061805844625078,46.0
2025-12-26 15:51:33.607,1,2025-12-26 15:51:33.520,6218.947496947497,19.43421092796093,2493.7008547008545,138.0,1013470.253971026,422590.9145176745,0.0262045813510354,0.0109266334698003,2.7360912267774724,2493.7008547008545,570.3577533577534,436.2588522588524,329.1062271062271,306.22222222222223,4.372169642677451,0.0,0.0,1006.712597502895,650.069930482617,15.0,18.0,0.9473684210526316,0.6650073684775729,0.3041496721782835,87.0
2025-12-26 15:51:34.169,1,2025-12-26 15:51:34.154,12005.617826617829,37.51755570818071,3583.8534798534783,134.0,2130134.2077798503,1676833.7362104345,0.0147787580094394,0.0116337834109273,2.9362746551123746,3583.8534798534783,1462.857142857143,742.0,661.869352869353,597.7228327228327,2.449899839741914,2.0,3.0,1459.497930036165,1294.9261508713284,15.0,19.0,1.0,0.587083722811443,0.8902096200180674,15.0
2025-12-26 15:51:34.856,1,2025-12-26 15:51:34.788,8552.998778998779,26.728121184371183,1366.857142857143,137.0,432779.1832478101,714097.856058134,0.0059160187655069,0.009761597785606,3.3458700962394103,1366.857142857143,1215.3724053724054,753.0769230769231,474.6898656898657,446.8412698412698,1.124640593133424,1.0,0.0,657.8595467482479,845.0431089939341,15.0,19.0,1.0,0.4977011825711283,0.7655545984484835,68.0
2025-12-26 15:51:35.438,1,2025-12-26 15:51:35.421,12538.792429792433,39.18372634310135,4214.700854700855,140.0,2647838.012771495,1643189.6061271415,0.0168414696360327,0.0104514429222461,2.852370742797098,4214.700854700855,1216.2588522588524,1214.990231990232,888.3724053724054,466.0854700854701,3.465299222176093,1.0,0.0,1627.217875015972,1281.8695745383543,15.0,19.0,1.0,0.6380524966182581,0.282848704645127,17.0
2025-12-26 15:51:35.962,1,2025-12-26 15:51:36.055,6957.709401709401,21.74284188034188,1194.7008547008545,137.0,679064.960933831,225575.06242098147,0.0140274506704332,0.0046597059819414,3.395445478943224,1194.7008547008545,787.5750915750916,621.0769230769231,541.4358974358975,303.85714285714283,1.516935803937152,1.0,0.0,824.0539793811029,474.947431218426,15.0,19.0,1.0,0.4956582275192658,0.5688732766105384,93.0
2025-12-26 15:51:36.627,1,2025-12-26 15:51:36.689,3817.6715506715504,11.930223595848595,508.22222222222223,130.0,238566.91375699927,48545.14810763818,0.016368658538283,0.0033308011599366,3.4871626148049373,508.22222222222223,402.0854700854701,349.8693528693529,314.5750915750916,231.18070818070817,1.263965649176348,0.0,0.0,488.43312106879,220.3296351098467,15.0,19.0,1.0,0.4730456302912433,0.6726853111916241,62.0
2025-12-26 15:51:37.277,1,2025-12-26 15:51:37.322,25916.981684981685,80.99056776556776,6720.853479853478,128.0,21701591.34823244,6345357.323291214,0.0323089420681606,0.0094468547891393,2.527140592794354,6720.853479853478,6106.0,3198.7008547008545,1880.8192918192929,1684.402930402931,1.100696606592266,0.0,0.0,4658.496683290913,2518.999270204581,15.0,19.0,1.0,0.7559050199170463,0.7458627642088606,45.0
2025-12-26 15:51:37.886,1,2025-12-26 15:51:37.956,12307.522588522588,38.46100808913309,2252.4041514041514,137.0,1200754.6598314676,1662654.8604783933,0.0079270755562457,0.0109764226980567,3.1210592575248266,2252.4041514041514,1953.2466422466423,1434.857142857143,954.3724053724054,523.2087912087912,1.1531591058117792,2.0,6.0,1095.7895143828798,1289.439746742124,15.0,19.0,1.0,0.5783527173638134,0.4574599788627665,70.0
2025-12-26 15:51:38.475,1,2025-12-26 15:51:38.379,35638.50427350427,111.37032585470084,7175.404151404151,159.0,14415855.784271425,18420140.851022627,0.0113501471404254,0.0145028718471627,2.7739060592205567,7175.404151404151,5431.857142857143,5279.0,4373.246642246642,1983.3724053724047,1.3209854314446468,1.0,0.0,3796.821800436705,4291.869155860023,15.0,19.0,1.0,0.6802440460416075,0.555977392713789,96.0
2025-12-26 15:51:39.122,1,2025-12-26 15:51:39.223,9077.166056166056,28.36614392551893,1099.3577533577534,134.0,975029.7235125416,198304.6419100805,0.011833611151105,0.0024067574200396,3.613709761843941,1099.3577533577534,948.2222222222222,625.8412698412699,579.5750915750916,521.5409035409035,1.1593883032820889,1.0,0.0,987.4359338775056,445.3140935453093,15.0,19.0,1.0,0.4158277172832821,0.5917307298337744,101.0
2025-12-26 15:51:39.640,1,2025-12-26 15:51:39.646,16033.288156288156,50.10402548840049,2268.076923076923,141.0,1749280.3561912267,2304933.228350526,0.0068047821054504,0.0089662976726546,3.1795957020321164,2268.076923076923,1764.857142857143,1634.7008547008545,1526.3724053724054,1359.3345543345542,1.2851334354483943,1.0,0.0,1322.6036277703258,1518.2006548379982,15.0,19.0,1.0,0.5334739697163604,0.7371696081328503,6.0
2025-12-26 15:51:40.200,1,2025-12-26 15:51:40.280,12620.435897435897,39.43886217948717,2920.8534798534783,127.0,3257820.3969083177,1337626.9405044825,0.0204540082841698,0.008398201616078,3.058903155385305,2920.8534798534783,2129.0,1470.7008547008545,588.1965811965812,527.6898656898657,1.371936815336828,1.0,0.0,1804.943322353452,1156.5582304858162,15.0,19.0,1.0,0.6050853428122619,0.6260424953732218,80.0
2025-12-26 15:51:40.823,1,2025-12-26 15:51:40.913,17558.98656898657,54.87183302808303,3594.7008547008545,136.0,4051032.64564276,3024016.318302869,0.0131391372643053,0.0098081079495661,2.979149189732264,3594.7008547008545,2843.8534798534783,1959.857142857143,1500.076923076923,783.4041514041514,1.2640246342384691,1.0,0.0,2012.7177262703185,1738.9699014942348,15.0,19.0,1.0,0.608343340882711,0.5680424120755044,90.0
2025-12-26 15:51:41.414,1,2025-12-26 15:51:41.336,22231.27960927961,69.47274877899878,3080.8534798534783,150.0,3328586.6648064414,6623173.810195866,0.0067348968263469,0.0134010007148864,3.068685565726025,3080.8534798534783,2988.8571428571427,2750.3724053724054,2398.076923076923,1262.4041514041514,1.0307797705270594,1.0,0.0,1824.441466533372,2573.552760328777,15.0,19.0,1.0,0.5613965692444441,0.7631280832899742,78.0
2025-12-26 15:51:41.949,1,2025-12-26 15:51:41.969,23380.37362637363,73.0636675824176,12944.853479853478,134.0,18162787.8824132,11881315.375407498,0.0332261190534395,0.0217350993542683,1.9250406191890967,12944.853479853478,2836.8192918192926,1341.7008547008545,1303.0,1190.990231990232,4.56315758891614,0.0,0.0,4261.782242491185,3446.928397197641,15.0,19.0,1.0,0.8390526247294079,0.802863781786616,20.0
2025-12-26 15:51:42.591,1,2025-12-26 15:51:42.603,14532.990231990232,45.415594474969474,6945.853479853478,140.0,6160990.37363289,3463231.0721715293,0.0291702779222922,0.0163972684191668,2.3217188026757287,6945.853479853478,1694.0,1188.8192918192926,756.2222222222222,513.4029304029309,4.100267697667873,0.0,0.0,2482.1342376335915,1860.9758386855883,15.0,19.0,1.0,0.7636623810471862,0.9382915498810992,12.0
2025-12-26 15:51:43.212,1,2025-12-26 15:51:43.237,26097.52014652015,81.55475045787547,5956.853479853478,130.0,16219883.56691601,7533357.058341565,0.0238149267090439,0.0110608898934023,2.742497815964496,5956.853479853478,5551.0,2946.7008547008545,2028.857142857143,1109.990231990232,1.07311357950863,1.0,0.0,4027.391657998513,2744.696168675426,15.0,19.0,1.0,0.674140746347769,0.7587987930495588,25.0
2025-12-26 15:51:43.744,1,2025-12-26 15:51:43.659,13616.164835164833,42.5505151098901,6145.853479853478,133.0,5882017.080183169,2979770.293586757,0.0317260994114341,0.0160721207145198,2.206801614872401,6145.853479853478,2323.7008547008545,1432.8192918192926,837.990231990232,436.2588522588524,2.6448557125663363,0.0,0.0,2425.287009857425,1726.2011162048177,15.0,19.0,1.0,0.8208348566519531,0.6640299242110919,85.0
2025-12-26 15:51:44.284,1,2025-12-26 15:51:44.293,6217.307692307692,19.429086538461537,1441.7008547008545,137.0,595770.5007493297,198573.4234639276,0.0154125420185537,0.0051370808542156,3.2770830449057247,1441.7008547008545,793.869352869353,501.7228327228327,420.22222222222223,254.68986568986568,1.8160429666269016,1.0,0.0,771.8617108973147,445.6157800885507,15.0,19.0,1.0,0.5488235900607428,0.5228876811059701,9.0
2025-12-26 15:51:44.971,1,2025-12-26 15:51:44.927,4210.95115995116,13.159222374847374,433.4358974358975,134.0,131642.4148816547,64789.23875142932,0.0074239567271129,0.0036537806246232,3.615941742219384,433.4358974358975,354.85714285714283,344.33455433455424,329.1062271062271,314.7228327228327,1.2214377141878956,1.0,0.0,362.82559843767183,254.5373032610924,15.0,19.0,1.0,0.4218658889591197,0.6915348635989925,44.0
2025-12-26 15:51:45.518,1,2025-12-26 15:51:45.560,14137.245421245423,44.178891941391946,4310.700854700855,130.0,3513333.672899978,1703683.366639026,0.0175788234088961,0.0085243110490273,2.909357958716192,4310.700854700855,1518.990231990232,1271.3724053724054,975.8571428571428,748.2588522588524,2.837872662979532,1.0,0.0,1874.3888798485705,1305.252223380227,15.0,19.0,1.0,0.6242502852724338,0.379552224987113,42.0
2025-12-26 15:51:46.028,1,2025-12-26 15:51:45.983,4684.483516483517,14.63901098901099,635.1807081807082,141.0,166885.80210089742,66642.09017688864,0.0076049429452512,0.0030368628557216,3.743724431121551,635.1807081807082,376.8693528693529,293.46520146520146,279.85714285714283,212.81929181929263,1.685413534804506,1.0,0.0,408.5165873020304,258.1512931923616,15.0,19.0,1.0,0.3838612497757609,0.8177841167367625,45.0
2025-12-26 15:51:46.598,1,2025-12-26 15:51:46.617,7757.4420024420015,24.242006257631253,1994.7008547008545,100.0,1887068.318318945,448762.6308093158,0.0313581583431764,0.0074572655895972,2.71000381977537,1994.7008547008545,1556.3345543345542,799.0,385.1062271062271,376.2588522588524,1.2816658533630334,0.0,0.0,1373.706052370355,669.8974778347175,15.0,19.0,1.0,0.6589028299265128,0.5441733449072188,19.0
2025-12-26 15:51:47.186,1,2025-12-26 15:51:47.250,5041.669108669108,15.755215964590963,786.4358974358975,126.0,436044.9371991234,103241.82551046873,0.0171546779946152,0.0040616920897755,3.3313618873985136,786.4358974358975,709.1062271062272,550.885225885226,371.18070818070817,250.36996336996336,1.1090523075000114,1.0,0.0,660.3369876049072,321.31266005320845,15.0,19.0,1.0,0.5291854670489832,0.6276820742010321,64.0
2025-12-26 15:51:47.670,1,2025-12-26 15:51:47.673,3740.54945054945,11.689217032967033,446.37240537240535,125.0,105663.22273318568,63022.002789741775,0.0075518447197041,0.0045042387188462,3.711406144368008,446.37240537240535,314.7008547008545,221.72283272283272,220.33455433455424,218.68986568986568,1.4184022658447992,2.0,4.0,325.05879888596417,251.04183474023165,15.0,19.0,1.0,0.3801100698217693,0.6444917757733686,3.0
2025-12-26 15:51:48.155,1,2025-12-26 15:51:48.095,6224.31746031746,19.450992063492063,1805.0,128.0,717127.514392328,322098.194523027,0.0185102769065146,0.0083139004598948,3.305934107778492,1805.0,374.5750915750916,339.3577533577534,271.1965811965812,262.0769230769231,4.818793455819874,1.0,0.0,846.8338174590856,567.5369543237048,15.0,19.0,1.0,0.4903680393336149,0.7655055715146495,60.0
2025-12-26 15:51:48.713,1,2025-12-26 15:51:48.729,8539.45177045177,26.68578678266178,1779.7008547008545,125.0,1869034.3643032336,351738.5051998363,0.0256305134481285,0.0048234739071316,3.0586162356530893,1779.7008547008545,1553.8534798534783,687.2222222222222,593.3345543345542,413.1965811965812,1.145346635171501,0.0,0.0,1367.126316147573,593.0754633264103,15.0,19.0,1.0,0.5887155086117593,0.537640779826558,16.0
2025-12-26 15:51:49.279,1,2025-12-26 15:51:49.363,9761.581196581194,30.50494123931623,1580.8534798534783,108.0,2837072.7985298526,513557.9076307172,0.0297735169242406,0.0053895074748678,2.858555668501237,1580.8534798534783,1501.0,1388.3345543345542,915.3577533577534,778.2222222222222,1.0532001864439875,0.0,0.0,1684.3612434777324,716.6295469981106,15.0,19.0,1.0,0.6314313107313103,0.7749776571705459,84.0
2025-12-26 15:51:49.756,1,2025-12-26 15:51:49.785,7270.886446886447,22.721520146520145,1554.7008547008545,128.0,1158923.3434857945,230327.3345351921,0.0219219905641537,0.0043568314355979,3.18761610502016,1554.7008547008545,1273.3345543345542,429.4358974358975,387.8571428571428,329.5409035409035,1.2209680868294048,1.0,0.0,1076.5330201558122,479.9243008383636,15.0,19.0,1.0,0.546682908872952,0.4998856395519205,29.0
2025-12-26 15:51:50.230,1,2025-12-26 15:51:50.208,29152.417582417584,91.10130494505496,9894.700854700855,131.0,23772695.799595125,10115349.856647229,0.0279723710608194,0.0119023236567458,2.385287190732194,9894.700854700855,5776.853479853478,2704.8192918192926,2176.258852258852,1509.990231990232,1.7128183862039212,0.0,0.0,4875.725156281384,3180.4637801187464,15.0,19.0,1.0,0.7568025069704124,0.4561488752432743,22.0
2025-12-26 15:51:50.774,1,2025-12-26 15:51:50.841,18395.527472527472,57.48602335164835,2773.0,123.0,2713244.691817478,5402701.836772753,0.0080179708214713,0.0159656465246178,3.12033542658214,2773.0,2504.3724053724054,2164.8571428571427,1752.076923076923,761.5750915750916,1.1072634381572903,1.0,0.0,1647.1929734604498,2324.3712777378646,15.0,19.0,1.0,0.5412120733014852,0.8021554185444516,67.0
2025-12-26 15:51:51.290,1,2025-12-26 15:51:51.264,11042.235653235652,34.506986416361414,3169.0,143.0,2694827.4234719886,1364110.25750893,0.0221012550197593,0.0111875619246264,2.9662519135767065,3169.0,1675.8534798534783,758.3724053724054,631.3577533577534,614.5750915750916,1.890976769803992,1.0,0.0,1641.592953040427,1167.9513078501732,15.0,19.0,1.0,0.6202692050093255,0.7808105209533868,26.0
2025-12-26 15:51:51.794,1,2025-12-26 15:51:51.898,11986.24297924298,37.45700931013431,2920.8534798534783,123.0,3921449.513653376,821002.9626605117,0.0272948350183163,0.0057145043783798,2.9907618906449165,2920.8534798534783,1610.990231990232,1279.2222222222222,685.7008547008545,553.3345543345542,1.8130795717136137,0.0,0.0,1980.2650109652936,906.0921380635148,15.0,19.0,1.0,0.5881827487820558,0.653087437541539,104.0
2025-12-26 15:51:52.288,1,2025-12-26 15:51:52.320,7128.980463980463,22.278063949938947,839.6898656898657,130.0,320750.7407412474,358104.50989352027,0.0063112127268782,0.0070461995977608,3.390677756267629,839.6898656898657,769.0769230769231,672.3724053724054,586.2222222222222,373.002442002442,1.0918151884330929,1.0,0.0,566.3486035484218,598.4183402048438,15.0,19.0,1.0,0.4545339792604997,0.6642052466029227,32.0
2025-12-26 15:51:52.850,1,2025-12-26 15:51:52.954,28580.56288156288,89.31425900488401,6526.0,127.0,9111349.024464373,18744039.52236035,0.011154269356012,0.022946773863098,2.5864294667216083,6526.0,5328.372405372405,5319.857142857143,1572.2466422466423,1527.4041514041514,1.2247642438465534,2.0,4.0,3018.501122157216,4329.438707541701,15.0,19.0,1.0,0.7093590292778373,0.8299857212315721,104.0
2025-12-26 15:51:53.372,1,2025-12-26 15:51:53.376,4197.144078144078,13.116075244200244,737.3345543345542,127.0,160960.85681630985,65541.34859666481,0.0091371871353285,0.0037205540469566,3.538323481059076,737.3345543345542,414.37240537240535,245.5409035409035,238.2148962148962,163.20879120879118,1.7794007148475934,2.0,5.0,401.1992732001266,256.0104462647273,15.0,19.0,1.0,0.4285465347824015,0.6482037178020257,4.0
2025-12-26 15:51:53.854,1,2025-12-26 15:51:53.799,10983.067155067154,34.322084859584855,5071.0,127.0,3539591.7193118143,2179510.4867858146,0.0293430931490772,0.0180680666880927,2.183801948096537,5071.0,2219.8534798534783,1117.402930402931,220.33455433455424,214.013431013431,2.2843850037942266,0.0,0.0,1881.3802697253457,1476.3165266249018,15.0,19.0,1.0,0.8051124763927134,0.919615743270832,55.0
2025-12-26 15:51:54.360,1,2025-12-26 15:51:54.432,12590.759462759464,39.34612332112332,2735.334554334554,137.0,2928258.75609811,715866.5641152957,0.0184716459734741,0.0045157326718643,3.2694251839248247,2735.334554334554,1259.8534798534783,827.013431013431,687.8571428571429,686.1807081807082,2.171152914266272,1.0,0.0,1711.2155784991294,846.0889812042795,15.0,19.0,1.0,0.4921259384365062,0.7445414161130038,72.0
2025-12-26 15:51:54.935,1,2025-12-26 15:51:54.855,5761.788766788766,18.005589896214893,2105.7008547008545,122.0,645242.6883332826,350175.0614712058,0.0194360687625782,0.0105480103792806,2.853845177124099,2105.7008547008545,551.2222222222222,491.2588522588524,380.8852258852259,204.8571428571429,3.820057990782768,1.0,0.0,803.2699971574207,591.7559137610758,15.0,19.0,1.0,0.6480494945330472,0.4223055984385475,80.0
2025-12-26 15:51:55.444,1,2025-12-26 15:51:55.488,9150.489621489622,28.595280067155063,1944.3724053724047,125.0,750746.5203749397,648869.1239579333,0.0089661223818201,0.00774940651378,3.167569278813128,1944.3724053724047,1063.857142857143,700.2222222222222,472.8693528693529,472.3833943833944,1.827663063998126,1.0,0.0,866.4563003261848,805.5241299662806,15.0,19.0,1.0,0.5085743725423105,0.773402438749298,44.0
2025-12-26 15:51:55.935,1,2025-12-26 15:51:55.911,2431.5714285714284,7.598660714285714,343.3577533577534,128.0,61829.53803244912,15774.948787313962,0.0104573570897265,0.0026680495729163,3.623290978157967,343.3577533577534,289.8412698412698,146.11843711843713,137.14285714285714,136.7032967032967,1.184640660540188,0.0,0.0,248.65546049192068,125.59836299615516,15.0,19.0,1.0,0.4331205745339443,0.434534614606112,24.0
2025-12-26 15:51:56.506,1,2025-12-26 15:51:56.545,16178.692307692305,50.55841346153845,3275.7008547008545,135.0,1868489.4458328336,2205607.4659487465,0.0071384482925887,0.008426386825217,3.1546382547243343,3275.7008547008545,1605.924297924298,1249.076923076923,1222.3833943833945,995.3724053724054,2.03976044134381,1.0,0.0,1366.9270082315418,1485.128770830579,15.0,19.0,1.0,0.5160156158905383,0.6923233493698493,39.0
2025-12-26 15:51:57.048,1,2025-12-26 15:51:56.967,12357.559218559218,38.61737255799756,1995.857142857143,148.0,930416.0608005252,1574436.3677690672,0.0060927281086079,0.0103100248558347,3.2547918925866703,1995.857142857143,1656.076923076923,950.924297924298,939.6898656898657,799.3724053724054,1.205171761676213,1.0,0.0,964.5807694540282,1254.7654632516258,15.0,19.0,1.0,0.5132017191061079,0.7760229609376694,81.0
2025-12-26 15:51:57.531,1,2025-12-26 15:51:57.601,13495.083028083029,42.172134462759466,4452.853479853478,144.0,3031343.838390642,1890828.9361662765,0.0166450106903896,0.0103824803565981,2.8485455680225,4452.853479853478,1741.0,1242.4041514041514,711.8571428571429,453.948717948718,2.557641286531258,1.0,0.0,1741.0754832547157,1375.0741566062088,15.0,19.0,1.0,0.6374220502506069,0.7833126577191692,70.0
2025-12-26 15:51:58.020,1,2025-12-26 15:51:58.023,23012.92551892552,71.91539224664226,6012.076923076923,141.0,5934173.626247439,8496167.515127013,0.0112051218932394,0.0160427716862374,2.90550343150806,6012.076923076923,3751.6898656898657,1485.948717948718,1479.857142857143,1426.6703296703297,1.602498377613047,1.0,0.0,2436.015933085709,2914.8186075855583,15.0,19.0,1.0,0.615143127613239,0.7661041047908932,3.0
2025-12-26 15:51:58.576,1,2025-12-26 15:51:58.657,21173.807081807085,66.16814713064714,5681.853479853478,149.0,8305160.810468168,5875272.991271317,0.0185246555898562,0.0131047924469448,2.7842598018380333,5681.853479853478,4257.0,1517.8192918192926,1506.402930402931,1115.3724053724054,1.334708357963858,1.0,0.0,2881.8675907244883,2423.896241853458,15.0,19.0,1.0,0.664899233900355,0.8669702032390616,81.0
2025-12-26 15:51:59.122,1,2025-12-26 15:51:59.079,8133.984126984125,25.4187003968254,1154.7008547008545,141.0,591679.6276329637,414268.62498971686,0.0089429329582484,0.0062614569895027,3.6312145934260167,1154.7008547008545,817.3345543345542,465.7228327228327,456.8534798534784,369.4358974358975,1.4127640249341469,2.0,3.0,769.2071422139577,643.6370289143695,15.0,19.0,1.0,0.4012852211278462,0.5911909108334896,43.0
2025-12-26 15:51:59.616,1,2025-12-26 15:51:59.713,20622.800976800976,64.44625305250305,12119.853479853478,133.0,12042221.53491964,10073312.154572356,0.0283146574099359,0.0236851964409541,1.91122098631711,12119.853479853478,1909.8192918192929,1441.7008547008545,627.8571428571429,587.3724053724054,6.346073438341786,1.0,0.0,3470.19041767446,3173.8481618647666,15.0,19.0,1.0,0.8091336959210088,0.8747007265923931,97.0
2025-12-26 15:52:00.106,1,2025-12-26 15:52:00.136,12933.581196581195,40.41744123931623,5131.853479853478,137.0,4520699.142262614,1867373.0133342985,0.0270251440411493,0.0111633229896064,2.577750772370052,5131.853479853478,1305.3345543345542,880.8192918192926,858.990231990232,834.7008547008545,3.931446894444399,0.0,0.0,2126.193580618334,1366.5185740904872,15.0,19.0,1.0,0.6967674517773799,0.738802256631292,30.0
2025-12-26 15:52:00.645,1,2025-12-26 15:52:00.558,4469.769230769231,13.968028846153848,1114.0,143.0,349002.5412700497,136138.9150893501,0.0174686114954214,0.0068141561618712,3.2673733095601603,1114.0,598.5750915750916,394.3577533577534,296.3724053724053,212.002442002442,1.8610864629645,1.0,0.0,590.7643703457833,368.9700734332665,15.0,19.0,1.0,0.5851102276832806,0.6471615992498431,87.0
2025-12-26 15:52:01.236,1,2025-12-26 15:52:01.192,25695.9768009768,80.2999275030525,12292.853479853478,142.0,18838541.017538138,11662550.786163008,0.0285310005460453,0.0176629518463517,2.265688734397429,12292.853479853478,3208.8192918192926,2269.7008547008545,761.2588522588524,663.8571428571429,3.830958480955783,0.0,0.0,4340.338813680119,3415.0476989586846,15.0,19.0,1.0,0.7470620700731306,0.8048100249916471,44.0
2025-12-26 15:52:01.722,1,2025-12-26 15:52:01.826,5830.466422466422,18.22020757020757,2118.7008547008545,131.0,613359.1840625798,414421.9480320709,0.0180429803153978,0.0121909107174118,2.7752871242673764,2118.7008547008545,748.2588522588524,491.18070818070817,288.46520146520146,266.3724053724053,2.831507904386383,1.0,0.0,783.1725123257198,643.7561246559685,15.0,19.0,1.0,0.671126070960558,0.347466845034402,104.0
2025-12-26 15:52:02.230,1,2025-12-26 15:52:02.248,2529.255189255189,7.903922466422466,479.2588522588524,114.0,71410.83520797647,51521.83473994464,0.0111629457235485,0.0080538960663969,3.3069611488223263,479.2588522588524,459.7008547008545,173.8693528693529,152.43345543345544,149.1965811965812,1.0425450537169056,1.0,0.0,267.22805842197124,226.98421694017543,15.0,19.0,1.0,0.5592393770575064,0.4191893640232768,18.0
2025-12-26 15:52:02.795,1,2025-12-26 15:52:02.882,10150.952380952382,31.7217261904762,2983.8534798534783,130.0,2577120.28854612,939354.944301696,0.0250104271487834,0.0091162482813563,2.7214713005286884,2983.8534798534783,1490.0,983.8192918192926,894.2222222222222,794.4029304029309,2.002586228088239,0.0,0.0,1605.3411751232568,969.2032523169204,15.0,19.0,1.0,0.7040027039932524,0.8984430387206628,87.0
2025-12-26 15:52:03.350,1,2025-12-26 15:52:03.304,8863.981684981685,27.69994276556777,1889.0,139.0,1941052.565389248,576886.5687311091,0.0247047006896368,0.0073423101808248,2.9544972307284567,1889.0,1855.8534798534783,1189.5750915750916,510.42124542124543,505.4029304029309,1.0178605264399,0.0,0.0,1393.2166254352724,759.5304922984391,15.0,19.0,1.0,0.6712844135648018,0.82827912994107,46.0
2025-12-26 15:52:03.880,1,2025-12-26 15:52:03.938,8733.52503052503,27.29226572039072,2833.334554334554,145.0,2007730.95182966,678970.6330062831,0.0263224540176976,0.0089016774136932,2.7645101509245533,2833.334554334554,1675.990231990232,537.869352869353,458.7643467643468,450.013431013431,1.690543596407653,0.0,0.0,1416.9442303173614,823.9967433226196,15.0,19.0,1.0,0.6819665480037196,0.6594097912174927,58.0
2025-12-26 15:52:04.437,1,2025-12-26 15:52:04.360,6072.13553113553,18.97542353479853,1634.7008547008545,137.0,669744.2129402215,188491.65743051172,0.0181646091124732,0.0051122162939734,3.16716325089418,1634.7008547008545,635.990231990232,538.2222222222222,323.85714285714283,236.1965811965812,2.5703238390670613,1.0,0.0,818.3790154569101,434.1562592322167,15.0,19.0,1.0,0.5548240838320778,0.4621062725928184,77.0
2025-12-26 15:52:05.012,1,2025-12-26 15:52:04.994,2627.5714285714284,8.211160714285715,545.3345543345542,117.0,65628.65946350837,31833.413187778497,0.009505708052706,0.0046107772817215,3.576687083558091,545.3345543345542,245.1965811965812,187.37240537240527,187.013431013431,123.08547008547008,2.224070791162948,2.0,5.0,256.18091159082945,178.4192063309847,15.0,19.0,1.0,0.4901874133645225,0.6887635160344983,18.0
2025-12-26 15:52:05.546,1,2025-12-26 15:52:05.628,5608.531135531135,17.526659798534798,639.3577533577534,142.0,365752.0986209542,82234.82714994985,0.0116275591198061,0.0026143125849402,3.617324981157042,639.3577533577534,550.0769230769231,525.4358974358975,358.5750915750916,331.0854700854701,1.162306082175316,1.0,0.0,604.7744196152431,286.7661541220474,15.0,19.0,1.0,0.4287274292367808,0.5701278816697859,82.0
2025-12-26 15:52:06.085,1,2025-12-26 15:52:06.050,10006.030525030525,31.26884539072039,3317.0,121.0,1970738.6741448736,1441737.3321932068,0.0196836390474565,0.0144000001727514,2.8174491194690736,3317.0,1074.402930402931,792.3345543345542,481.0769230769231,463.22222222222223,3.0872961215332366,1.0,0.0,1403.8300018680586,1200.7236702060998,15.0,19.0,1.0,0.6124343329461633,0.8321838637236125,35.0
2025-12-26 15:52:06.634,1,2025-12-26 15:52:06.684,3138.746031746031,9.808581349206346,592.8534798534783,107.0,138659.05775118995,29001.621614147927,0.0140745945002185,0.0029438110332493,3.429366993833052,592.8534798534783,382.22222222222223,227.8852258852259,184.35775335775332,183.8571428571429,1.5510701507753912,1.0,0.0,372.369517752447,170.29862481578624,15.0,19.0,1.0,0.5005743721486455,0.7298992115947325,50.0
2025-12-26 15:52:07.222,1,2025-12-26 15:52:07.318,17347.442002442003,54.21075625763126,6577.0,140.0,9490966.304971743,4650020.328170074,0.0315383917334467,0.0154519737997062,2.2631629048911406,6577.0,4636.853479853478,1448.402930402931,504.4358974358975,443.990231990232,1.4184187679370903,0.0,0.0,3080.7411940914067,2156.3905787612025,15.0,19.0,1.0,0.7845930562999304,0.8944736092874015,96.0
2025-12-26 15:52:07.776,1,2025-12-26 15:52:07.740,20753.006105006105,64.85314407814408,5111.853479853478,138.0,11686478.907103276,4140724.701828579,0.0271344892861023,0.0096142260600131,2.730261727365981,5111.853479853478,4733.700854700855,2241.0,1208.8192918192926,971.2588522588524,1.0798851969650796,1.0,0.0,3418.5492401168185,2034.8770729035648,15.0,19.0,1.0,0.6874489607166043,0.6193599679749524,36.0
2025-12-26 15:52:08.329,1,2025-12-26 15:52:08.374,5301.536019536019,16.56730006105006,1806.7008547008545,135.0,530485.5496435905,243598.70188381555,0.0188742683487435,0.0086670546857492,2.9507164716759857,1806.7008547008545,486.8693528693529,411.3577533577534,342.85714285714283,284.2588522588524,3.710853525795771,1.0,0.0,728.3443894502041,493.55719211031214,15.0,19.0,1.0,0.6285053885826362,0.4072699459551812,45.0
2025-12-26 15:52:08.926,1,2025-12-26 15:52:09.008,18797.053724053723,58.74079288766789,6656.853479853478,136.0,9136510.554416588,4185437.658683387,0.0258583491320634,0.0118457158894654,2.610702916535652,6656.853479853478,2439.0,1985.7008547008545,1420.8192918192926,727.3724053724054,2.729337220111008,1.0,0.0,3022.666133468364,2045.834220723514,15.0,19.0,1.0,0.7038201957584359,0.7374938672421641,82.0
2025-12-26 15:52:09.474,1,2025-12-26 15:52:09.430,9401.74603174603,29.380456349206344,3200.8534798534783,127.0,1649270.0923447155,1037097.6118780754,0.0186584151831066,0.0117328252768589,2.699307481868031,3200.8534798534783,1325.8192918192926,846.2222222222222,527.3345543345542,459.8571428571428,2.414245666510739,1.0,0.0,1284.239110269079,1018.3798956568592,15.0,19.0,1.0,0.6764793124181914,0.835025837561583,44.0
2025-12-26 15:52:10.001,1,2025-12-26 15:52:10.064,4381.43956043956,13.691998626373628,646.885225885226,131.0,287699.5545632999,62740.41997096954,0.0149866836174648,0.00326823872063,3.438235709085009,646.885225885226,624.1965811965812,340.5409035409035,300.22222222222223,241.5775335775336,1.0363485564821813,1.0,0.0,536.376318048532,250.4803784150957,15.0,19.0,1.0,0.4914874293520864,0.549312102695255,63.0
2025-12-26 15:52:10.540,1,2025-12-26 15:52:10.486,6683.688644688645,20.88652701465201,919.2222222222222,122.0,626804.6667077987,176089.3383123758,0.0140313610700058,0.0039418549632323,3.384578006252379,919.2222222222222,905.3345543345542,389.1965811965812,372.5409035409035,366.0769230769231,1.0153398186561655,1.0,0.0,791.709963754277,419.6300016828823,15.0,19.0,1.0,0.4417278154805903,0.6701853381319693,54.0
2025-12-26 15:52:11.105,1,2025-12-26 15:52:11.120,20910.884004884007,65.34651251526252,7294.0,145.0,15431077.500178128,5490895.420848426,0.0352899844136089,0.0125573611963429,2.1514165915182,7294.0,5030.700854700855,3084.8534798534783,1530.402930402931,1016.2588522588524,1.449897382227129,0.0,0.0,3928.241018595744,2343.2659731341696,15.0,19.0,1.0,0.8587019139421056,0.6298814189921534,15.0
2025-12-26 15:52:11.638,1,2025-12-26 15:52:11.542,18867.008547008547,58.95940170940171,7657.853479853478,127.0,11237176.774040047,5106201.118878556,0.0315682945764078,0.014344711694803,2.2943957422204475,7657.853479853478,2627.8192918192926,2099.7008547008545,1648.3345543345542,657.990231990232,2.9141476751047355,0.0,0.0,3352.189847553394,2259.6904918325777,15.0,19.0,1.0,0.7786978193226647,0.7324492883805546,96.0
2025-12-26 15:52:12.173,1,2025-12-26 15:52:12.176,7323.6105006105,22.886282814407814,1552.3345543345542,129.0,1307542.2298249148,321155.43301791174,0.0243784027037349,0.0059877656705981,3.0083138125629443,1552.3345543345542,1338.7008547008545,762.990231990232,427.22222222222223,404.2588522588524,1.1595828514506168,0.0,0.0,1143.478128266962,566.7057728821119,15.0,19.0,1.0,0.6124720471046609,0.4603354397446401,3.0
2025-12-26 15:52:12.762,1,2025-12-26 15:52:12.810,5674.551892551892,17.732974664224663,1606.0,141.0,826519.2884270387,293509.3330819621,0.0256678710804834,0.009115044050338,2.818802378594089,1606.0,1553.8534798534783,219.8571428571429,186.4029304029309,158.84126984126982,1.0335594834529735,1.0,0.0,909.131062293572,541.7650164803575,15.0,19.0,1.0,0.6564315374123794,0.8359135252000803,48.0
2025-12-26 15:52:13.318,1,2025-12-26 15:52:13.232,4148.686202686203,12.964644383394385,661.5750915750916,131.0,267728.45193498034,57257.4770493663,0.0155551195332893,0.0033266800492827,3.465368195640957,661.5750915750916,581.5409035409035,269.43589743589746,254.18070818070817,226.8852258852259,1.137624348598243,1.0,0.0,517.4248273275842,239.2853464994593,15.0,19.0,1.0,0.4805419665933068,0.6448739674856161,86.0
2025-12-26 15:52:13.856,1,2025-12-26 15:52:13.866,10844.86813186813,33.890212912087904,2571.8534798534783,128.0,1704609.3298713537,914326.040996014,0.0144936012903572,0.0077741432335039,2.961708907282324,2571.8534798534783,1330.2222222222222,1052.857142857143,966.3724053724054,599.8192918192926,1.9334013797748,1.0,0.0,1305.6068818259782,956.2039745765616,15.0,19.0,1.0,0.6013097128365557,0.8462361912314166,10.0
2025-12-26 15:52:14.432,1,2025-12-26 15:52:14.500,5373.97557997558,16.793673687423688,635.4041514041514,127.0,285003.1422878036,126030.80733630908,0.0098686619178766,0.0043640060206182,3.2732248899323406,635.4041514041514,510.18070818070817,504.4358974358975,495.8571428571428,449.5750915750916,1.2454491932255565,1.0,0.0,533.8568556156263,355.0081792526886,15.0,19.0,1.0,0.4829670237288838,0.6591832478051778,68.0
2025-12-26 15:52:15.043,1,2025-12-26 15:52:15.133,20014.135531135533,62.54417353479854,4393.853479853478,141.0,4201166.498244711,6069148.808191632,0.0104880855404938,0.0151514470766382,2.918446860140822,4393.853479853478,2255.0,2169.076923076923,2100.8571428571427,1392.3724053724054,1.94849378263926,1.0,0.0,2049.6747298644023,2463.5642488458934,15.0,19.0,1.0,0.6151232428703775,0.8775363102646732,90.0
2025-12-26 15:52:15.596,1,2025-12-26 15:52:15.556,14670.052503052502,45.84391407203907,1878.990231990232,140.0,2888142.944498435,1507093.8108266992,0.0134200875132363,0.0070028842826072,3.1897239323320035,1878.990231990232,1703.0,1688.3345543345542,1262.924297924298,1027.857142857143,1.1033412988779383,1.0,0.0,1699.4537194341112,1227.63749161823,15.0,19.0,1.0,0.5154109861251293,0.6822155524702334,40.0
2025-12-26 15:52:16.124,1,2025-12-26 15:52:16.190,33674.00854700855,105.23127670940173,4863.857142857143,148.0,9661415.283062954,10782401.049965229,0.0085202259973943,0.0095088029081305,2.994056882134702,4863.857142857143,4476.076923076923,4385.924297924298,4011.700854700856,2270.990231990232,1.086633948978823,1.0,0.0,3108.281725175978,3283.6566583559293,15.0,19.0,1.0,0.5941837730015761,0.7003231406431922,66.0
2025-12-26 15:52:16.695,1,2025-12-26 15:52:16.612,10016.026862026862,31.300083943833943,1259.6898656898657,131.0,476989.74106106267,660482.7621395848,0.0047546447906053,0.006583707476194,3.532642629561942,1259.6898656898657,987.4041514041514,764.3345543345542,489.0769230769231,453.24664224664224,1.2757591345926902,2.0,6.0,690.6444389561555,812.7009057086037,15.0,19.0,1.0,0.3947425652122955,0.6021421589768957,83.0
2025-12-26 15:52:17.273,1,2025-12-26 15:52:17.246,12602.91452991453,39.3841079059829,2556.4041514041514,158.0,877507.8030439902,1355737.276238076,0.0055247038792093,0.0085355901830603,3.444366953315624,2556.4041514041514,1218.948717948718,868.2466422466423,707.6898656898657,679.3577533577534,2.097220427536972,1.0,0.0,936.7538647072614,1164.361316876371,15.0,19.0,1.0,0.4785121026039007,0.3534737734851251,27.0
2025-12-26 15:52:17.805,1,2025-12-26 15:52:17.879,38981.4652014652,121.81707875457876,13559.853479853478,139.0,18303721.73215059,23495006.58547082,0.0120454515946867,0.0154617715830453,2.602445603535012,13559.853479853478,3667.8192918192926,3611.6898656898657,3580.076923076923,1897.722832722833,3.6969797040147774,1.0,0.0,4278.284905444071,4847.16479867054,15.0,19.0,1.0,0.6751198872887039,0.8318153143756156,74.0
2025-12-26 15:52:18.313,1,2025-12-26 15:52:18.302,18476.848595848594,57.740151862026856,1874.0,142.0,5308449.524982952,2153435.0285828304,0.0155493375709922,0.0063077717964628,3.4496781394965548,1874.0,1638.990231990232,1523.7008547008545,1507.2222222222222,1415.3345543345542,1.1433869241082977,1.0,0.0,2304.0072753754384,1467.4586974027004,15.0,19.0,1.0,0.4307686899072024,0.6140904708720393,11.0
2025-12-26 15:52:18.887,1,2025-12-26 15:52:18.936,8587.222222222223,26.835069444444446,2386.7008547008545,130.0,1879254.6855577044,624235.4148467003,0.0254847418137592,0.008465312605381,2.748556170084168,2386.7008547008545,1203.990231990232,1168.3345543345542,601.2588522588524,438.8693528693529,1.9823257625218305,0.0,0.0,1370.8591049257047,790.0857009506628,15.0,19.0,1.0,0.6753236024503918,0.337970989352201,49.0
2025-12-26 15:52:19.388,1,2025-12-26 15:52:19.358,19979.86691086691,62.43708409645909,5488.853479853478,119.0,9435336.15903857,4878013.838383638,0.0236359028198978,0.0122196240912629,2.5863900514360507,5488.853479853478,4135.0,1539.8192918192926,1441.990231990232,1084.857142857143,1.3274131752967715,1.0,0.0,3071.699229911446,2208.622611127496,15.0,19.0,1.0,0.6852157828475466,0.8462857390445919,30.0
2025-12-26 15:52:19.911,1,2025-12-26 15:52:19.992,26314.42735042735,82.23258547008547,5194.700854700855,142.0,12504359.51019989,7997861.779070725,0.0180581644902293,0.011550108061014,2.834751154667676,5194.700854700855,4469.0,3145.8534798534783,2707.8571428571427,2351.3724053724054,1.1623855123516875,1.0,0.0,3536.15038003192,2828.0491118562145,15.0,19.0,1.0,0.6790489355829744,0.6560110666924528,81.0
2025-12-26 15:52:20.421,1,2025-12-26 15:52:20.414,9683.229548229549,30.26009233821734,2751.8534798534783,123.0,2515364.526204884,554001.5379052858,0.0268262814884329,0.0059084085213267,2.984809878602553,2751.8534798534783,968.3345543345542,699.990231990232,605.869352869353,476.18070818070817,2.841841662607742,1.0,0.0,1585.9900775871467,744.3127957420091,15.0,19.0,1.0,0.5682224406457211,0.7520639450025797,7.0
2025-12-26 15:52:20.998,1,2025-12-26 15:52:21.048,12508.29304029304,39.08841575091575,1331.3724053724054,138.0,1964086.4838803413,1261135.4205981563,0.012553490914371,0.0080605676858957,3.351464044571118,1331.3724053724054,1319.0,1243.8534798534783,1012.2222222222222,824.3345543345542,1.009380140539345,1.0,0.0,1401.458698599549,1123.002858677642,15.0,19.0,1.0,0.4581586506905136,0.8231511753080961,50.0
2025-12-26 15:52:21.488,1,2025-12-26 15:52:21.470,5568.028083028083,17.400087759462757,1683.7008547008545,121.0,809657.9885040963,265912.92863000004,0.0261155256183142,0.0085770238773387,2.738403050440117,1683.7008547008545,1255.3345543345542,430.22222222222223,260.2588522588524,222.013431013431,1.3412367634475206,0.0,0.0,899.8099735522475,515.6674593475916,15.0,19.0,1.0,0.691722429753736,0.4854439977061614,18.0
2025-12-26 15:52:21.957,1,2025-12-26 15:52:21.893,5741.224664224664,17.941327075702073,583.3577533577534,129.0,218965.9265342776,189817.94267157372,0.0066430489923371,0.005758749375988,3.691977649104365,583.3577533577534,463.0,377.7228327228327,340.85714285714283,292.8852258852259,1.2599519510939383,1.0,0.0,467.9379515857606,435.6810102260297,15.0,19.0,1.0,0.3584292681743538,0.5466464400837572,64.0
2025-12-26 15:52:22.493,1,2025-12-26 15:52:22.527,22615.57509157509,70.67367216117216,8576.853479853478,134.0,17746052.291562207,6528108.169595519,0.0346965653068387,0.0127635672269587,2.2996021572587537,8576.853479853478,4685.0,1835.8192918192929,1603.990231990232,1035.3345543345542,1.8307051184315148,0.0,0.0,4212.606353739002,2555.0162757985554,15.0,19.0,1.0,0.7842824021134125,0.8614259592673388,34.0
2025-12-26 15:52:23.075,1,2025-12-26 15:52:23.160,10481.202686202683,32.75375839438339,2834.0,140.0,1529416.2179315658,1603729.954408482,0.0139220584312631,0.0145985258110038,3.1386207193955915,2834.0,1114.857142857143,901.4029304029308,808.3577533577534,401.0769230769231,2.5420297283421585,1.0,0.0,1236.695685256307,1266.3845997201963,15.0,19.0,1.0,0.578148799437976,0.7550363142109026,85.0
2025-12-26 15:52:23.557,1,2025-12-26 15:52:23.583,9013.312576312575,28.1666018009768,1961.8534798534783,116.0,1153652.5312397904,760444.3548480418,0.0142005824748629,0.0093604898235333,2.826752117282984,1961.8534798534783,1902.7008547008545,738.8571428571429,714.3724053724054,505.2588522588524,1.031088767845691,1.0,0.0,1074.0821808594492,872.0346064509376,15.0,19.0,1.0,0.6460491285241041,0.6144897867121115,26.0
2025-12-26 15:52:24.042,1,2025-12-26 15:52:24.005,5873.394383394384,18.35435744810745,1818.0,131.0,706093.0186891966,367408.1741227502,0.0204683856191068,0.0106505120267541,3.080052808218284,1818.0,435.8571428571428,404.4029304029309,358.5409035409035,332.33455433455424,4.171091445418159,1.0,0.0,840.2934122609772,606.1420412104329,15.0,19.0,1.0,0.5702214618183719,0.7521789655966838,37.0
2025-12-26 15:52:24.595,1,2025-12-26 15:52:24.639,13644.043956043955,42.63763736263736,3764.8534798534783,117.0,5229475.156214358,1489060.1369881968,0.0280913030125703,0.0079988217292451,2.7417459070239136,3764.8534798534783,2575.334554334554,1159.8192918192926,926.990231990232,789.4358974358975,1.4618890868044228,0.0,0.0,2286.8045732450246,1220.270517954194,15.0,19.0,1.0,0.6754913341766344,0.7919788066943433,44.0
2025-12-26 15:52:25.129,1,2025-12-26 15:52:25.061,13235.299145299145,41.36030982905982,2939.7008547008545,130.0,4112104.404941714,1256947.5536952058,0.0234745139785063,0.0071754581143436,2.8472150381744177,2939.7008547008545,2372.8534798534783,1856.3345543345545,945.990231990232,604.8192918192926,1.238888485807872,1.0,0.0,2027.8324400555668,1121.1367239080191,15.0,19.0,1.0,0.6588214075837324,0.5901328541076759,68.0
2025-12-26 15:52:25.620,1,2025-12-26 15:52:25.695,10969.989010989011,34.28121565934066,2899.7008547008545,133.0,1968293.258728466,845766.4873629321,0.0163560119804874,0.0070281025140224,3.2231536554600093,2899.7008547008545,1071.3724053724054,737.0,548.4358974358975,496.2588522588524,2.706529345125537,1.0,0.0,1402.9587516133415,919.6556352042496,15.0,19.0,1.0,0.524409641979107,0.5135970364700828,75.0
2025-12-26 15:52:26.113,1,2025-12-26 15:52:26.118,6442.655677655677,20.133298992674,1926.7008547008545,134.0,443450.46144695504,305928.21683578443,0.0106835421610496,0.0073703768221488,3.276856428016301,1926.7008547008545,384.7228327228327,331.2087912087912,301.0769230769231,282.3577533577534,5.008023155422924,1.0,0.0,665.9207621383756,553.1077804874783,15.0,19.0,1.0,0.5007356153232357,0.4481729013452261,5.0
2025-12-26 15:52:26.673,1,2025-12-26 15:52:26.751,5801.5042735042725,18.12970085470085,786.8571428571429,139.0,305113.428863261,165696.18122496683,0.009065256346633,0.0049230162174725,3.592225064574891,786.8571428571429,604.8534798534783,464.33455433455424,354.43589743589746,330.3724053724053,1.3009053747139767,1.0,0.0,552.3707349808288,407.0579580661295,15.0,19.0,1.0,0.4379645967783271,0.7240255148341399,78.0
2025-12-26 15:52:27.242,1,2025-12-26 15:52:27.174,6835.062271062272,21.3595695970696,2070.7008547008545,129.0,553639.8551001212,440417.3730696328,0.0118506560960601,0.009427129891208,3.0825521708539174,2070.7008547008545,751.8571428571429,342.3724053724053,329.0769230769231,288.2588522588524,2.754114760191279,1.0,0.0,744.0697918207144,663.639490287937,15.0,19.0,1.0,0.5533623584204453,0.4219639951724274,68.0
2025-12-26 15:52:27.721,1,2025-12-26 15:52:27.807,18086.396825396823,56.51999007936507,7175.0,156.0,10460737.160674213,4810491.541858645,0.0319785066895714,0.0147056879059887,2.3475817393466105,7175.0,4187.853479853478,1585.402930402931,529.6153846153846,433.4358974358975,1.7132882118524644,0.0,0.0,3234.306287393668,2193.283278981228,15.0,19.0,1.0,0.7691586017162212,0.8670710162772035,86.0
2025-12-26 15:52:28.208,1,2025-12-26 15:52:28.230,6387.743589743591,19.96169871794872,2854.7008547008545,125.0,645094.0771552526,601125.3559018634,0.0158098629377942,0.0147322845175557,2.5428971800342,2854.7008547008545,774.8571428571429,512.2588522588524,187.22222222222223,170.72283272283272,3.684164082389416,2.0,4.0,803.1774879534738,775.322743057279,15.0,19.0,1.0,0.7044368393224476,0.321267720806852,22.0
2025-12-26 15:52:28.788,1,2025-12-26 15:52:28.864,19144.18192918193,59.82556852869353,2619.8571428571427,145.0,2822370.6824569805,3790596.400829189,0.0077008812533148,0.0103426998244668,3.283700706577336,2619.8571428571427,1748.8534798534783,1700.3345543345542,1412.8192918192926,1348.076923076923,1.4980426736922183,1.0,0.0,1679.991274518109,1946.9454026318224,15.0,19.0,1.0,0.4612336753069213,0.8197188802790043,76.0
2025-12-26 15:52:29.340,1,2025-12-26 15:52:29.286,8177.409035409035,25.55440323565324,1240.3345543345542,142.0,610685.6916280306,353440.32162020454,0.0091324289275034,0.0052854826329818,3.295049557543289,1240.3345543345542,1159.857142857143,805.4358974358975,720.3724053724054,415.3577533577534,1.0693856238864876,1.0,0.0,781.4638133835953,594.5084706042501,15.0,19.0,1.0,0.5308964898978014,0.753157616698463,54.0
2025-12-26 15:52:29.812,1,2025-12-26 15:52:29.708,13482.008547008549,42.13127670940171,2306.0,113.0,4227084.837044178,1317878.9558308958,0.0232558259203188,0.0072504727873609,3.037940615464917,2306.0,1691.7008547008545,1616.8534798534783,700.0769230769231,692.8192918192926,1.3631251610417905,1.0,0.0,2055.9875576092813,1147.9890922090226,15.0,19.0,1.0,0.5197630994682076,0.6761895403497037,104.0
2025-12-26 15:52:30.325,1,2025-12-26 15:52:30.342,21412.81196581197,66.91503739316241,9113.853479853478,129.0,13562622.4253737,6625325.800892608,0.0295798702613297,0.0144497333541336,2.334683757719788,9113.853479853478,3683.700854700856,1989.8192918192929,865.2588522588524,699.2222222222222,2.4741024961949907,0.0,0.0,3682.746587178339,2573.970823628855,15.0,19.0,1.0,0.7636481713360004,0.7007750372310524,17.0
2025-12-26 15:52:30.853,1,2025-12-26 15:52:30.765,8037.775335775336,25.11804792429793,961.0,142.0,369038.9403487,703524.2098371703,0.0057121613782251,0.0108894844979802,3.555971896887439,961.0,754.8571428571429,671.3724053724054,622.0769230769231,348.22222222222223,1.2730885692640213,1.0,0.0,607.4857532063612,838.7635005394371,15.0,19.0,1.0,0.4177186538897461,0.7966055581868382,88.0
2025-12-26 15:52:31.372,1,2025-12-26 15:52:31.398,14792.7557997558,46.22736187423688,4034.0,141.0,2467267.7975274,4800207.451850402,0.0112750406041213,0.0219362219139967,2.687502106994935,4034.0,2524.8571428571427,1976.3724053724047,1160.402930402931,656.8534798534783,1.597714156387282,1.0,0.0,1570.7538946402135,2190.9375736999905,15.0,19.0,1.0,0.6998348447458423,0.8598268614302347,26.0
2025-12-26 15:52:31.890,1,2025-12-26 15:52:31.821,8061.260073260072,25.191437728937725,919.8571428571428,137.0,276215.40132057096,532153.6934319974,0.0042505196201845,0.0081890064930203,3.5772082621078063,919.8571428571428,834.7228327228327,678.990231990232,618.3724053724054,419.0854700854701,1.1019911122539965,3.0,3.0,525.5619861829534,729.4886520241404,15.0,19.0,1.0,0.430581329901682,0.6398480681811192,69.0
2025-12-26 15:52:32.399,1,2025-12-26 15:52:32.455,8727.728937728938,27.27415293040293,4063.0,153.0,1658851.5945021545,1369715.932068427,0.0217773502116307,0.0179815865638399,2.64390671312326,4063.0,890.4029304029309,480.4358974358975,360.1965811965812,320.3577533577534,4.563102682239402,0.0,0.0,1287.9641278009858,1170.348636974653,15.0,19.0,1.0,0.700570928132365,0.7719877280528942,56.0
2025-12-26 15:52:32.968,1,2025-12-26 15:52:32.877,19438.1978021978,60.74436813186812,9073.853479853478,140.0,8891631.556814853,6164588.864812591,0.0235325756866925,0.0163151895252968,2.3670881973563134,9073.853479853478,1837.8192918192929,1736.3345543345542,1016.3724053724054,658.990231990232,4.937293628508034,1.0,0.0,2981.883893919221,2482.859010256642,15.0,19.0,1.0,0.7368671781778936,0.8778643110715681,91.0
2025-12-26 15:52:33.476,1,2025-12-26 15:52:33.511,5989.371184371184,18.71678495115995,1044.857142857143,130.0,237755.3367824883,295432.5720120693,0.0066277759147186,0.0082356127593313,3.2571517930261447,1044.857142857143,772.2222222222222,664.3724053724054,513.9242979242979,417.0769230769231,1.3530524152089365,2.0,4.0,487.6016168784598,543.5370935015101,15.0,19.0,1.0,0.5697514624501754,0.8242431902667066,35.0
2025-12-26 15:52:34.001,1,2025-12-26 15:52:33.933,12443.433455433456,38.88572954822955,1592.4358974358977,143.0,1369800.9586124006,759824.8224755762,0.0088466125376709,0.0049071916315165,3.4813475580342974,1592.4358974358977,1587.6898656898657,737.1062271062272,714.0854700854701,700.3345543345542,1.0029892687782362,1.0,0.0,1170.3849617166145,871.6793117170879,15.0,19.0,1.0,0.4284711316813854,0.7596370662765164,68.0
2025-12-26 15:52:34.576,1,2025-12-26 15:52:34.567,5218.019536019536,16.306311050061048,1295.857142857143,121.0,302110.708811871,200644.4120847665,0.0110957003155866,0.0073691206619093,2.986718136205697,1295.857142857143,518.8412698412699,513.869352869353,444.4041514041514,315.3724053724053,2.497598433623234,1.0,0.0,549.645984986583,447.9334906933913,15.0,19.0,1.0,0.5918613951184272,0.7003370493624813,9.0
2025-12-26 15:52:35.159,1,2025-12-26 15:52:35.201,15226.956043956045,47.58423763736264,4294.0,145.0,4864692.622717557,3199266.612230777,0.020981146505003,0.0137982575068187,2.830030507982023,4294.0,3147.7008547008545,1009.8534798534783,785.4029304029309,664.2588522588524,1.3641702938784257,1.0,0.0,2205.604820161027,1788.649382140272,15.0,19.0,1.0,0.6502426413153997,0.6290494245111619,42.0
2025-12-26 15:52:35.630,1,2025-12-26 15:52:35.623,26181.40415140416,81.81688797313798,10348.853479853478,148.0,19579928.86390549,9444212.702482184,0.0285644088163023,0.0137778004433468,2.461506625600316,10348.853479853478,3319.0,2867.7008547008545,2277.8192918192926,680.3724053724054,3.11806371794226,0.0,0.0,4424.921339855149,3073.143781615527,15.0,19.0,1.0,0.7445645741158542,0.7814828166586076,7.0
2025-12-26 15:52:36.115,1,2025-12-26 15:52:36.046,29085.70940170941,90.89284188034188,13105.853479853478,147.0,23875156.021584712,12948636.622291638,0.0282219421229645,0.0153061061881746,2.3686255872981183,13105.853479853478,2880.8192918192926,2204.334554334554,1574.7008547008545,1509.990231990232,4.549349387191978,1.0,0.0,4886.221036914388,3598.4214069910763,15.0,19.0,1.0,0.731482877685881,0.8192095812485372,69.0
2025-12-26 15:52:36.671,1,2025-12-26 15:52:36.679,9823.107448107448,30.69721077533577,3259.7008547008545,133.0,2486662.772988201,909807.7637936424,0.0257702780065626,0.0094287006908123,2.69488485251129,3259.7008547008545,1796.8534798534783,571.2588522588524,443.8852258852259,419.37240537240535,1.8141161153355965,1.0,0.0,1576.9155884156264,953.83843694498,15.0,19.0,1.0,0.6607960721554305,0.5105184816891697,8.0
2025-12-26 15:52:37.223,1,2025-12-26 15:52:37.313,9160.503052503052,28.62657203907204,3499.8534798534783,138.0,2217370.4967261977,933913.2089242518,0.0264240642808973,0.0111293005394582,2.7826734110865,3499.8534798534783,1039.0,704.8192918192926,372.0854700854701,359.33455433455424,3.368482656256121,0.0,0.0,1489.0837776049398,966.3918506093952,15.0,19.0,1.0,0.6522668855461474,0.8055426412590632,90.0
2025-12-26 15:52:37.694,1,2025-12-26 15:52:37.735,5735.493284493283,17.92341651404151,1422.7008547008545,113.0,853454.1771610836,211355.13559382176,0.0259441028393957,0.0064249722131778,2.8416126887669906,1422.7008547008545,923.8534798534783,483.22222222222223,463.33455433455424,359.2588522588524,1.539963734211352,0.0,0.0,923.825837028324,459.7337659926904,15.0,19.0,1.0,0.6368013668927175,0.5621468102675218,41.0
2025-12-26 15:52:38.177,1,2025-12-26 15:52:38.158,10282.146520146518,32.13170787545787,3319.8534798534783,131.0,3537435.245853751,683654.6498518696,0.033459613665784,0.0064664987130639,2.9055479624740865,3319.8534798534783,906.7008547008544,618.990231990232,545.3345543345542,496.81929181929263,3.661465038482982,0.0,0.0,1880.8070730018403,826.8341126561419,15.0,19.0,1.0,0.5726137437510412,0.662988396497391,19.0
2025-12-26 15:52:38.767,1,2025-12-26 15:52:38.792,9569.564102564102,29.90488782051282,1574.7008547008545,138.0,1338053.0039791495,427286.0990770594,0.014611304968875,0.0046658895305414,3.247441266699276,1574.7008547008545,1068.857142857143,994.4358974358976,822.0769230769231,651.3577533577534,1.4732566135920433,1.0,0.0,1156.742410383206,653.6712469407381,15.0,19.0,1.0,0.5341338974947107,0.5303754156473094,25.0
2025-12-26 15:52:39.290,1,2025-12-26 15:52:39.214,3729.101343101344,11.6534416971917,417.61538461538464,116.0,213183.76509421293,37559.44561462281,0.0153301271184614,0.0027009142817073,3.557719504500489,417.61538461538464,346.3577533577534,323.18070818070817,246.8852258852259,237.5409035409035,1.205734188322972,1.0,0.0,461.7182745941652,193.8025944476049,15.0,19.0,1.0,0.4214366494723724,0.5522377210690651,76.0
2025-12-26 15:52:39.772,1,2025-12-26 15:52:39.848,5324.443223443223,16.638885073260074,1239.857142857143,110.0,243650.1025539404,210963.9362165473,0.0085944521468831,0.0074414885753221,3.1016286203514114,1239.857142857143,666.3724053724054,469.5750915750916,399.3577533577534,262.8412698412698,1.8606069712061115,2.0,3.0,493.60926100909046,459.3081059774009,15.0,19.0,1.0,0.5705767787375277,0.7611169167284974,76.0
2025-12-26 15:52:40.271,1,2025-12-26 15:52:40.270,7532.324786324787,23.53851495726496,2781.0,116.0,1157621.4002729503,841660.7152494108,0.0204036784435063,0.014834707261313,2.782964709356502,2781.0,685.4029304029309,536.3724053724054,371.5750915750916,364.33455433455424,4.05746733291768,1.0,0.0,1075.9281575797477,917.4206860810424,15.0,19.0,1.0,0.6291132042377686,0.8116114608360053,1.0
2025-12-26 15:52:40.823,1,2025-12-26 15:52:40.904,8661.786324786324,27.068082264957265,1667.7008547008545,124.0,1409416.1142119206,355747.6118380876,0.0187855666851185,0.0047416234409898,3.238669487120827,1667.7008547008545,1173.4358974358977,631.2588522588524,569.5750915750916,452.5409035409035,1.4212117239156956,1.0,0.0,1187.18832297657,596.4458163472082,15.0,19.0,1.0,0.5188896875289699,0.5024965453213915,81.0
2025-12-26 15:52:41.335,1,2025-12-26 15:52:41.326,8302.982905982904,25.946821581196577,4007.0,123.0,1986289.11985388,1130805.015623192,0.028812051082523,0.0164028547248476,2.4378456612702,4007.0,821.4029304029309,740.8534798534783,363.22222222222223,174.8693528693529,4.878239231541977,0.0,0.0,1409.3576976246588,1063.3931613581085,15.0,19.0,1.0,0.7355607080614919,0.877018321526368,9.0
2025-12-26 15:52:41.798,1,2025-12-26 15:52:41.749,31164.466422466423,97.38895757020757,11444.853479853478,125.0,28948072.28942851,12835900.89098336,0.0298057639238557,0.0132162110098907,2.4103096852490253,11444.853479853478,5614.0,3051.8192918192926,1649.402930402931,1195.857142857143,2.0386272675189594,1.0,0.0,5380.341280014541,3582.7225528895424,15.0,19.0,1.0,0.7366059965134909,0.8862361950842419,49.0
2025-12-26 15:52:42.273,1,2025-12-26 15:52:42.171,16185.085470085469,50.57839209401709,5519.0,136.0,4086418.3335948754,4777179.368349214,0.0155995772721358,0.0182365026328224,2.8527049154572586,5519.0,1294.6898656898657,1130.402930402931,1013.0769230769232,548.3345543345542,4.262796941764104,1.0,0.0,2021.489137639596,2185.6759522740817,15.0,19.0,1.0,0.5873002210011494,0.8397427952066477,102.0
2025-12-26 15:52:42.834,1,2025-12-26 15:52:42.805,10813.835164835164,33.793234890109886,3584.8534798534783,135.0,1266984.3678113762,1112281.8298953683,0.0108345721465065,0.0095116388484469,2.817648056764768,3584.8534798534783,1343.3724053724054,1076.4041514041514,684.8571428571429,653.2466422466423,2.668547802168847,1.0,0.0,1125.604001330564,1054.6477278671623,15.0,19.0,1.0,0.6790129227797479,0.7040643791569658,29.0
2025-12-26 15:52:43.369,1,2025-12-26 15:52:43.439,14832.27594627595,46.35086233211234,2738.2466422466423,142.0,1580185.74253383,1935543.0326875143,0.007182779684244,0.0087980664544379,3.383653648274461,2738.2466422466423,1443.4041514041514,1251.5409035409036,1008.3724053724054,673.1684981684982,1.8970754930841536,1.0,0.0,1257.0543912392295,1391.2379497007385,15.0,19.0,1.0,0.4796790881252765,0.3960395085989317,70.0
2025-12-26 15:52:43.841,1,2025-12-26 15:52:43.861,6876.490842490843,21.48903388278388,621.9487179487179,131.0,152402.10264961648,207227.3867962061,0.0032229771087732,0.004382414102846,3.738165589604923,621.9487179487179,524.4041514041514,508.16849816849816,435.22222222222223,380.18070818070817,1.1860102866886042,2.0,4.0,390.3871189596507,455.222348744222,15.0,19.0,1.0,0.3591838271145386,0.4790182473028574,20.0
2025-12-26 15:52:44.345,1,2025-12-26 15:52:44.284,33613.42490842491,105.04195283882784,8212.246642246642,139.0,12780862.3312065,20366655.842998754,0.0113118757442931,0.0180257852915184,2.7690770120065373,8212.246642246642,5309.700854700855,3871.8534798534783,3239.4041514041514,1748.162393162393,1.5466495885497054,1.0,0.0,3575.03319302164,4512.943146439888,15.0,19.0,1.0,0.6658460892438595,0.2320705195301171,61.0
2025-12-26 15:52:44.906,1,2025-12-26 15:52:44.917,49914.982905982906,155.98432158119658,15893.246642246642,145.0,34519153.84808157,35662636.556411825,0.0138547370622719,0.0143136895710412,2.720373479855445,15893.246642246642,4729.1623931623935,4055.372405372405,3980.404151404152,3475.5409035409034,3.360689551541379,1.0,0.0,5875.300319820389,5971.8202046287215,15.0,19.0,1.0,0.6437691575744133,0.3352938504398535,11.0
2025-12-26 15:52:45.406,1,2025-12-26 15:52:45.340,9847.14774114774,30.77233669108669,1167.3724053724054,117.0,452823.9278397737,857484.0597601976,0.0046699094511318,0.0088431124520566,3.418118178702904,1167.3724053724054,877.3833943833944,707.6898656898657,657.7228327228327,620.8571428571429,1.3305157276101385,2.0,3.0,672.9219329459946,926.0043519121266,15.0,19.0,1.0,0.4093597198893445,0.8121572301604639,66.0
2025-12-26 15:52:45.903,1,2025-12-26 15:52:45.974,28375.52747252748,88.67352335164836,12301.0,136.0,15397460.46035803,19116120.28538232,0.0191232283417052,0.0237417030013512,2.52584403949192,12301.0,2964.402930402931,2112.3724053724054,1451.7008547008545,1001.7228327228328,4.149570854163155,2.0,4.0,3923.959793417617,4372.198564267446,15.0,19.0,1.0,0.6988838900844551,0.841835883532518,71.0
2025-12-26 15:52:46.409,1,2025-12-26 15:52:46.396,14176.954822954824,44.30298382173383,1913.990231990232,153.0,1299035.6290608495,1923515.075119768,0.0064633124619869,0.0095703910483421,3.372228492960684,1913.990231990232,1619.857142857143,1230.076923076923,1146.3724053724054,689.0,1.1815796475812113,1.0,0.0,1139.7524420069692,1386.9084595314025,15.0,19.0,1.0,0.4654946556372522,0.6642152400247366,13.0
2025-12-26 15:52:46.964,1,2025-12-26 15:52:47.030,11492.648351648351,35.9145260989011,3024.3724053724054,125.0,1590009.0149087133,1139802.3867252977,0.012038138888896,0.0086295733600492,2.886927154883792,3024.3724053724054,1593.1367521367522,1369.869352869353,589.3833943833944,436.18070818070817,1.8983758935409327,1.0,0.0,1260.9555959306074,1067.6152802977754,15.0,19.0,1.0,0.6102111887845381,0.7481135416078366,66.0
2025-12-26 15:52:47.457,1,2025-12-26 15:52:47.452,8720.53724053724,27.25167887667888,2372.8534798534783,138.0,1448471.369034574,409349.80030830647,0.0190468619071536,0.005382798227755,3.264222578848364,2372.8534798534783,602.990231990232,568.1965811965812,526.7032967032967,513.1367521367522,3.935144143243736,0.0,0.0,1203.524561043344,639.8045016317926,15.0,19.0,1.0,0.5256419662508566,0.6097487860746529,5.0
2025-12-26 15:52:47.984,1,2025-12-26 15:52:48.086,6192.169719169719,19.350530372405373,838.7008547008545,156.0,417635.7612541425,163386.16865191548,0.0108921089488681,0.0042611771184313,3.518492176099693,838.7008547008545,837.1367521367522,478.8693528693529,452.22222222222223,429.8412698412698,1.0018683955269054,2.0,3.0,646.2474458395502,404.2105499018,15.0,19.0,1.0,0.4904210623246851,0.6331549929042057,102.0
2025-12-26 15:52:48.518,1,2025-12-26 15:52:48.508,7676.443223443224,23.988885073260075,742.869352869353,140.0,549682.4687885235,193371.643943562,0.0093280701146222,0.0032815022404858,3.641098269089024,742.869352869353,551.3724053724054,516.1367521367522,484.22222222222223,472.81929181929263,1.3473096325273302,2.0,6.0,741.4057383029373,439.7404279157898,15.0,19.0,1.0,0.3605081082301491,0.6572830283152957,10.0
2025-12-26 15:52:49.097,1,2025-12-26 15:52:49.142,27617.30036630037,86.30406364468865,9665.853479853478,130.0,13712024.39896438,10346660.803318094,0.0179779070475009,0.0135655612010231,2.694817848358196,9665.853479853478,3351.3724053724054,2475.8192918192926,1330.0,1196.1367521367522,2.884147838764735,1.0,0.0,3702.975074040383,3216.622577070256,15.0,19.0,1.0,0.6524599323679348,0.8705584778594652,45.0
2025-12-26 15:52:49.608,1,2025-12-26 15:52:49.565,9855.379731379731,30.79806166056166,2861.7008547008545,131.0,2859472.6039611166,706364.2318661339,0.0294400955422221,0.0072724706104686,2.792015882859859,2861.7008547008545,1424.3345543345542,1118.990231990232,599.0,512.2588522588524,2.009149357494753,0.0,0.0,1690.997517431979,840.454776812015,15.0,19.0,1.0,0.6611906056278936,0.4241753386831055,43.0
2025-12-26 15:52:50.135,1,2025-12-26 15:52:50.198,13223.77045177045,41.324282661782654,3037.0,136.0,4105132.818701909,1468855.9133437094,0.0234755950469874,0.0083997931679427,3.022016796130294,3037.0,2080.8534798534783,1071.3724053724054,975.3577533577534,838.5750915750916,1.4594972829189243,1.0,0.0,2026.1127359310265,1211.9636600755443,15.0,19.0,1.0,0.6052100465103453,0.7444251610393565,63.0
2025-12-26 15:52:50.704,1,2025-12-26 15:52:50.621,32889.83028083028,102.7807196275946,11009.853479853478,123.0,37740758.85548881,13242697.520495,0.0348889069488925,0.0122420230953486,2.245224046950701,11009.853479853478,7799.0,4218.700854700855,2293.8192918192926,1530.402930402931,1.411700664168748,0.0,0.0,6143.350784017531,3639.051733693133,15.0,19.0,1.0,0.8164157834656329,0.7975408782292186,83.0
2025-12-26 15:52:51.254,1,2025-12-26 15:52:51.254,3938.879120879121,12.308997252747252,571.2222222222222,125.0,143694.36288444672,57778.27456469592,0.0092617792372716,0.0037240822325021,3.6333776307987113,571.2222222222222,310.85714285714283,296.5409035409035,251.37240537240527,207.6153846153846,1.8375714869221933,1.0,0.0,379.0703930465247,240.37111840796496,15.0,19.0,1.0,0.4157548399815184,0.5952230387277615,0.0
2025-12-26 15:52:51.783,1,2025-12-26 15:52:51.888,27365.805860805856,85.5181433150183,13300.853479853478,112.0,25526415.78298179,14708966.66531848,0.0340857893389114,0.0196410942848221,1.8370970172577967,13300.853479853478,5663.0,3096.8192918192926,1668.402930402931,429.8693528693529,2.3487292035760423,0.0,0.0,5052.367344421998,3835.227068286633,15.0,19.0,1.0,0.8828150421671064,0.9260253888494056,105.0
2025-12-26 15:52:52.325,1,2025-12-26 15:52:52.311,17182.249084249084,53.69452838827839,3824.372405372405,115.0,2782083.070520251,2652192.235451211,0.0094234530778198,0.0089834877142827,2.9982408242113268,3824.372405372405,1780.3345543345542,1662.1367521367522,1348.857142857143,877.869352869353,2.148120080048502,1.0,0.0,1667.9577544171348,1628.5552601773177,15.0,19.0,1.0,0.5525219755004239,0.8213146543177872,14.0
2025-12-26 15:52:52.912,1,2025-12-26 15:52:52.944,4462.492063492064,13.9452876984127,651.3724053724054,114.0,111639.20588503558,136612.0668782883,0.0056061127125313,0.0068601584787357,3.411493058822052,651.3724053724054,396.13675213675214,379.8571428571428,354.43589743589746,326.002442002442,1.6443119752390405,2.0,5.0,334.124536490566,369.61069637970206,15.0,19.0,1.0,0.4723380142338523,0.7309026176943025,32.0
2025-12-26 15:52:53.456,1,2025-12-26 15:52:53.367,6206.391941391941,19.394974816849818,1160.3345543345542,117.0,373548.069175481,254556.58738729224,0.0096976855798214,0.0066085463972633,3.0598751208957937,1160.3345543345542,1096.1367521367522,635.3724053724054,404.4358974358975,363.013431013431,1.0585673293698068,2.0,7.0,611.1857894089824,504.5360119825861,15.0,19.0,1.0,0.5896007011558089,0.7685760574143934,89.0
2025-12-26 15:52:54.005,1,2025-12-26 15:52:54.000,18855.721611721616,58.92413003663005,6559.0,118.0,8703592.48075926,5064194.664152895,0.0244800462025945,0.0142437412633295,2.6419991965505325,6559.0,1530.402930402931,1320.3724053724054,1302.7008547008545,1290.990231990232,4.285799425559668,1.0,0.0,2950.185160419471,2250.3765605233484,15.0,19.0,1.0,0.6365954414072309,0.7765732926257435,5.0
2025-12-26 15:52:54.551,1,2025-12-26 15:52:54.634,3264.6398046398053,10.201999389499392,442.3577533577534,113.0,107526.02721861815,41509.52897291287,0.0100888823382829,0.003894729160539,3.578616712733203,442.3577533577534,429.8693528693529,195.43345543345544,194.4029304029309,167.18070818070817,1.0290516185999583,2.0,5.0,327.91161494923927,203.7388744764064,15.0,19.0,1.0,0.4377953727735836,0.6368880295015517,83.0
2025-12-26 15:52:55.132,1,2025-12-26 15:52:55.057,24638.417582417584,76.99505494505495,8881.853479853478,124.0,18285243.62413232,7578225.98308557,0.0301213982347104,0.0124836599085773,2.378641409262397,8881.853479853478,4289.0,2674.7008547008545,1639.8192918192926,1240.3724053724054,2.070844830928283,1.0,0.0,4276.124837295132,2752.8577847548845,15.0,19.0,1.0,0.7600222688452323,0.7937651495148266,75.0
2025-12-26 15:52:55.681,1,2025-12-26 15:52:55.690,8215.45177045177,25.67328678266178,3786.700854700856,121.0,1914744.2221210247,985359.4617547648,0.028369250807184,0.0145992918442064,2.3589698827633163,3786.700854700856,1125.990231990232,673.2588522588524,428.33455433455424,269.013431013431,3.3629961851483814,0.0,0.0,1383.7428309194686,992.6527397608716,15.0,19.0,1.0,0.7648146565592507,0.2293120783299899,9.0
2025-12-26 15:52:56.217,1,2025-12-26 15:52:56.113,20314.296703296703,63.482177197802194,9913.853479853478,129.0,12133361.538085746,7230074.988136381,0.0294020462127026,0.0175202064370389,2.3051367661735966,9913.853479853478,2188.8192918192926,1102.5750915750916,896.3724053724054,766.0,4.529315652919341,1.0,0.0,3483.29750926988,2688.8798761075923,15.0,19.0,1.0,0.7318796454423523,0.8880196429623911,104.0
2025-12-26 15:52:56.781,1,2025-12-26 15:52:56.747,7792.440781440782,24.351377442002445,2428.334554334554,130.0,1288871.448647128,509241.2009627088,0.0212257273899503,0.0083864181479938,2.9765796778947755,2428.334554334554,1109.0,451.013431013431,382.22222222222223,312.13675213675214,2.1896614556648912,1.0,0.0,1135.2847434221635,713.6113795075782,15.0,19.0,1.0,0.6009294252012974,0.855046898241494,34.0
2025-12-26 15:52:57.339,1,2025-12-26 15:52:57.380,7385.086691086692,23.07839590964592,2018.0,125.0,636714.630604991,793705.3482534171,0.0116743748504507,0.014552851954279,3.026312511249904,2018.0,798.3724053724054,589.1367521367522,498.4029304029309,401.8412698412698,2.5276424716309736,2.0,5.0,797.9440021737058,890.9014245433763,15.0,19.0,1.0,0.5830335563900059,0.8481961964727954,41.0
2025-12-26 15:52:57.838,1,2025-12-26 15:52:57.803,4390.103785103785,13.719074328449327,1210.5750915750916,132.0,304575.6508881273,109974.45366395407,0.0158032207335054,0.0057061375761008,3.296413059664697,1210.5750915750916,497.7032967032967,254.18070818070817,230.42124542124543,228.2698412698413,2.4323228308739484,0.0,0.0,551.883729501176,331.623964248596,15.0,19.0,1.0,0.5515018099036567,0.5845567856441243,35.0
2025-12-26 15:52:58.361,1,2025-12-26 15:52:58.436,6910.460317460316,21.59518849206349,1684.8534798534783,125.0,641549.7729299663,382371.1241751195,0.0134343420228978,0.008007024051132,3.192288393911837,1684.8534798534783,968.8192918192926,588.885225885226,440.13675213675214,259.3577533577534,1.7390792009187237,1.0,0.0,800.9680224141076,618.3616451358538,15.0,19.0,1.0,0.570447165884412,0.7754376715095366,75.0
2025-12-26 15:52:58.935,1,2025-12-26 15:52:58.859,5220.770451770452,16.314907661782662,660.4358974358975,135.0,207099.9917301428,103982.14720138392,0.0075982028651154,0.0038149564477815,3.6660435803521727,660.4358974358975,508.33455433455424,412.0769230769231,298.990231990232,291.3724053724053,1.2992150382126892,1.0,0.0,455.0824010332006,322.46262915473466,15.0,19.0,1.0,0.4158792332026975,0.7459943856263499,76.0
2025-12-26 15:52:59.452,1,2025-12-26 15:52:59.493,43314.36263736264,135.35738324175824,11312.853479853478,108.0,44574902.08249128,18103228.00881286,0.023758911585591,0.0096492190353936,2.626331489869633,11312.853479853478,7274.7008547008545,3850.0,3231.3724053724054,2720.8192918192926,1.5550953511087189,1.0,0.0,6676.443820065535,4254.788832458417,15.0,19.0,1.0,0.6554349251178084,0.6716170164436164,41.0
2025-12-26 15:52:59.958,1,2025-12-26 15:52:59.915,12052.507936507936,37.6640873015873,2630.3724053724054,132.0,1657010.9611283862,1278816.1141675797,0.0114069760318501,0.0088034570112436,2.9710410004623387,2630.3724053724054,1902.7008547008545,1368.1367521367522,593.2466422466423,561.5409035409035,1.3824413852931043,1.0,0.0,1287.2493779871818,1130.8475202995228,15.0,19.0,1.0,0.5854381175409837,0.5663805829680078,43.0
2025-12-26 15:53:00.502,1,2025-12-26 15:53:00.549,6831.562881562881,21.348634004884,879.3724053724054,126.0,214472.8677841056,455690.3859361977,0.0045954941601669,0.0097640439513404,3.468701588270371,879.3724053724054,844.8571428571429,774.0769230769231,323.5750915750916,281.5409035409035,1.0408533712545742,2.0,5.0,463.1121546495034,675.0484322892675,15.0,19.0,1.0,0.4542770842082962,0.7309053538394477,47.0
2025-12-26 15:53:01.082,1,2025-12-26 15:53:01.182,27802.5873015873,86.88308531746031,7138.0,140.0,11073395.693568656,10571096.290750723,0.0143255199197546,0.0136757011740082,3.072443934940205,7138.0,2440.8534798534783,2008.076923076923,1965.402930402931,1806.7008547008545,2.9243869240465683,1.0,0.0,3327.6712117588563,3251.3222372983464,15.0,19.0,1.0,0.5524318302259862,0.7559075039747741,100.0
2025-12-26 15:53:01.592,1,2025-12-26 15:53:01.605,31376.14285714285,98.05044642857142,8457.383394383394,155.0,12099808.360699397,12389864.58808286,0.0122907782875924,0.0125854124400874,2.8453497787667725,8457.383394383394,4205.924297924298,3583.4420024420024,2364.641025641026,1601.0,2.010826347624768,1.0,0.0,3478.4778798634607,3519.923946349248,15.0,19.0,1.0,0.644196159241692,0.915273851745118,13.0
2025-12-26 15:53:02.129,1,2025-12-26 15:53:02.027,63165.908424908426,197.39346382783884,11492.853479853478,155.0,32458606.048736528,49215105.67241498,0.008135127654637,0.0123348232077616,2.942756586932385,11492.853479853478,10831.442002442003,7453.383394383394,3735.8192918192926,3430.076923076923,1.061064027971649,1.0,0.0,5697.245479065873,7015.347865388785,15.0,19.0,1.0,0.5848657292009501,0.8963909779697217,102.0
2025-12-26 15:53:02.692,1,2025-12-26 15:53:02.661,26942.665445665443,84.19582951770451,5056.853479853478,151.0,5186948.680386104,9398448.175202535,0.0071454705616163,0.0129471754780861,3.028972138908533,5056.853479853478,3974.076923076923,2712.3833943833943,1710.924297924298,1692.8192918192926,1.2724598888581515,1.0,0.0,2277.4873611912985,3065.688858185471,15.0,19.0,1.0,0.5621959496770462,0.8590666210520526,31.0
2025-12-26 15:53:03.287,1,2025-12-26 15:53:03.295,16741.71916971917,52.317872405372405,4013.383394383394,126.0,2606904.4325865507,3628959.979632297,0.0093009006453946,0.0129473853336405,3.005353687004217,4013.383394383394,2370.924297924298,1179.4420024420024,809.4358974358975,790.0769230769231,1.692750543699496,1.0,0.0,1614.5911038360612,1904.982934210251,15.0,19.0,1.0,0.5473310370559559,0.9381626387487634,8.0
2025-12-26 15:53:03.800,1,2025-12-26 15:53:03.717,12002.53846153846,37.50793269230769,2071.924297924298,140.0,1126778.648623442,1210108.758275373,0.0078215422625137,0.0083999788304934,3.3583251581702127,2071.924297924298,1961.3833943833945,903.1062271062272,688.4420024420025,604.8412698412699,1.056358641485592,2.0,3.0,1061.4983036366295,1100.0494344689118,15.0,19.0,1.0,0.5190316374873056,0.86147975006094,83.0
2025-12-26 15:53:04.347,1,2025-12-26 15:53:04.351,32675.49328449329,102.11091651404152,14356.853479853478,130.0,22522960.96570186,19453377.542616595,0.0210950801074806,0.0182200980700306,2.191560820788295,14356.853479853478,3735.0,3485.8192918192926,2274.8571428571427,2151.3724053724054,3.8438697402542528,1.0,0.0,4745.836171392967,4410.598320252774,15.0,19.0,1.0,0.7958227927424163,0.906825654382288,4.0
2025-12-26 15:53:04.922,1,2025-12-26 15:53:04.985,16512.35042735043,51.60109508547009,6042.700854700855,137.0,5715618.929412911,4201511.936936984,0.0209626156924455,0.0154094737855938,2.7173300485046887,6042.700854700855,1809.0,1243.2588522588524,1109.990231990232,782.4041514041514,3.340354259092048,1.0,0.0,2390.736064356104,2049.7589948423165,15.0,19.0,1.0,0.6654021872109975,0.3104215847611564,63.0
2025-12-26 15:53:05.462,1,2025-12-26 15:53:05.407,6605.699633699634,20.64281135531136,1988.3345543345545,126.0,917402.6466104358,326788.58121482906,0.021024338705902,0.007489093084772,3.0265922969135888,1988.3345543345545,625.013431013431,598.7032967032967,382.22222222222223,380.18070818070817,3.1812669227081702,0.0,0.0,957.8113836295933,571.6542497129091,15.0,19.0,1.0,0.6016704411108154,0.7130629411680993,55.0
2025-12-26 15:53:06.000,1,2025-12-26 15:53:06.041,39352.78754578754,122.97746108058608,16543.85347985348,131.0,33294836.15388663,23131558.874157,0.0214993772414162,0.0149366739069979,2.4244462131527165,16543.85347985348,3292.8192918192926,3247.8571428571427,2451.7008547008545,2403.3724053724054,5.024221499476191,1.0,0.0,5770.167775193944,4809.527926330919,15.0,19.0,1.0,0.7099777402577728,0.8342010825774698,41.0
2025-12-26 15:53:06.573,1,2025-12-26 15:53:06.675,5093.6373626373625,15.917616758241758,761.3345543345542,129.0,317856.3955389789,99767.4854653856,0.0122510950473554,0.0038453243798966,3.539865778607556,761.3345543345542,432.3577533577534,354.013431013431,337.8412698412698,296.4029304029309,1.760890254471345,1.0,0.0,563.7875446823732,315.8599143059872,15.0,19.0,1.0,0.4283677426576261,0.7196468864288326,102.0
2025-12-26 15:53:07.163,1,2025-12-26 15:53:07.097,7230.8974358974365,22.59655448717949,1711.3345543345542,119.0,498573.3779144079,552352.4995628658,0.0095355266005759,0.010564085821246,2.790634500119597,1711.3345543345542,1547.3724053724054,854.8571428571429,442.013431013431,306.24664224664224,1.1059616601612992,1.0,0.0,706.097286437505,743.2042112117408,15.0,19.0,1.0,0.6723680177908782,0.8441621686882127,66.0
2025-12-26 15:53:07.689,1,2025-12-26 15:53:07.731,6846.067155067155,21.39395985958486,2086.8571428571427,117.0,591759.7718690915,440746.4804516773,0.0126259227660649,0.00940386840427,2.9084148294013072,2086.8571428571427,792.3724053724054,486.924297924298,372.4041514041514,365.1965811965812,2.633682254335588,2.0,4.0,769.2592358035694,663.8874004314868,15.0,19.0,1.0,0.5994324165687686,0.7049864551520848,42.0
2025-12-26 15:53:08.180,1,2025-12-26 15:53:08.153,18155.81440781441,56.73692002442003,7399.0,131.0,9992659.24139196,4739798.299085727,0.0303144440920573,0.014378990324226,2.440792528435673,7399.0,2082.402930402931,2000.3345543345545,1346.990231990232,657.013431013431,3.553106794065445,0.0,0.0,3161.116771236387,2177.10778306581,15.0,19.0,1.0,0.7427780899729859,0.7995483675027528,27.0
2025-12-26 15:53:08.730,1,2025-12-26 15:53:08.787,28248.840048840044,88.27762515262513,6403.857142857143,145.0,8667244.937222239,13635850.205130894,0.0108612505148349,0.0170875965930825,2.7956111738811176,6403.857142857143,3959.372405372405,3695.924297924298,2646.0,2508.3833943833943,1.6173919720626029,1.0,0.0,2944.0185015081406,3692.6752098080456,15.0,19.0,1.0,0.6801531392905992,0.9001075821886106,57.0
2025-12-26 15:53:09.291,1,2025-12-26 15:53:09.209,14725.820512820512,46.0181891025641,4177.853479853478,148.0,4298210.539314574,2073755.584436971,0.0198211422928183,0.009563097047872,2.9860885169181777,4177.853479853478,1709.7008547008545,1159.8192918192926,664.2588522588524,609.4358974358975,2.443616652798616,1.0,0.0,2073.212613147666,1440.054021360647,15.0,19.0,1.0,0.5650665352618801,0.6680729992843094,82.0
2025-12-26 15:53:09.776,1,2025-12-26 15:53:09.843,19467.93650793651,60.83730158730159,3476.8534798534783,143.0,4625183.566859877,3404782.252570289,0.0122036328019909,0.0089835812526059,3.091201894542582,3476.8534798534783,2610.7008547008545,1640.3724053724054,1485.2466422466423,1445.8192918192926,1.3317701542065568,1.0,0.0,2150.623994765212,1845.2052060869244,15.0,19.0,1.0,0.5475152782446545,0.5274899901155254,67.0
2025-12-26 15:53:10.287,1,2025-12-26 15:53:10.266,11005.7326007326,34.39291437728938,1809.076923076923,134.0,749895.4240091605,1155973.3758190884,0.0061910283082637,0.009543549225882,3.321194512540503,1809.076923076923,1111.857142857143,705.9242979242979,674.7228327228327,594.7008547008545,1.627076764939878,1.0,0.0,865.9650247031692,1075.1620230547062,15.0,19.0,1.0,0.4448847004474453,0.7755769415316766,21.0
2025-12-26 15:53:10.847,1,2025-12-26 15:53:10.899,29150.75213675214,91.09610042735044,5286.700854700855,137.0,7158369.121071232,7308111.535903265,0.0084239263179875,0.0086001423034847,3.0617285046364087,5286.700854700855,3611.6898656898657,3039.924297924298,2442.670329670329,2165.4847374847377,1.463774867527166,1.0,0.0,2675.512870660732,2703.35190752208,15.0,19.0,1.0,0.5676172610520183,0.6730667400058057,52.0
2025-12-26 15:53:11.401,1,2025-12-26 15:53:11.322,44334.46275946275,138.5451961233211,14356.853479853478,148.0,23210019.67681367,34681203.21619278,0.0118084422080802,0.0176445771950039,2.6144140531751754,14356.853479853478,3719.6898656898657,3605.0,3597.076923076923,3557.8192918192926,3.859690995283272,1.0,0.0,4817.6778303259,5889.074903258812,15.0,19.0,1.0,0.6504294349272127,0.9036865264799984,79.0
2025-12-26 15:53:11.918,1,2025-12-26 15:53:11.955,5562.080586080586,17.38150183150183,658.5750915750916,150.0,186573.8437254477,125408.82163387556,0.0060308177602199,0.0040537180008511,3.745850485309613,658.5750915750916,521.4358974358975,467.6898656898657,342.8852258852259,313.0769230769231,1.2630029785296673,1.0,0.0,431.94194485537946,354.1310797344333,15.0,19.0,1.0,0.4141728923215592,0.6938529779528025,37.0
2025-12-26 15:53:12.453,1,2025-12-26 15:53:12.378,18457.310134310133,57.67909416971917,3225.7008547008545,130.0,6145401.770440582,2888753.910309525,0.018039041675674,0.0084795679965939,2.97231849884192,3225.7008547008545,2879.8534798534783,2564.334554334554,1346.4041514041514,1125.990231990232,1.1200920037306386,1.0,0.0,2478.992087611532,1699.6334635178036,15.0,19.0,1.0,0.6036786070777654,0.534378475705088,75.0
2025-12-26 15:53:13.021,1,2025-12-26 15:53:13.012,26378.34065934065,82.43231456043955,9824.853479853478,140.0,17373314.440561865,9196634.475940678,0.0249682287691705,0.0132170331854249,2.415472706774812,9824.853479853478,5094.700854700855,2237.8192918192926,1404.2588522588524,1115.990231990232,1.9284456065337392,1.0,0.0,4168.13080895524,3032.5953366614344,15.0,19.0,1.0,0.7459765178085247,0.6246869020310529,9.0
2025-12-26 15:53:13.483,1,2025-12-26 15:53:13.434,10634.26862026862,33.23208943833944,1987.575091575092,132.0,758457.8733114095,1092480.8910146984,0.0067068132133916,0.0096604775730595,3.0656946605574342,1987.575091575092,1447.857142857143,1284.076923076923,963.3724053724054,527.6898656898657,1.37277016684914,1.0,0.0,870.8948692646028,1045.2181069110402,15.0,19.0,1.0,0.5840149097544581,0.7814894736370013,49.0
2025-12-26 15:53:13.960,1,2025-12-26 15:53:13.857,4008.532356532357,12.526663614163615,1141.0,97.0,272956.53303030075,185252.6745998053,0.0169872354466228,0.011529054701886,2.91865780241494,1141.0,492.1062271062271,468.4029304029309,250.8571428571429,201.43589743589743,2.318605083921002,2.0,5.0,522.4524217862338,430.40989138239536,15.0,19.0,1.0,0.6370915763321335,0.6830174219337507,103.0
2025-12-26 15:53:14.499,1,2025-12-26 15:53:14.490,5456.59706959707,17.051865842490844,538.8571428571429,125.0,121894.00363057204,237026.45876404183,0.0040939126386015,0.0079607329836995,3.764383321650661,538.8571428571429,456.37240537240535,335.0,330.7228327228327,255.68986568986568,1.1807399757578425,2.0,4.0,349.13321759834315,486.853631766306,15.0,19.0,1.0,0.3512522955599918,0.7527024786341195,9.0
2025-12-26 15:53:15.084,1,2025-12-26 15:53:15.124,4272.548229548229,13.351713217338215,591.8571428571429,111.0,185170.96809602625,63360.25221834229,0.0101437596292653,0.0034709067796156,3.4745023610435,591.8571428571429,504.4358974358975,351.3577533577534,219.990231990232,200.72283272283272,1.1733049647426836,2.0,4.0,430.31496383001394,251.714624561908,15.0,19.0,1.0,0.4372949719893456,0.5980360749274795,40.0
2025-12-26 15:53:15.600,1,2025-12-26 15:53:15.546,11329.725274725271,35.40539148351648,3991.8534798534783,148.0,2838519.1136809005,1420620.26479698,0.0221132748915251,0.011067237941262,2.9193179149359585,3991.8534798534783,1391.0,740.8192918192926,619.3345543345542,404.4029304029309,2.8697724513663614,1.0,0.0,1684.7905251635589,1191.8977576944174,15.0,19.0,1.0,0.6308546838601907,0.8903865645655636,54.0
2025-12-26 15:53:16.094,1,2025-12-26 15:53:16.180,28995.808302808306,90.61190094627597,11012.853479853478,119.0,28276271.87162873,9899940.520344991,0.033631923687785,0.0117750333426354,2.4338017963834258,11012.853479853478,3725.700854700856,2924.8192918192926,1813.0,1713.990231990232,2.9559145807305485,0.0,0.0,5317.543781825283,3146.417092558612,15.0,19.0,1.0,0.7308078339140763,0.718701498978797,86.0
2025-12-26 15:53:16.641,1,2025-12-26 15:53:16.603,1707.102564102564,5.334695512820512,163.6153846153846,115.0,11238.086749177197,4991.214166189598,0.0038563207644082,0.0017127223929015,4.013008949489272,163.6153846153846,142.8693528693529,84.43589743589746,78.43345543345544,58.35775335775338,1.145209811119238,2.0,6.0,106.00984269952106,70.64852557689791,15.0,19.0,1.0,0.3091272046615175,0.464781559769046,38.0
2025-12-26 15:53:17.169,1,2025-12-26 15:53:17.236,4485.948717948718,14.018589743589745,1036.3345543345542,118.0,337640.9973261713,90798.9020738236,0.0167782462959533,0.0045120300984215,3.267244845919626,1036.3345543345542,436.4358974358975,432.3577533577534,300.8852258852259,242.72283272283272,2.3745401338907826,1.0,0.0,581.0688404364593,301.3285616628859,15.0,19.0,1.0,0.5458680911661083,0.7110189679235603,67.0
2025-12-26 15:53:17.646,1,2025-12-26 15:53:17.659,9723.764346764348,30.386763583638583,2920.8534798534783,127.0,2468463.6671158224,539537.4831166802,0.0261070552798738,0.005706275966277,3.004361984309899,2920.8534798534783,815.3345543345542,808.3577533577534,597.869352869353,484.22222222222223,3.582398739660664,1.0,0.0,1571.1345159202067,734.5321525411125,15.0,19.0,1.0,0.578648058712888,0.7454940585247687,13.0
2025-12-26 15:53:18.148,1,2025-12-26 15:53:18.081,4514.8424908424895,14.10888278388278,1028.8534798534783,107.0,440855.0109001189,77313.58533584973,0.0216277118169774,0.0037928931322953,3.136832022410521,1028.8534798534783,560.3345543345542,313.7228327228327,294.8412698412698,276.22222222222223,1.8361414121131523,1.0,0.0,663.9691339965427,278.0532059442036,15.0,19.0,1.0,0.54796471061655,0.7848115130232117,67.0
2025-12-26 15:53:18.703,1,2025-12-26 15:53:18.715,8921.470085470086,27.879594017094018,2033.0,117.0,2372329.439325165,447906.7902050954,0.029805893893098,0.0056274908710186,2.9944876390156185,2033.0,1337.84126984127,857.990231990232,578.0854700854701,477.1965811965812,1.519612263299135,0.0,0.0,1540.2368127418476,669.2583882216908,15.0,19.0,1.0,0.5922917974828956,0.6720526027948448,12.0
2025-12-26 15:53:19.242,1,2025-12-26 15:53:19.137,12007.08424908425,37.52213827838828,5139.700854700855,121.0,4651764.537504019,2188030.608725448,0.0322658126451658,0.0151767324235426,2.2133287095474823,5139.700854700855,1954.0,1471.2588522588524,851.1807081807082,295.8852258852259,2.6303484415036973,0.0,0.0,2156.794968814611,1479.199313387296,15.0,19.0,1.0,0.8088579574816878,0.3874147557577103,105.0
2025-12-26 15:53:19.731,1,2025-12-26 15:53:19.771,5086.652014652014,15.895787545787543,1675.8534798534783,114.0,657870.7412038334,179356.5247471751,0.025425910605941,0.0069319133367583,2.8671982265859475,1675.8534798534783,691.2222222222222,628.3345543345542,188.96581196581195,178.46520146520146,2.4244785916507774,1.0,0.0,811.0923136140752,423.50504689693497,15.0,19.0,1.0,0.6611109350814642,0.8726389641013289,40.0
2025-12-26 15:53:20.219,1,2025-12-26 15:53:20.194,13975.354090354089,43.67298153235653,3803.8534798534783,141.0,3222857.380132223,1966060.8198404307,0.0165011969039947,0.0100663333455001,2.89048958206933,3803.8534798534783,2390.7008547008545,1397.8192918192926,891.8571428571429,511.4041514041514,1.5911039109608127,1.0,0.0,1795.2318457882322,1402.1629077394791,15.0,19.0,1.0,0.6436784973371902,0.6477397197141024,25.0
2025-12-26 15:53:20.760,1,2025-12-26 15:53:20.827,12640.644688644688,39.50201465201465,3097.7008547008545,136.0,3255023.954318488,1436603.3928516116,0.0203711591080027,0.0089908021266786,2.969519987465725,3097.7008547008545,2048.8534798534783,1398.990231990232,999.8192918192926,475.5750915750916,1.5119191709701327,1.0,0.0,1804.1684938825665,1198.5839114770445,15.0,19.0,1.0,0.6345355911430423,0.4400331585381148,67.0
2025-12-26 15:53:21.300,1,2025-12-26 15:53:21.250,6963.268620268622,21.76021443833944,878.7008547008545,137.0,394918.60715845856,209187.42955721563,0.0081448163883528,0.0043142895108292,3.6209281939941618,878.7008547008545,629.4358974358975,619.8192918192926,329.002442002442,310.85714285714283,1.3960132529443898,1.0,0.0,628.4254984948165,457.3701231576191,15.0,19.0,1.0,0.3974879872878518,0.5890971234544564,50.0
2025-12-26 15:53:21.771,1,2025-12-26 15:53:21.672,14207.724053724054,44.39913766788767,4433.853479853478,119.0,3552476.5105094938,2502572.8084972287,0.0175987648308179,0.01239760212304,2.758456084113404,4433.853479853478,2073.7008547008545,876.8571428571429,797.9242979242979,744.3833943833944,2.1381355318440827,1.0,0.0,1884.801451216943,1581.9522143532745,15.0,19.0,1.0,0.6283004326353534,0.7260883905863004,99.0
2025-12-26 15:53:22.250,1,2025-12-26 15:53:22.306,27822.210012210013,86.94440628815629,9379.700854700855,135.0,25844803.66985183,10760652.185500272,0.033387967984394,0.013901297732812,2.218936583605116,9379.700854700855,8108.853479853478,2144.8192918192926,2075.258852258852,1238.990231990232,1.1567234354404914,0.0,0.0,5083.7784835545135,3280.34330299441,15.0,19.0,1.0,0.824795107956957,0.4572226666883004,56.0
2025-12-26 15:53:22.809,1,2025-12-26 15:53:22.728,5711.75457875458,17.84923305860806,614.990231990232,128.0,454750.2677879991,69921.27939791893,0.0139390728049634,0.0021432374496108,3.5664704391217272,614.990231990232,567.8571428571429,523.3345543345542,419.5750915750916,296.5409035409035,1.0830016663959856,1.0,0.0,674.3517389226479,264.42632130315417,15.0,19.0,1.0,0.4240899868680405,0.6124843333381429,81.0
2025-12-26 15:53:23.332,1,2025-12-26 15:53:23.362,6339.114774114772,19.809733669108663,1016.8534798534783,136.0,429369.038785418,209940.44414014445,0.0106849746157435,0.005224429602099,3.501524625151307,1016.8534798534783,631.8192918192926,593.1062271062272,354.7228327228327,280.43589743589746,1.6094055579149684,1.0,0.0,655.2625723978274,458.19258411736047,15.0,19.0,1.0,0.4538390345423309,0.6049170460355746,30.0
2025-12-26 15:53:23.808,1,2025-12-26 15:53:23.785,7027.203907203908,21.960012210012213,924.885225885226,131.0,455842.0514713884,255642.0608110787,0.009231011143877,0.0051768692786757,3.365975781243169,924.885225885226,769.0769230769231,643.8571428571429,575.1807081807082,454.3577533577534,1.2025913119116127,1.0,0.0,675.1607597242219,505.6105821786948,15.0,19.0,1.0,0.4791888491958006,0.732026764987872,23.0
2025-12-26 15:53:24.289,1,2025-12-26 15:53:24.207,16908.660561660563,52.83956425518926,5603.700854700855,148.0,6762192.910432976,2703534.630737069,0.0236520693864398,0.0094561319858504,2.7782377327440395,5603.700854700855,2092.8534798534783,1557.8192918192926,1029.4358974358977,976.2588522588524,2.6775409309066847,0.0,0.0,2600.421679349904,1644.242874619522,15.0,19.0,1.0,0.6659349707214113,0.5055218395641646,82.0
2025-12-26 15:53:24.845,1,2025-12-26 15:53:24.841,37167.7203907204,116.14912622100124,11481.853479853478,125.0,42850781.93323752,18624175.598023474,0.0310189362791954,0.01348171702042,2.292161884341532,11481.853479853478,10535.0,3069.8192918192926,2321.402930402931,1554.7008547008545,1.0898769321169803,0.0,0.0,6546.05086546366,4315.57361170256,15.0,19.0,1.0,0.7792454380389406,0.8696555951057251,4.0
2025-12-26 15:53:25.406,1,2025-12-26 15:53:25.474,12857.592185592184,40.179975579975576,5612.853479853478,138.0,3891049.783127672,2684551.682959265,0.0235368041590343,0.0162387455155684,2.6990843323224336,5612.853479853478,1391.0,626.5750915750916,604.8192918192926,447.61538461538464,4.035121121387091,1.0,0.0,1972.574404966178,1638.4601560487413,15.0,19.0,1.0,0.6753102075824365,0.89320050353409,68.0
2025-12-26 15:53:25.927,1,2025-12-26 15:53:25.897,50992.76556776557,159.35239239926742,11245.076923076924,146.0,28169582.916034404,42728184.88904616,0.0108333627137049,0.0164322605123771,2.7355036373045305,11245.076923076924,7518.689865689866,4994.67032967033,4850.924297924298,3444.8571428571427,1.4956165401089665,1.0,0.0,5307.502512108158,6536.679959203002,15.0,19.0,1.0,0.6286032577821313,0.898510227036665,30.0
2025-12-26 15:53:26.470,1,2025-12-26 15:53:26.531,48472.83882783883,151.47762133699635,10017.0,158.0,27579216.53853496,28585537.05114949,0.0117377543043031,0.0121660457647202,3.064917903686974,10017.0,5979.700854700855,4916.722832722833,3810.6898656898657,2243.133089133089,1.675167411112816,1.0,0.0,5251.591809969141,5346.544402803505,15.0,19.0,1.0,0.5563372662786631,0.6871840290201778,61.0
2025-12-26 15:53:27.047,1,2025-12-26 15:53:26.953,45658.76678876679,142.6836462148962,12560.853479853478,149.0,18742570.782110143,28999571.427354217,0.0089904370604266,0.0139105155172113,2.920039716202681,12560.853479853478,5103.689865689866,4993.076923076923,2848.8192918192926,2320.7228327228327,2.461131810593112,1.0,0.0,4329.269081740028,5385.125015016291,15.0,19.0,1.0,0.6094593514077995,0.9082687494668136,94.0
2025-12-26 15:53:27.571,1,2025-12-26 15:53:27.587,29393.936507936505,91.85605158730158,4955.853479853478,154.0,6609139.613003712,12410944.386747155,0.0076494361269899,0.0143644607197063,2.947202783708516,4955.853479853478,3618.6898656898657,2683.4847374847377,2629.076923076923,2265.7008547008545,1.369515947426273,1.0,0.0,2570.824695113168,3522.9170280815806,15.0,19.0,1.0,0.5495285007655907,0.8058700651509173,16.0
2025-12-26 15:53:28.093,1,2025-12-26 15:53:28.009,40902.778998779,127.82118437118436,9849.076923076924,149.0,21963684.487671096,26436083.27509956,0.0131280301378536,0.0158012512953884,2.691874902100993,9849.076923076924,6559.857142857143,5546.67032967033,3690.924297924298,2852.6898656898657,1.5014163736476829,1.0,0.0,4686.542914310195,5141.603181411374,15.0,19.0,1.0,0.6967550679152781,0.9038159397356912,84.0
2025-12-26 15:53:28.663,1,2025-12-26 15:53:28.643,40183.53968253969,125.57356150793652,7765.076923076923,157.0,18218251.2274425,19064108.06533899,0.0112826289628511,0.0118064711658448,3.030239963128236,7765.076923076923,5593.67032967033,4019.4847374847377,3927.6898656898657,2207.106227106227,1.3881899478214654,2.0,4.0,4268.284342384244,4366.246450366607,15.0,19.0,1.0,0.5851407882129468,0.8977212587942179,20.0
2025-12-26 15:53:29.240,1,2025-12-26 15:53:29.277,16622.90231990232,51.94656974969475,4270.076923076923,110.0,3730344.814613965,4759844.695973719,0.0135000467350268,0.0172257871699629,2.614043121538036,4270.076923076923,4094.6898656898657,1373.4847374847377,1045.6703296703297,608.4786324786324,1.0428328061804175,2.0,4.0,1931.4100586395327,2181.7068308949574,15.0,19.0,1.0,0.6853436463234145,0.85034137625997,37.0
2025-12-26 15:53:29.774,1,2025-12-26 15:53:29.699,29594.10134310134,92.4815666971917,8434.0,110.0,18487469.68276805,11396574.04023005,0.0211089757726297,0.0130125976909879,2.6992619467138623,8434.0,8216.853479853478,1405.402930402931,1143.8192918192926,847.3345543345542,1.0264269675342157,1.0,0.0,4299.705766999417,3375.8812242479817,15.0,19.0,1.0,0.6774123675521849,0.8415386460580807,75.0
2025-12-26 15:53:30.308,1,2025-12-26 15:53:30.333,10330.516483516483,32.28286401098901,601.869352869353,156.0,398582.0732093321,402679.8314571472,0.0037348545366219,0.0037732519759714,3.9142829304912894,601.869352869353,572.4041514041514,557.7228327228327,553.9487179487179,553.3345543345542,1.0514762190174016,2.0,7.0,631.3335673075939,634.5705882383355,15.0,19.0,1.0,0.2748439164498433,0.5705296244645127,25.0
2025-12-26 15:53:30.900,1,2025-12-26 15:53:30.967,20734.903540903542,64.79657356532357,4981.076923076923,132.0,4994795.764670255,6264461.874815038,0.0116175271493015,0.0145706770277188,2.840704021168336,4981.076923076923,3212.6898656898657,1828.4786324786328,1570.857142857143,1320.948717948718,1.5504381472581945,1.0,0.0,2234.90397213622,2502.890703729397,15.0,19.0,1.0,0.6228170416406923,0.7757171376606441,67.0
2025-12-26 15:53:31.438,1,2025-12-26 15:53:31.389,16875.10989010989,52.7347184065934,2730.6898656898657,131.0,2464564.0013860594,3931125.7982376553,0.0086545976298426,0.0138045966738566,3.1031746269481264,2730.6898656898657,2242.0,2173.076923076923,835.4041514041514,822.7008547008545,1.217970502091279,1.0,0.0,1569.8929904251625,1982.706684872388,15.0,19.0,1.0,0.5217075238147644,0.7124519245205054,49.0
2025-12-26 15:53:31.971,1,2025-12-26 15:53:32.023,33860.255189255186,105.81329746642244,10751.853479853478,131.0,23328267.745187968,16260065.832535654,0.0203470774150684,0.0141821425355064,2.4976981647989964,10751.853479853478,6190.0,4114.857142857143,1835.8192918192929,1654.076923076923,1.7369714830132053,1.0,0.0,4829.934548747837,4032.377193732706,15.0,19.0,1.0,0.7249386249574233,0.8950748838443634,52.0
2025-12-26 15:53:32.523,1,2025-12-26 15:53:32.445,9534.43833943834,29.795119810744808,1295.3345543345542,128.0,1285099.678773339,314140.75638936594,0.0141366526174864,0.003455684270585,3.3756945698375325,1295.3345543345542,1090.4358974358977,835.6898656898657,694.8571428571429,678.885225885226,1.187905274743135,1.0,0.0,1133.6223704449992,560.4826102470673,15.0,19.0,1.0,0.481958404114332,0.7364728210374698,78.0
2025-12-26 15:53:33.085,1,2025-12-26 15:53:33.079,15974.650793650795,49.92078373015873,3327.8571428571427,152.0,2135036.8840825874,2652467.688496271,0.0083664772727112,0.0103941111265348,3.22385792370658,3327.8571428571427,1641.076923076923,1616.8534798534783,1167.924297924298,874.5750915750916,2.027849576128081,1.0,0.0,1461.1765410389628,1628.6398277385554,15.0,19.0,1.0,0.5401236650954367,0.7958852544082813,6.0
2025-12-26 15:53:33.606,1,2025-12-26 15:53:33.501,5779.357753357754,18.06049297924298,604.2087912087912,133.0,159325.64405408088,249342.17280910787,0.0047700894685544,0.0074651163636876,3.538175615762526,604.2087912087912,546.7228327228327,523.3345543345542,442.8571428571428,398.8693528693529,1.1051464380928766,2.0,3.0,399.156164995708,499.3417395022249,15.0,19.0,1.0,0.4353412232579771,0.7729152256334312,105.0
2025-12-26 15:53:34.127,1,2025-12-26 15:53:34.135,20637.50061050061,64.49218940781441,5099.700854700855,124.0,10315978.099776683,3548915.4511431456,0.0242212310922221,0.0083326176575303,2.7314122914461025,5099.700854700855,2730.990231990232,2528.8534798534783,1658.0,1527.857142857143,1.8673449633624424,1.0,0.0,3211.849638413461,1883.856536773208,15.0,19.0,1.0,0.65634894288066,0.4813659688584266,8.0
2025-12-26 15:53:34.675,1,2025-12-26 15:53:34.769,8753.42490842491,27.354452838827843,1365.990231990232,142.0,1156716.741277159,324578.24334940093,0.0150963167726157,0.0042360725009405,3.375194285473703,1365.990231990232,1050.7008547008545,887.3345543345542,481.2588522588524,373.7643467643468,1.3000753029537069,1.0,0.0,1075.5076667681913,569.7176874114064,15.0,19.0,1.0,0.4751338914263608,0.4560919116954223,94.0
2025-12-26 15:53:35.254,1,2025-12-26 15:53:35.191,6014.277167277167,18.794616147741145,1729.7008547008545,133.0,395186.88776930585,291289.58434722264,0.0109253573035048,0.0080530070361054,3.2541770584616714,1729.7008547008545,481.0769230769231,447.18070818070817,423.2588522588524,247.8571428571429,3.5954766726997707,2.0,3.0,628.6389168428135,539.7125015665495,15.0,19.0,1.0,0.5535286100858389,0.4645157544328522,63.0
2025-12-26 15:53:35.788,1,2025-12-26 15:53:35.825,11414.918192918194,35.67161935286936,3721.8534798534783,131.0,2625587.5071843527,1408361.2968945573,0.0201502709628865,0.0108085758590848,2.877193004250207,3721.8534798534783,1021.8192918192926,955.7008547008544,842.0,655.8571428571429,3.642379342068677,1.0,0.0,1620.36647311167,1186.7439896180465,15.0,19.0,1.0,0.6305109373184378,0.7756143076054494,37.0
2025-12-26 15:53:36.324,1,2025-12-26 15:53:36.247,13630.053724053723,42.593917887667885,3451.8534798534783,125.0,3457664.3369897893,1268300.2464727522,0.0186117707834921,0.0068269534493183,3.09633672514382,3451.8534798534783,1050.7008547008545,852.8571428571429,757.5750915750916,720.8192918192926,3.2852866393003666,1.0,0.0,1859.479587677636,1126.1883707767329,15.0,19.0,1.0,0.5013777641056071,0.7135731443138399,77.0
2025-12-26 15:53:36.908,1,2025-12-26 15:53:36.881,18011.14896214896,56.2848405067155,4319.853479853478,127.0,6481148.171985947,4130650.4901324734,0.0199787868828402,0.0127331428999823,2.8019938321746545,4319.853479853478,4070.0,1916.857142857143,776.3724053724054,720.4029304029309,1.0613890613888002,1.0,0.0,2545.809924559559,2032.4001796232144,15.0,19.0,1.0,0.6553433089299705,0.9125328085012088,27.0
2025-12-26 15:53:37.471,1,2025-12-26 15:53:37.515,8273.014652014652,25.853170787545785,1191.857142857143,138.0,539290.9062170557,513205.82895151526,0.0078794428532045,0.0074983203954256,3.404625945750097,1191.857142857143,1179.7008547008545,763.3577533577534,472.0769230769231,439.6898656898657,1.010304551452038,2.0,6.0,734.3642871334742,716.3838558702417,15.0,19.0,1.0,0.4891424359675948,0.5993623589588919,44.0
2025-12-26 15:53:37.994,1,2025-12-26 15:53:37.937,17984.218559218563,56.20068299755801,8665.853479853478,126.0,7839969.383181045,6855303.73476512,0.0242399222792021,0.0211954947282723,2.1361076794576097,8665.853479853478,2630.0,1885.8192918192929,932.4029304029308,440.37240537240535,3.295001323136952,1.0,0.0,2799.994532705563,2618.2634960532755,15.0,19.0,1.0,0.8092899927523849,0.938137323626856,57.0
2025-12-26 15:53:38.545,1,2025-12-26 15:53:38.571,11699.604395604398,36.56126373626374,4804.857142857143,129.0,2519615.6786815645,2164006.1335548125,0.0184073787386583,0.0158094271400814,2.649311896225232,4804.857142857143,1067.4041514041514,818.9242979242979,792.3724053724054,372.002442002442,4.501441311177155,2.0,3.0,1587.329732185964,1471.0561286214788,15.0,19.0,1.0,0.6714381250797798,0.7979393811881127,26.0
2025-12-26 15:53:39.112,1,2025-12-26 15:53:39.205,17967.13553113553,56.14729853479853,4050.700854700856,150.0,3087023.034728372,3330655.0887151454,0.0095627363559132,0.010317440507426,3.072359526911844,4050.700854700856,2470.8571428571427,1873.076923076923,1211.990231990232,827.3724053724054,1.639390956457823,1.0,0.0,1756.9926108917966,1825.008243464984,15.0,19.0,1.0,0.580726824257308,0.519977867608474,93.0
2025-12-26 15:53:39.585,1,2025-12-26 15:53:39.627,26959.278388278384,84.24774496336995,12641.853479853478,115.0,23825392.51314373,13488188.110609513,0.0327811011173574,0.0185582528430498,1.9390898068369864,12641.853479853478,5139.700854700855,3340.8192918192926,1371.3577533577534,895.2588522588524,2.459647718269162,0.0,0.0,4881.126152143963,3672.6268678712127,15.0,19.0,1.0,0.8675673693906679,0.6660376258698432,42.0
2025-12-26 15:53:40.075,1,2025-12-26 15:53:40.050,18870.07692307692,58.96899038461538,3154.8571428571427,148.0,3859118.447054066,4583397.752057779,0.0108377908930595,0.0128718273611013,3.084795372355798,3154.8571428571427,2863.0,1960.3345543345545,1395.3724053724054,1204.076923076923,1.1019410209067555,1.0,0.0,1964.4639083103727,2140.8871413640136,15.0,19.0,1.0,0.5605510284223946,0.7416192713712612,25.0
2025-12-26 15:53:40.618,1,2025-12-26 15:53:40.683,19460.1978021978,60.81311813186812,5914.700854700855,120.0,9427544.468878606,4300752.644031017,0.0248945390345398,0.0113566427533877,2.521790414633835,5914.700854700855,3959.8534798534783,1517.8192918192926,1202.0,1073.2588522588524,1.4936665926634778,1.0,0.0,3070.4306650498734,2073.825605983063,15.0,19.0,1.0,0.7023377982873421,0.537338352312592,65.0
2025-12-26 15:53:41.146,1,2025-12-26 15:53:41.106,7317.802197802197,22.868131868131865,1725.7008547008545,147.0,780473.9840898993,330844.05246279965,0.0145746152458082,0.0061782005157187,3.2993068664053524,1725.7008547008545,579.990231990232,516.8571428571429,445.0769230769231,437.7032967032967,2.9753964110329063,1.0,0.0,883.4443865291688,575.1904488626351,15.0,19.0,1.0,0.5063444391050619,0.4723013108013663,40.0
2025-12-26 15:53:41.660,1,2025-12-26 15:53:41.739,14480.467643467644,45.25146138583639,5483.853479853478,110.0,5926454.817425182,2631079.424173777,0.028263751280756,0.0125478345377938,2.432534675322926,5483.853479853478,2269.7008547008545,1584.8192918192926,676.2588522588524,624.3577533577534,2.41611288487347,0.0,0.0,2434.43110755371,1622.0602406118514,15.0,19.0,1.0,0.7347131663105441,0.6217101171945814,79.0
2025-12-26 15:53:42.144,1,2025-12-26 15:53:42.162,8562.046398046397,26.756394993895,3969.0,102.0,2033563.4538845608,1250268.2899901164,0.0277397520247973,0.0170548562242021,2.4507311050406315,3969.0,896.8534798534783,593.4029304029309,279.85714285714283,246.35775335775332,4.425472041033951,1.0,0.0,1426.0306637252093,1118.1539652436584,15.0,19.0,1.0,0.6990701788110272,0.836872012042714,18.0
2025-12-26 15:53:42.669,1,2025-12-26 15:53:42.584,24843.06227106227,77.6345695970696,6084.857142857143,149.0,7019022.276739869,6961753.534041096,0.0113727728459177,0.0112799815174099,2.8735678020153768,6084.857142857143,4187.404151404151,2219.8534798534783,1591.3724053724054,1341.076923076923,1.453133474306575,2.0,4.0,2649.3437445412533,2638.51350840603,15.0,19.0,1.0,0.6208801448978511,0.6821585938158623,85.0
2025-12-26 15:53:43.213,1,2025-12-26 15:53:43.218,17349.836385836385,54.2182387057387,2716.8534798534783,139.0,1944567.030258448,2404723.2982385075,0.0064599945390541,0.0079886674683013,3.299194072583884,2716.8534798534783,1742.6898656898657,1385.2466422466423,1159.8192918192926,1060.4041514041514,1.5589999880881953,1.0,0.0,1394.4773322856302,1550.7170271324512,15.0,19.0,1.0,0.464846656282988,0.6887209247661522,5.0
2025-12-26 15:53:43.706,1,2025-12-26 15:53:43.641,15310.446886446887,47.84514652014652,2238.6898656898657,136.0,1319943.862779552,2134392.4856961872,0.0056309247891821,0.0091053899309338,3.3160625454254853,2238.6898656898657,1619.3724053724054,1393.076923076923,1341.2466422466423,769.4786324786324,1.382442888529803,2.0,4.0,1148.8880984584844,1460.956017714492,15.0,19.0,1.0,0.4808392938145298,0.6216902342530921,65.0
2025-12-26 15:53:44.186,1,2025-12-26 15:53:44.274,38326.01709401709,119.76880341880342,5733.246642246642,147.0,12820540.243031606,17656139.174724143,0.0087280846233732,0.0120201078829583,3.0290570336006426,5733.246642246642,5009.0,4893.076923076923,3740.8534798534783,2682.3724053724054,1.144589068126472,1.0,0.0,3580.578199541466,4201.920891059724,15.0,19.0,1.0,0.5755502690623269,0.6633397589372515,88.0
2025-12-26 15:53:44.729,1,2025-12-26 15:53:44.697,16657.70818070818,52.05533806471307,5920.853479853478,129.0,3061866.83884945,4704047.660924275,0.0110345798071802,0.0169527912424674,2.7334157052320807,5920.853479853478,1788.076923076923,1756.8192918192926,826.6703296703297,567.8571428571429,3.3112968482706893,1.0,0.0,1749.8190874628867,2168.8816613462973,15.0,19.0,1.0,0.6519670683061999,0.8620470211716946,32.0
2025-12-26 15:53:45.282,1,2025-12-26 15:53:45.330,16546.953601953603,51.70923000610501,4542.076923076923,144.0,3019175.672368998,6113484.853207158,0.0110268707773666,0.0223281500618373,2.7449636822989008,4542.076923076923,3012.6898656898657,1707.857142857143,1013.948717948718,982.0,1.5076483559768408,1.0,0.0,1737.5775298872277,2472.546228730043,15.0,19.0,1.0,0.6804015361620845,0.8322038407004242,48.0
2025-12-26 15:53:45.748,1,2025-12-26 15:53:45.753,14629.051282051283,45.71578525641026,3287.8534798534783,137.0,2229527.665323782,1963313.36768078,0.0104179085557007,0.0091739696478324,3.1449065010761093,3287.8534798534783,1254.857142857143,1247.3724053724054,1053.076923076923,795.7008547008545,2.62010181682104,1.0,0.0,1493.1602945845373,1401.182845912973,15.0,19.0,1.0,0.5221706219071481,0.7557052957914439,5.0
2025-12-26 15:53:46.245,1,2025-12-26 15:53:46.175,9294.590964590963,29.045596764346765,1518.6898656898657,129.0,612927.462403687,516973.3967886475,0.0070949365546883,0.0059842210957443,3.4715130440729283,1518.6898656898657,723.3724053724054,688.3345543345542,561.7228327228327,446.1062271062271,2.099457837219982,2.0,3.0,782.8968402054558,719.0086208027325,15.0,19.0,1.0,0.4237115866882877,0.7333577237800812,70.0
2025-12-26 15:53:46.806,1,2025-12-26 15:53:46.809,15936.477411477412,49.80149191086692,4145.0,141.0,4431959.248089104,3007985.1339515685,0.0174506293966321,0.0118437988403886,3.0180940125613605,4145.0,1633.3345543345542,1389.7008547008545,1278.076923076923,994.8571428571428,2.537753204937368,1.0,0.0,2105.221899964254,1734.354385341003,15.0,19.0,1.0,0.5924125659143168,0.72766749859691,3.0
2025-12-26 15:53:47.335,1,2025-12-26 15:53:47.232,6553.655677655679,20.480173992674,1344.3724053724054,135.0,332770.1084278714,322019.3147795714,0.0077477762067183,0.0074974690393313,3.2983592068994403,1344.3724053724054,694.3577533577534,502.8571428571428,442.2148962148962,417.3833943833944,1.936137961835085,2.0,6.0,576.8622958972717,567.4674570224898,15.0,19.0,1.0,0.5189753260582829,0.5969209925617316,103.0
2025-12-26 15:53:47.806,1,2025-12-26 15:53:47.865,12545.800976800976,39.20562805250305,2897.8534798534783,128.0,3663722.2484432254,945747.5389908586,0.0232769328842158,0.0060086710994144,2.897286014936703,2897.8534798534783,1593.990231990232,1490.7008547008545,1167.3724053724054,779.8192918192926,1.8179869748846853,1.0,0.0,1914.0852249686336,972.495521321748,15.0,19.0,1.0,0.6320629729738958,0.6321884229612486,59.0
2025-12-26 15:53:48.287,1,2025-12-26 15:53:48.288,7234.162393162393,22.60675747863248,1670.7008547008545,130.0,642335.1507233423,316060.2371393798,0.0122739735051081,0.0060393938776328,3.298639379545345,1670.7008547008545,598.7032967032967,570.3577533577534,508.8571428571428,401.0769230769231,2.7905322450997363,1.0,0.0,801.4581403438001,562.1923488801496,15.0,19.0,1.0,0.5183317386183646,0.4042680748091479,1.0
2025-12-26 15:53:48.857,1,2025-12-26 15:53:48.921,7902.608058608059,24.695650183150185,2978.7008547008545,132.0,1263532.413186198,778237.0649548199,0.0202323114262695,0.0124615201773312,2.736804198809057,2978.7008547008545,956.2588522588524,748.869352869353,368.002442002442,253.84126984126985,3.114952450020747,1.0,0.0,1124.0695766660522,882.1774566122283,15.0,19.0,1.0,0.6713825021212838,0.3083263651077846,64.0
2025-12-26 15:53:49.359,1,2025-12-26 15:53:49.344,7454.8315018315025,23.296348443223444,2494.0,110.0,1573612.3684304506,540461.2864129364,0.0283153606103309,0.0097249847088895,2.822272660401541,2494.0,748.869352869353,527.3577533577534,425.4029304029309,370.22222222222223,3.330353940164207,0.0,0.0,1254.4370723278432,735.1607214840415,15.0,19.0,1.0,0.6124688744111666,0.7511333620613954,15.0
2025-12-26 15:53:49.857,1,2025-12-26 15:53:49.766,6338.700854700855,19.80844017094017,3094.0,101.0,1118019.2825584484,760212.1044094098,0.0278258718790211,0.0189205722550419,2.277664950227738,3094.0,753.4029304029309,607.3577533577534,211.18070818070817,158.84126984126982,4.106700246495161,0.0,0.0,1057.3643092891157,871.9014304434933,15.0,19.0,1.0,0.7611627007454983,0.7734869387731867,91.0
2025-12-26 15:53:50.350,1,2025-12-26 15:53:50.400,17333.1746031746,54.16617063492063,4081.8534798534783,137.0,4716908.091305596,2263645.776194277,0.0157000556008685,0.0075344619524024,3.0920704736999705,4081.8534798534783,2219.7008547008545,1707.3724053724054,1243.857142857143,677.869352869353,1.8389205334615888,1.0,0.0,2171.844398502249,1504.5417163356678,15.0,19.0,1.0,0.5729275486461577,0.7126805894953544,50.0
2025-12-26 15:53:50.914,1,2025-12-26 15:53:50.823,16802.046398046397,52.50639499389499,4345.853479853478,135.0,4846336.780004819,2645656.353163884,0.0171667954112407,0.0093714992178418,2.946237187676772,4345.853479853478,1911.3724053724047,1462.0,1180.8192918192926,1014.8571428571428,2.273682233580469,1.0,0.0,2201.439706193385,1626.5473719396814,15.0,19.0,1.0,0.5901008772987647,0.8714876145965769,91.0
2025-12-26 15:53:51.440,1,2025-12-26 15:53:51.456,12502.67032967033,39.07084478021979,5300.853479853478,120.0,4603846.516041661,2226096.7885312764,0.0294520328966149,0.0142409343183843,2.418918369849783,5300.853479853478,1640.8192918192926,1098.990231990232,695.3345543345542,389.5750915750916,3.230613819741732,0.0,0.0,2145.6575952471217,1492.0109880732368,15.0,19.0,1.0,0.7298898882357832,0.8045079893554695,16.0
2025-12-26 15:53:51.906,1,2025-12-26 15:53:51.879,9430.708180708178,29.47096306471305,2104.8534798534783,114.0,2717215.3494668496,442929.41302960366,0.0305517046043754,0.0049801899544417,2.946016864679448,2104.8534798534783,1371.7008547008545,927.2222222222222,568.869352869353,565.8192918192926,1.5344843393795056,0.0,0.0,1648.3978128676492,665.5294231133614,15.0,19.0,1.0,0.5872798834762284,0.6072556724388414,27.0
2025-12-26 15:53:52.392,1,2025-12-26 15:53:52.301,41240.95238095238,128.8779761904762,12257.853479853478,127.0,61711985.44792716,18672325.009444643,0.0362837484396087,0.0109784499478951,2.2534915092943533,12257.853479853478,11514.700854700855,3382.0,2848.8192918192926,2714.990231990232,1.0645394643359898,0.0,0.0,7855.697642343877,4321.148575256889,15.0,19.0,1.0,0.7933464667870869,0.5464175514576046,91.0
2025-12-26 15:53:52.965,1,2025-12-26 15:53:52.935,11445.601953601952,35.7675061050061,3193.8534798534783,146.0,1811985.017917614,1272139.150252832,0.0138317562161712,0.0097108521457678,3.202720735069158,3193.8534798534783,966.3724053724054,812.8192918192926,634.8571428571429,515.990231990232,3.304992425378057,2.0,5.0,1346.099928652258,1127.8914620888097,15.0,19.0,1.0,0.535043292324596,0.7640731525286224,30.0
2025-12-26 15:53:53.474,1,2025-12-26 15:53:53.569,13925.898656898657,43.51843330280831,5305.853479853478,113.0,6303576.923178948,2643546.373847089,0.0325042834260163,0.0136314003354797,2.2721054083735948,5305.853479853478,2402.7008547008545,1828.8192918192929,846.990231990232,680.3345543345542,2.208287173773811,0.0,0.0,2510.692518644796,1625.8986357848662,15.0,19.0,1.0,0.7945410695069471,0.6609948645854076,95.0
2025-12-26 15:53:53.949,1,2025-12-26 15:53:53.991,14441.56043956044,45.12987637362637,4033.0,127.0,6211695.943341756,2115385.673522298,0.0297839260530822,0.0101428806317333,2.620231455127242,4033.0,3721.8534798534783,940.8192918192926,825.4029304029309,724.3345543345542,1.0835998842591965,0.0,0.0,2492.3274149561003,1454.4365484689588,15.0,19.0,1.0,0.7094392811142358,0.8115435220455121,42.0
2025-12-26 15:53:54.466,1,2025-12-26 15:53:54.414,7676.208791208792,23.988152472527474,3318.7008547008545,110.0,1663656.3382327068,830815.0212659761,0.0282338472682854,0.0140997295412219,2.4264422103477346,3318.7008547008545,857.2588522588524,649.4358974358975,542.990231990232,269.1965811965812,3.871293770781488,0.0,0.0,1289.8280266115737,911.4905491918038,15.0,19.0,1.0,0.734422756196802,0.2000348348090147,52.0
2025-12-26 15:53:55.042,1,2025-12-26 15:53:55.047,4193.192918192918,13.10372786935287,878.7008547008545,117.0,177942.91088432926,133017.92840607537,0.0101202444635762,0.0075652013717086,3.2202812453534087,878.7008547008545,531.3724053724054,394.4358974358975,331.2588522588524,250.8571428571429,1.6536441219287157,1.0,0.0,421.8327996781773,364.7162299734897,15.0,19.0,1.0,0.569166551405203,0.4815639627571301,5.0
2025-12-26 15:53:55.551,1,2025-12-26 15:53:55.470,30141.3431013431,94.1916971916972,8929.0,141.0,27218689.324167628,9531141.292977223,0.0299600136798345,0.0104910681084298,2.593635505430244,8929.0,5236.853479853478,3965.700854700856,1620.402930402931,1571.990231990232,1.7050314724956022,0.0,0.0,5217.153373648088,3087.254653082124,15.0,19.0,1.0,0.7074650729813229,0.7189642125662493,81.0
2025-12-26 15:53:56.043,1,2025-12-26 15:53:56.103,7656.26862026862,23.92583943833944,1909.0,115.0,816956.1337802325,782960.1117647866,0.013936843180409,0.0133568888744237,3.0063763026704007,1909.0,786.8571428571429,729.4358974358975,570.4029304029309,480.37240537240535,2.426107480025965,1.0,0.0,903.8562572556724,884.8503329743322,15.0,19.0,1.0,0.5846279170793709,0.7426252901688914,60.0
2025-12-26 15:53:56.577,1,2025-12-26 15:53:56.526,4361.0,13.628125,546.8571428571429,117.0,219447.3602840129,101778.89754137093,0.0115387346908232,0.0053516237075462,3.416697286164091,546.8571428571429,545.0,463.33455433455424,342.3724053724053,280.43589743589746,1.003407601570898,2.0,5.0,468.45208963565625,319.0280513393312,15.0,19.0,1.0,0.499426736986815,0.7233358503707681,51.0
2025-12-26 15:53:57.119,1,2025-12-26 15:53:57.160,38336.10256410256,119.8003205128205,9241.853479853478,144.0,47146813.94749181,10774675.934499083,0.0320801531602062,0.0073314233834608,2.630828324940287,9241.853479853478,5725.0,5275.700854700855,3631.334554334554,3011.990231990232,1.6142975510658275,0.0,0.0,6866.353759273681,3282.4801499017603,15.0,19.0,1.0,0.7013200957484399,0.6789569079704467,41.0
2025-12-26 15:53:57.620,1,2025-12-26 15:53:57.582,10617.96214896215,33.18113171550672,1623.857142857143,142.0,684747.1199668117,1212242.9323730024,0.0060736235259276,0.0107524471129679,3.2489064594976966,1623.857142857143,1347.3724053724054,982.0769230769232,888.4358974358975,747.4041514041514,1.2052029092930054,1.0,0.0,827.4944833452437,1101.019042693178,15.0,19.0,1.0,0.5263859902431751,0.7638175271681069,38.0
2025-12-26 15:53:58.088,1,2025-12-26 15:53:58.005,8454.626373626374,26.420707417582417,1549.076923076923,154.0,502626.5089769716,630631.2174429455,0.0070316387350477,0.0088223975793232,3.352137386511097,1549.076923076923,1042.6703296703297,673.3833943833944,599.6898656898657,546.4358974358975,1.485682366702832,2.0,4.0,708.9615708745937,794.1229233833673,15.0,19.0,1.0,0.5217565171202005,0.8675460574647325,83.0
2025-12-26 15:53:58.615,1,2025-12-26 15:53:58.638,19073.058608058607,59.603308150183146,6497.0,147.0,7227364.839631069,3586902.2003676235,0.0198673202317365,0.009860043907547,3.0058745622773584,6497.0,1718.3833943833945,1122.402930402931,868.2222222222222,843.990231990232,3.780879180532078,1.0,0.0,2688.375873949004,1893.9118776668631,15.0,19.0,1.0,0.579351167847271,0.7682787763905943,23.0
2025-12-26 15:53:59.192,1,2025-12-26 15:53:59.272,11394.75702075702,35.60861568986569,2130.924297924298,121.0,862223.9186863643,1368197.1551181576,0.0066406398718572,0.0105375232395336,3.221813591924949,2130.924297924298,1558.3833943833945,776.3724053724054,747.8571428571429,696.5409035409035,1.36739412496504,1.0,0.0,928.5601319711956,1169.699600375309,15.0,19.0,1.0,0.5186664474996401,0.7920371449456708,80.0
2025-12-26 15:53:59.717,1,2025-12-26 15:53:59.694,24756.63858363858,77.36449557387057,5834.700854700855,145.0,8912541.38414669,6312067.766795516,0.0145418013076992,0.0102988397303539,2.8953886842699665,5834.700854700855,4036.8534798534783,2018.990231990232,1652.6898656898657,1520.2588522588524,1.445358590253116,1.0,0.0,2985.387978830673,2512.382886185049,15.0,19.0,1.0,0.6084627859958335,0.5317860253021053,23.0
2025-12-26 15:54:00.264,1,2025-12-26 15:54:00.328,15339.7094017094,47.93659188034188,4264.853479853478,138.0,6226769.058779107,1694698.5908125092,0.0264623551653236,0.0072020843530444,2.9653934093629646,4264.853479853478,1519.3345543345542,1294.2222222222222,1061.8192918192926,870.869352869353,2.8070535667627285,0.0,0.0,2495.349486300287,1301.8058959816203,15.0,19.0,1.0,0.5874360892452205,0.8093891041644681,64.0
2025-12-26 15:54:00.866,1,2025-12-26 15:54:00.962,17871.228327228324,55.84758852258851,6139.853479853478,141.0,3863413.486918403,4415005.353803755,0.0120965739444732,0.0138236403916815,2.999191523834496,6139.853479853478,1213.8192918192926,1071.6898656898657,1050.857142857143,699.3724053724054,5.058292878708416,1.0,0.0,1965.5567880166689,2101.191412937849,15.0,19.0,1.0,0.5693840400487884,0.8642067358013739,96.0
2025-12-26 15:54:01.419,1,2025-12-26 15:54:01.384,21844.479853479854,68.26399954212454,9146.700854700855,138.0,13870040.189401802,7418883.676233932,0.0290666046372571,0.0155473059718793,2.418059613043388,9146.700854700855,3893.0,1601.2588522588524,755.990231990232,666.4029304029309,2.349525007628694,1.0,0.0,3724.250285547656,2723.7627789941494,15.0,19.0,1.0,0.7353506687774588,0.3687745690774593,35.0
2025-12-26 15:54:01.961,1,2025-12-26 15:54:02.018,10044.516483516483,31.38911401098901,1848.076923076923,131.0,623409.214082907,1059833.6287644147,0.0061789566073831,0.0105046025231026,3.3491793843920066,1848.076923076923,1159.857142857143,613.9487179487179,558.6898656898657,555.3724053724054,1.5933659886103348,1.0,0.0,789.5626726757712,1029.4822139135842,15.0,19.0,1.0,0.4714955730040852,0.6253914351240901,57.0
2025-12-26 15:54:02.510,1,2025-12-26 15:54:02.440,7802.208791208792,24.381902472527475,1549.076923076923,138.0,540726.6839816957,478339.7170065752,0.0088826523639675,0.0078578060671254,3.1588132800655657,1549.076923076923,1324.857142857143,537.990231990232,504.948717948718,499.61538461538464,1.1692407226148671,2.0,4.0,735.3412024235387,691.6210790646676,15.0,19.0,1.0,0.5660561667439805,0.6045908542538054,70.0
2025-12-26 15:54:03.087,1,2025-12-26 15:54:03.074,8258.583638583637,25.808073870573867,1700.857142857143,124.0,553330.4780326936,685389.0672932684,0.0081128500574659,0.0100490736634394,3.000791940102438,1700.857142857143,1320.076923076923,841.3345543345542,688.8412698412699,533.7228327228327,1.288453053850365,1.0,0.0,743.861867575354,827.8822786442939,15.0,19.0,1.0,0.6157027579252277,0.8015263654346153,13.0
2025-12-26 15:54:03.616,1,2025-12-26 15:54:03.708,20360.42612942613,63.626331654456656,8792.853479853478,136.0,12340055.580107093,5542801.291491823,0.0297675703933079,0.0133707442847003,2.37669152813899,8792.853479853478,2394.7008547008545,1607.8192918192926,1333.990231990232,971.8571428571428,3.671796192242228,1.0,0.0,3512.841525048788,2354.315461337292,15.0,19.0,1.0,0.7416947418106861,0.6881455436576722,92.0
2025-12-26 15:54:04.144,1,2025-12-26 15:54:04.130,19403.135531135533,60.63479853479854,4355.700854700855,146.0,9988706.470078943,2445216.7038216894,0.0265317206850406,0.0064949157125126,3.028365631027456,4355.700854700855,2681.8534798534783,1970.0,1333.990231990232,1163.2588522588524,1.6241382638611568,0.0,0.0,3160.4914918535924,1563.718869816979,15.0,19.0,1.0,0.5929352707113481,0.5343677695685781,14.0
2025-12-26 15:54:04.714,1,2025-12-26 15:54:04.764,22614.344322344325,70.66982600732601,9680.853479853478,127.0,16709349.61827136,8071610.621697056,0.032673190530832,0.0157830961562392,2.189852110648853,9680.853479853478,3389.7008547008545,3139.8192918192926,954.990231990232,740.3345543345542,2.855961010962122,0.0,0.0,4087.707134601421,2841.0580109700427,15.0,19.0,1.0,0.7917849908655418,0.7123840271671831,50.0
2025-12-26 15:54:05.292,1,2025-12-26 15:54:05.187,10783.542124542124,33.698569139194134,4016.8534798534783,127.0,3668845.945361306,1018458.765285172,0.0315505255429106,0.0087583152214821,2.671904745106646,4016.8534798534783,1022.0,845.4358974358975,795.885225885226,397.4029304029309,3.9303850096375226,0.0,0.0,1915.423176575168,1009.1871804998178,15.0,19.0,1.0,0.6563314217013265,0.8505671771107015,105.0
2025-12-26 15:54:05.834,1,2025-12-26 15:54:05.820,9935.587301587302,31.04871031746032,3042.7008547008545,116.0,2664384.719644529,910788.8749416112,0.0269904326846528,0.0092263649606585,2.8016570703935426,3042.7008547008545,1494.0,929.990231990232,799.2588522588524,398.8693528693529,2.036613691230802,0.0,0.0,1632.2943115886085,954.352594663844,15.0,19.0,1.0,0.6708027507094476,0.3774727960786353,14.0
2025-12-26 15:54:06.403,1,2025-12-26 15:54:06.454,4196.285714285714,13.113392857142856,859.3577533577534,108.0,381401.0334761328,69504.64243760447,0.0216596664543274,0.003947150741845,3.2471757767994207,859.3577533577534,469.8412698412698,285.8693528693529,241.2148962148962,233.33455433455424,1.8290384615345687,2.0,5.0,617.5767429851393,263.6373312670352,15.0,19.0,1.0,0.4979684342044427,0.4923008835651495,51.0
2025-12-26 15:54:06.976,1,2025-12-26 15:54:06.876,5340.727716727717,16.689774114774117,1163.7008547008545,151.0,497596.4704956385,108210.6710334381,0.0174452186439019,0.0037937544329873,3.4752971181652432,1163.7008547008545,625.869352869353,550.7032967032967,213.1965811965812,185.5409035409035,1.8593350982340109,1.0,0.0,705.4051817896141,328.9539041164249,15.0,19.0,1.0,0.5128535162786163,0.3623735041343099,100.0
2025-12-26 15:54:07.516,1,2025-12-26 15:54:07.510,36261.40415140415,113.31688797313798,13265.853479853478,127.0,30744283.03235892,21382729.30129652,0.0233816489103876,0.0162619980027686,2.310691293856117,13265.853479853478,6986.0,3997.8192918192926,2266.8571428571427,1853.402930402931,1.8989197652235297,1.0,0.0,5544.752747630765,4624.146332167324,15.0,19.0,1.0,0.7823727047766156,0.9334819175239631,6.0
2025-12-26 15:54:08.049,1,2025-12-26 15:54:08.144,33075.153846153844,103.35985576923076,13803.853479853478,141.0,29751320.11666692,18826674.92555701,0.0271958410982516,0.0172095644050785,2.2432141413109976,13803.853479853478,5410.0,3469.8192918192926,2095.334554334554,1538.402930402931,2.551544081303313,1.0,0.0,5454.477070871865,4338.971643783468,15.0,19.0,1.0,0.7956851955647,0.9513766166377532,95.0
2025-12-26 15:54:08.613,1,2025-12-26 15:54:08.566,11297.395604395604,35.30436126373626,2596.8534798534783,133.0,3213004.3240636303,880670.1681123789,0.0251741396081837,0.0069001194909019,3.014449309602039,2596.8534798534783,2033.0,871.8192918192926,638.1062271062272,514.5750915750916,1.2773504573793413,0.0,0.0,1792.4855157193406,938.4402847876784,15.0,19.0,1.0,0.5890166480285436,0.7595258699558055,47.0
2025-12-26 15:54:09.206,1,2025-12-26 15:54:09.200,7825.041514041512,24.45325473137973,2399.8534798534783,130.0,1274946.4258567344,392444.4961866408,0.0208218174809587,0.0064092165014024,3.115004891954096,2399.8534798534783,574.869352869353,567.8571428571429,426.990231990232,361.5409035409035,4.174606748247899,1.0,0.0,1129.135255785034,626.4539058754768,15.0,19.0,1.0,0.5534936911630013,0.7236683706499087,6.0
2025-12-26 15:54:09.742,1,2025-12-26 15:54:09.834,16724.291819291822,52.26341193528695,4854.700854700855,129.0,4480064.059577055,2575395.278864286,0.0160172793578819,0.009207641919842,2.7590364844420465,4854.700854700855,2970.8571428571427,1322.990231990232,1231.3345543345542,895.2588522588524,1.63410780837154,1.0,0.0,2116.6161814502543,1604.8038132009426,15.0,19.0,1.0,0.6741775232081785,0.4505922562977041,92.0
2025-12-26 15:54:10.282,1,2025-12-26 15:54:10.256,12235.272283272285,38.23522588522589,2059.8571428571427,145.0,1048192.4284899912,1420821.9738652664,0.0070018651305815,0.0094910090601425,3.2584493586541186,2059.8571428571427,1790.7008547008545,1118.3724053724054,730.5750915750916,648.0769230769231,1.1503077900747982,1.0,0.0,1023.812692092646,1191.982371457425,15.0,19.0,1.0,0.5187937195529463,0.6542408066192125,26.0
2025-12-26 15:54:10.839,1,2025-12-26 15:54:10.890,18075.11233211233,56.48472603785103,8507.853479853478,127.0,6984364.146299357,6352244.152409318,0.0213778912884116,0.0194430848797606,2.394257148907344,8507.853479853478,2475.8192918192926,1158.990231990232,679.8571428571429,518.3724053724054,3.436379023284152,1.0,0.0,2642.7947605327504,2520.365876695151,15.0,19.0,1.0,0.7380807547287173,0.8573388337379081,51.0
2025-12-26 15:54:11.394,1,2025-12-26 15:54:11.312,14178.621489621488,44.30819215506715,8192.853479853478,137.0,5748209.662077514,4556809.081112715,0.0285933198730331,0.0226669358489451,2.043194552842646,8192.853479853478,1381.8192918192926,663.8571428571429,626.0,523.990231990232,5.929033939785934,1.0,0.0,2397.542421330124,2134.668377315951,15.0,19.0,1.0,0.8032177285256925,0.8838916454986595,82.0
2025-12-26 15:54:11.914,1,2025-12-26 15:54:11.946,10647.609279609282,33.27377899877901,5078.0,116.0,2252572.808193231,2514194.3695699954,0.019868936652468,0.0221765833624912,2.5070029131747646,5078.0,845.4029304029309,459.8571428571428,455.6898656898657,360.8693528693529,6.006603262628564,1.0,0.0,1500.857357710329,1585.621130525825,15.0,19.0,1.0,0.676191162048615,0.8150807899460634,32.0
2025-12-26 15:54:12.455,1,2025-12-26 15:54:12.368,8358.284493284493,26.11963904151404,2252.8534798534783,116.0,1137256.8675302598,612021.658325972,0.0162788705458065,0.0087605725949623,3.0006764316215007,2252.8534798534783,1415.0854700854702,468.8571428571428,444.7521367521367,421.81929181929263,1.592026437608617,1.0,0.0,1066.4224620338132,782.3181311499638,15.0,19.0,1.0,0.5986117755846793,0.6668550647255366,87.0
2025-12-26 15:54:13.029,1,2025-12-26 15:54:13.002,3654.638583638584,11.420745573870574,527.3345543345542,109.0,159698.55406009342,42030.307304162736,0.0119567215123607,0.0031468329971585,3.469675817067927,527.3345543345542,328.0769230769231,302.6898656898657,228.22222222222223,198.35775335775332,1.6073503414603303,1.0,0.0,399.6230149279361,205.0129442356329,15.0,19.0,1.0,0.4336082166305936,0.6854627016561619,27.0
2025-12-26 15:54:13.548,1,2025-12-26 15:54:13.636,17979.015873015873,56.184424603174605,6601.853479853478,149.0,6351116.293818492,4170764.9205586007,0.0196479947492304,0.0129027974718662,2.746570908813668,6601.853479853478,2077.8192918192926,1467.7008547008545,1035.3345543345542,1014.8571428571428,3.1772991548605094,1.0,0.0,2520.1421177819498,2042.2450686826496,15.0,19.0,1.0,0.6784334253729415,0.8126057144082997,88.0
2025-12-26 15:54:14.116,1,2025-12-26 15:54:14.058,7319.279609279609,22.872748778998776,3558.7008547008545,129.0,1216754.4714497558,947894.6700409682,0.022712569766137,0.0176938933280459,2.4782367176341933,3558.7008547008545,932.2588522588524,342.8693528693529,244.0769230769231,148.22222222222223,3.817288348696659,1.0,0.0,1103.065941569114,973.5988239726712,15.0,19.0,1.0,0.71402221039645,0.2267914368027662,58.0
2025-12-26 15:54:14.668,1,2025-12-26 15:54:14.692,6212.484737484736,19.4140148046398,1255.8534798534783,123.0,942734.4086762952,193156.57269517373,0.0244263563722505,0.0050047088945438,3.1052047163367025,1255.8534798534783,834.7008547008545,710.990231990232,499.8852258852259,296.2588522588524,1.5045551622228237,1.0,0.0,970.945111052265,439.4958164706164,15.0,19.0,1.0,0.5791062347373538,0.5475309181852587,24.0
2025-12-26 15:54:15.250,1,2025-12-26 15:54:15.326,7860.4407814407805,24.56387744200244,1807.3345543345545,158.0,924615.5987713424,306103.305683168,0.0149646793494887,0.0049542078064161,3.3002590040501856,1807.3345543345545,858.990231990232,641.869352869353,511.8571428571428,470.7008547008545,2.10402224265689,1.0,0.0,961.5693416344672,553.2660351794316,15.0,19.0,1.0,0.5458666067280157,0.6576492135934024,76.0
2025-12-26 15:54:15.779,1,2025-12-26 15:54:15.748,13717.6105006105,42.86753281440782,8672.853479853478,109.0,6084039.736071083,5076258.879866194,0.0323321888838945,0.026976576098658,1.6900479553748946,8672.853479853478,1607.8192918192926,758.0,389.1965811965812,378.8571428571428,5.394171797773684,0.0,0.0,2466.584629821382,2253.0554542368,15.0,19.0,1.0,0.8606984791702738,0.904766232331608,31.0
2025-12-26 15:54:16.274,1,2025-12-26 15:54:16.171,10368.684981684984,32.40214056776557,3329.7008547008545,124.0,3267769.353154377,1461667.668852583,0.0303951321045646,0.0135956908479049,2.3043469868569177,3329.7008547008545,3229.0,852.4029304029309,593.2588522588524,259.8852258852259,1.031186390430419,0.0,0.0,1807.6972515203915,1208.9944866923847,15.0,19.0,1.0,0.7970391498868807,0.5216958925702456,103.0
2025-12-26 15:54:16.816,1,2025-12-26 15:54:16.804,17708.87423687424,55.340231990232,8407.853479853478,141.0,9428573.325727232,5290390.217117778,0.0300651984949821,0.0168696393927964,2.2621872876945472,8407.853479853478,2118.7008547008545,2036.8192918192929,575.1807081807082,428.2588522588524,3.968400475789037,0.0,0.0,3070.598203237804,2300.084828243901,15.0,19.0,1.0,0.7661025204280333,0.8107345723479448,12.0
2025-12-26 15:54:17.327,1,2025-12-26 15:54:17.227,6084.623931623932,19.014449786324786,776.3724053724054,133.0,163666.54601838783,340110.87198872253,0.004420714161164,0.0091865624633972,3.544038915346246,776.3724053724054,723.8571428571429,553.0769230769231,299.6898656898657,258.40415140415143,1.0725492081309118,2.0,6.0,404.5572221804819,583.190253681183,15.0,19.0,1.0,0.4291802612200389,0.679359910998749,100.0
2025-12-26 15:54:17.827,1,2025-12-26 15:54:17.861,10924.520146520146,34.13912545787546,2419.8571428571427,141.0,1351211.1302251983,1188740.970167451,0.0113218780868413,0.0099605309932773,3.0022399203739987,2419.8571428571427,1390.076923076923,1197.7008547008545,1022.4041514041514,661.9487179487179,1.740808082403864,2.0,5.0,1162.4160744867554,1090.293983367537,15.0,19.0,1.0,0.6125658335774882,0.5178262831805114,34.0
2025-12-26 15:54:18.302,1,2025-12-26 15:54:18.283,46087.68131868132,144.0240041208791,7269.076923076923,128.0,19034045.33872165,35383597.76213114,0.0089611011806069,0.0166583610597645,2.8611513666281976,7269.076923076923,6155.857142857143,6098.0,4543.853479853478,3242.6898656898657,1.180839118644965,1.0,0.0,4362.802463866735,5948.41136456879,15.0,19.0,1.0,0.5925548135659218,0.7874380550466741,19.0
2025-12-26 15:54:18.850,1,2025-12-26 15:54:18.917,18861.29304029304,58.94154075091575,6216.853479853478,143.0,4517432.41736978,3788858.744433482,0.0126983922707773,0.0106503894580439,2.875072046529968,6216.853479853478,1751.8192918192926,1363.857142857143,1175.6898656898657,1052.4041514041514,3.5487983885561776,1.0,0.0,2125.425232128804,1946.4990995203368,15.0,19.0,1.0,0.6129284936577024,0.7741878098700867,67.0
2025-12-26 15:54:19.382,1,2025-12-26 15:54:19.339,15172.58485958486,47.41432768620269,4452.853479853478,139.0,3071541.620579408,2496498.196891631,0.0133425013137049,0.0108445642567608,3.0611230444573154,4452.853479853478,1308.6898656898657,1074.7008547008545,699.4847374847375,634.8571428571429,3.402527670299325,1.0,0.0,1752.5814162484455,1580.0310746601256,15.0,19.0,1.0,0.538509829155709,0.7787101068398753,43.0
2025-12-26 15:54:19.850,1,2025-12-26 15:54:19.762,41526.9768009768,129.7718025030525,6904.076923076923,144.0,14953146.350096729,23994379.71710984,0.0086710552482069,0.0139139006134431,3.057673209229043,6904.076923076923,4391.853479853478,3818.0,3767.6898656898657,3484.8571428571427,1.5720189561755793,1.0,0.0,3866.929835165972,4898.405834259738,15.0,19.0,1.0,0.5386011488067382,0.8875785880128783,88.0
2025-12-26 15:54:20.341,1,2025-12-26 15:54:20.395,19059.196581196586,59.55998931623932,3008.4847374847377,155.0,2646536.2140078354,3547268.8234763057,0.007285656005864,0.009765285005882,3.273613452408583,3008.4847374847377,2214.924297924298,1976.6703296703297,1345.0,1043.4786324786326,1.3582788090332305,1.0,0.0,1626.8178183213497,1883.4194496915195,15.0,19.0,1.0,0.503093504319976,0.7286058563634208,54.0
2025-12-26 15:54:20.916,1,2025-12-26 15:54:20.818,13204.747252747256,41.264835164835176,3462.924297924298,145.0,1866354.1216662864,1811000.5674783413,0.0107036984215634,0.0103862411160546,3.1116623399076486,3462.924297924298,1353.6703296703297,1143.857142857143,998.1062271062272,852.6898656898657,2.5581740413599032,1.0,0.0,1366.145717581505,1345.7342113056134,15.0,19.0,1.0,0.5915484570613146,0.878664738178233,98.0
2025-12-26 15:54:21.414,1,2025-12-26 15:54:21.452,2607.882783882784,8.1496336996337,426.3577533577534,120.0,37362.84821363349,17928.967271591533,0.0054936861000161,0.0026362047594553,3.797303147104053,426.3577533577534,158.37240537240535,150.84126984126982,128.002442002442,122.67032967032966,2.692121473766221,1.0,0.0,193.29471853528096,133.89909361751307,15.0,19.0,1.0,0.3781781168766481,0.5124282723177875,38.0
2025-12-26 15:54:21.890,1,2025-12-26 15:54:21.874,10941.238095238095,34.19136904761905,2847.6898656898657,125.0,1286854.577069529,1184867.4919812125,0.0107497046897833,0.0098977583499196,3.0000818328024,2847.6898656898657,1225.4786324786326,1037.722832722833,769.0769230769231,539.5750915750916,2.3237368569436843,1.0,0.0,1134.3961288145906,1088.516188203562,15.0,19.0,1.0,0.5867291516429668,0.7195226715607662,16.0
2025-12-26 15:54:22.388,1,2025-12-26 15:54:22.296,23359.00122100122,72.99687881562882,5361.076923076923,115.0,7239479.00877415,10342411.554221082,0.0132677956664152,0.0189545412084306,2.468070663832883,5361.076923076923,3939.857142857143,3564.948717948718,2787.4041514041514,2066.0,1.3607287596188744,1.0,0.0,2690.627995240916,3215.9619951456334,15.0,19.0,1.0,0.7585635519105762,0.6519962707689879,92.0
2025-12-26 15:54:22.929,1,2025-12-26 15:54:22.930,10986.84249084249,34.33388278388278,2080.8534798534783,109.0,928805.7269895682,1298616.3323175614,0.0076944766790355,0.0107580872874445,2.961258178093311,2080.8534798534783,1779.857142857143,1477.076923076923,719.3724053724054,460.33455433455424,1.1691126381704924,1.0,0.0,963.7456754712668,1139.5684851370545,15.0,19.0,1.0,0.5932090599211036,0.8061774190106114,1.0
2025-12-26 15:54:23.439,1,2025-12-26 15:54:23.353,9776.288156288156,30.550900488400487,2007.3577533577527,125.0,1346284.8505336668,646941.3928369421,0.0140860417391868,0.0067688821267627,3.2021594768447823,2007.3577533577527,1084.076923076923,634.5750915750916,530.2148962148962,505.4029304029309,1.851674646535636,1.0,0.0,1160.295156644923,804.3266704747158,15.0,19.0,1.0,0.4870588426308205,0.5855511204253795,86.0
2025-12-26 15:54:23.944,1,2025-12-26 15:54:23.986,11538.627594627593,36.058211233211225,3649.8534798534783,146.0,3018045.408746742,1429624.3051590056,0.0226682219377854,0.0107377579353432,2.8486508052526,3649.8534798534783,1525.0,936.8192918192926,699.7008547008545,688.3345543345542,2.393346544164646,1.0,0.0,1737.2522582361903,1195.6689780867468,15.0,19.0,1.0,0.6499653549958929,0.8020370288850173,42.0
2025-12-26 15:54:24.436,1,2025-12-26 15:54:24.409,4305.020757020758,13.453189865689868,902.869352869353,103.0,424219.48842182616,124268.6592075867,0.0228897008238746,0.0067051903759246,2.915654432887393,902.869352869353,689.0,528.8412698412699,396.0854700854701,309.4029304029309,1.3104054468331532,0.0,0.0,651.3213403703476,352.51760127344943,15.0,19.0,1.0,0.6564890584068187,0.7972557810794639,27.0
2025-12-26 15:54:25.004,1,2025-12-26 15:54:25.042,8339.948717948719,26.062339743589742,3352.8534798534783,126.0,1403556.9324272857,809790.215214495,0.020179168799125,0.0116424870749157,2.8133308140655746,3352.8534798534783,559.0,469.81929181929263,427.22222222222223,311.33455433455424,5.99794898004916,0.0,0.0,1184.718081413163,899.8834453497269,15.0,19.0,1.0,0.6139401717434417,0.8674070898734585,38.0
2025-12-26 15:54:25.492,1,2025-12-26 15:54:25.465,32615.9242979243,101.92476343101345,9833.853479853478,123.0,17167186.620481413,11815466.53902402,0.0161376297608077,0.0111068650136591,2.895485652700774,9833.853479853478,3385.7008547008545,3347.8571428571427,2323.8192918192926,1238.990231990232,2.90452520818454,1.0,0.0,4143.33037790633,3437.3633120495165,15.0,19.0,1.0,0.6171899596450033,0.7377843253716524,27.0
2025-12-26 15:54:25.962,1,2025-12-26 15:54:25.887,23547.792429792426,73.58685134310133,6811.853479853478,135.0,12084420.706223575,7235967.911111394,0.0217934225053938,0.013049570993594,2.698323946901432,6811.853479853478,4970.0,1692.8192918192926,1450.402930402931,907.2222222222222,1.3705942615396594,1.0,0.0,3476.2653388692265,2689.975448049925,15.0,19.0,1.0,0.6723474385762969,0.884676382564774,75.0
2025-12-26 15:54:26.478,1,2025-12-26 15:54:26.521,11868.157509157509,37.087992216117215,4269.700854700855,135.0,2066149.8121998224,1787372.6708914917,0.0146688208709591,0.0126896168826404,3.066393661549996,4269.700854700855,1216.2588522588524,573.4358974358975,451.8315018315018,358.16849816849816,3.5105198591299853,1.0,0.0,1437.410801475981,1336.9265764773666,15.0,19.0,1.0,0.5788089346720059,0.2656043644349927,43.0
2025-12-26 15:59:03.607,2,2025-12-26 15:59:03.661,103930.76434676436,324.7836385836386,14245.598290598293,155.0,88892916.5168195,160660697.58332977,0.0082296035242762,0.0148737817910866,2.9409842724050845,14245.598290598293,13553.402930402932,11302.01343101343,8941.819291819293,7934.076923076923,1.0510717023428542,2.0,5.0,9428.30401062776,12675.200100327009,15.0,19.0,1.0,0.5385980870894369,0.9623498765779172,54.0
2025-12-26 15:59:04.234,2,2025-12-26 15:59:04.295,602769.1440781441,1883.6535752442005,273521.4029304029,129.0,9724383027.469284,8365219385.561084,0.0267645552802655,0.0230237101977527,1.836286979887675,273521.4029304029,77157.8192918193,76754.5982905983,51239.0,48551.258852258856,3.544960257312504,1.0,0.0,98612.28639205809,91461.57327293842,15.0,19.0,1.0,0.8746699869174593,0.8814402039067832,61.0
2025-12-26 15:59:04.895,2,2025-12-26 15:59:04.928,120475.86080586082,376.4870650183151,30773.40293040293,128.0,198812593.428211,280059860.84402955,0.0136975790182494,0.0192952670029739,2.6369050689763505,30773.40293040293,24299.81929181929,15079.0,5804.857142857143,5784.598290598291,1.266404600003003,1.0,0.0,14100.091965239482,16734.98911992564,15.0,19.0,1.0,0.6784900901218585,0.9257445216481208,33.0
2025-12-26 15:59:05.528,2,2025-12-26 15:59:05.562,82901.29548229549,259.06654838217344,23396.40293040293,155.0,96977479.28178622,123712183.91629902,0.0141106901959202,0.0180007184516648,2.5663509064077026,23396.40293040293,14272.819291819293,10640.853479853478,8063.0,4023.924297924298,1.6392278534494815,1.0,0.0,9847.714419183074,11122.597894210645,15.0,19.0,1.0,0.7285410879121633,0.9373472824185042,34.0
2025-12-26 15:59:06.148,2,2025-12-26 15:59:06.196,69576.45787545788,217.42643086080588,16868.40293040293,149.0,66537778.587398216,53830997.01741819,0.0137449659174894,0.0111200769700631,2.907638936747761,16868.40293040293,7912.819291819293,5466.013431013431,4617.015873015873,4269.700854700855,2.1317816454926857,1.0,0.0,8157.069240076255,7336.961020573722,15.0,19.0,1.0,0.5624596821384862,0.8459235444798887,48.0
2025-12-26 15:59:06.781,2,2025-12-26 15:59:06.829,217972.3797313797,681.1636866605617,33829.07692307692,120.0,467469583.3745546,504917711.1491767,0.009838987906358,0.0106271711152644,2.886149728932654,33829.07692307692,29189.40293040293,28627.01343101343,18747.689865689867,14003.421245421245,1.158950630259047,2.0,5.0,21621.044918656327,22470.37407675219,15.0,19.0,1.0,0.5706989323551228,0.8191985868380112,48.0
2025-12-26 15:59:07.391,2,2025-12-26 15:59:07.463,1977678.6605616603,6180.245814255189,730629.8192918192,135.0,97496624670.58072,73925657955.57388,0.024927465610074,0.0189009548034714,1.98271138333214,730629.8192918192,325782.01587301586,235154.40293040287,227899.01343101345,119864.23443223444,2.242695372038596,1.0,0.0,312244.49502045783,271892.73244346544,15.0,19.0,1.0,0.8289160006878549,0.9808900769933198,72.0
2025-12-26 15:59:08.004,2,2025-12-26 15:59:08.097,772781.757020757,2414.9429906898654,210192.23443223443,118.0,13484132797.760712,7789248081.122656,0.0225792388985937,0.0130431297215708,2.2944330988944386,210192.23443223443,130190.22588522588,102547.01343101345,82207.42124542124,76278.01587301587,1.6145008813298758,1.0,0.0,116121.1987440739,88256.71691787915,15.0,19.0,1.0,0.778246775888572,0.9768687723823798,93.0
2025-12-26 15:59:08.632,2,2025-12-26 15:59:08.730,581233.3406593406,1816.35418956044,189816.23443223443,112.0,6356924255.165254,5526318644.221235,0.0188168100166295,0.0163581763515861,2.3372011985426897,189816.23443223443,121998.442002442,65579.22588522588,32777.01587301587,32708.641025641027,1.555890643492262,1.0,0.0,79730.32205607384,74339.21336832423,14.0,19.0,1.0,0.761965166547679,0.9170823914233676,98.0
2025-12-26 15:59:09.271,2,2025-12-26 15:59:09.364,192490.3894993895,601.5324671855922,27214.442002442003,122.0,283198238.2903136,323857142.9044476,0.0076431510897632,0.0087404818958663,2.9762249611479046,27214.442002442003,25921.07692307692,19419.85714285714,17710.404151404153,13764.641025641024,1.049896271023083,1.0,0.0,16828.494831395754,17996.03130983183,15.0,19.0,1.0,0.5404447542340842,0.8029136433933464,93.0
2025-12-26 15:59:09.883,2,2025-12-26 15:59:09.787,62524.50305250305,195.38907203907203,10849.853479853478,153.0,36266234.30584199,33842635.72514165,0.0092768805758793,0.0086569255398141,2.974849293009853,10849.853479853478,10674.603174603177,6846.796092796093,4850.442002442002,3929.3333333333335,1.016417500714803,1.0,0.0,6022.145324204821,5817.4423697310185,15.0,19.0,1.0,0.5941835003763412,0.9348757589893594,96.0
2025-12-26 15:59:10.501,2,2025-12-26 15:59:10.420,91037.78388278389,284.4930746336996,14766.924297924295,159.0,60250239.586667046,107610722.75676298,0.0072696821672831,0.0129841102309311,2.961683287752562,14766.924297924295,9301.670329670327,8948.689865689867,8527.442002442003,7501.383394383394,1.5875561887868026,1.0,0.0,7762.102781248586,10373.558827941495,15.0,19.0,1.0,0.5387445497713224,0.9463201857243756,81.0
2025-12-26 15:59:11.136,2,2025-12-26 15:59:11.054,50073.08669108669,156.4783959096459,13710.076923076924,144.0,38212918.34398316,40518574.38973479,0.015240579432729,0.0161601515468898,2.6044249776936,13710.076923076924,8823.857142857143,5281.67032967033,3774.404151404152,3522.6898656898657,1.553751007196846,1.0,0.0,6181.659837291531,6365.420205275908,15.0,19.0,1.0,0.7012289581690195,0.7863819474819777,82.0
2025-12-26 15:59:11.735,2,2025-12-26 15:59:11.688,63143.52747252747,197.3235233516484,13930.540903540905,127.0,33484052.353114,31793007.622418184,0.0083980862894683,0.00797395782921,3.111069337980599,13930.540903540905,7556.035409035409,5373.168498168498,3639.5824175824177,3218.924297924298,1.843630971723756,1.0,0.0,5786.540620536072,5638.528852672316,15.0,19.0,1.0,0.5339937896393443,0.3220642995455638,47.0
2025-12-26 15:59:12.325,2,2025-12-26 15:59:12.321,54556.60317460317,170.4893849206349,10977.246642246642,151.0,40088343.88888721,31591921.677404314,0.0134686314959183,0.0106140566070833,2.9766692016794853,10977.246642246642,8161.1623931623935,5909.168498168498,4422.540903540904,3066.5824175824177,1.3450592101245629,1.0,0.0,6331.535665925543,5620.669148544888,15.0,19.0,1.0,0.5963842864367797,0.1860916123944498,4.0
2025-12-26 15:59:12.985,2,2025-12-26 15:59:12.955,56603.55677655678,176.88611492673994,14071.853479853478,148.0,25796169.27948664,32038191.907399982,0.0080513327338433,0.0099995522762493,3.06748454312787,14071.853479853478,7509.076923076923,3605.2466422466414,3554.6898656898657,3004.8192918192926,1.8739791353855928,1.0,0.0,5078.992939499585,5660.228962453726,15.0,19.0,1.0,0.5608426044321229,0.7064455947738959,30.0
2025-12-26 15:59:13.602,2,2025-12-26 15:59:13.589,200334.1123321123,626.044101037851,45495.168498168496,141.0,633214872.3275743,635067982.7001595,0.0157776128262364,0.0158237861858031,2.496520490100105,45495.168498168496,40410.16239316239,32759.196581196586,25618.43101343101,6002.700854700855,1.1258348347015157,2.0,3.0,25163.761092642217,25200.555206188605,15.0,19.0,1.0,0.7501750829709731,0.1231635578166426,13.0
2025-12-26 15:59:14.216,2,2025-12-26 15:59:14.223,58196.04151404152,181.8626297313797,9634.162393162393,103.0,29137845.70618742,44367303.8304527,0.0086034085995474,0.0131001463581981,3.0858178996844723,9634.162393162393,8974.431013431013,6200.196581196581,5000.246642246642,3879.168498168498,1.073512335070932,1.0,0.0,5397.948286727784,6660.878607995547,15.0,17.0,0.8947368421052632,0.5788745119386903,0.2645709657463156,7.0
2025-12-26 15:59:14.835,2,2025-12-26 15:59:14.856,313204.3626373626,978.7636332417582,101007.431013431,145.0,1582785629.9809077,2015141649.229943,0.0161349079916055,0.0205423428697477,2.4412390107088378,101007.431013431,47380.59829059829,32869.16239316239,25488.25885225885,17961.40293040293,2.1318310586523714,1.0,0.0,39784.23846174396,44890.3291281089,15.0,19.0,1.0,0.7174448388511914,0.3254410504318981,21.0
2025-12-26 15:59:15.467,2,2025-12-26 15:59:15.490,60507.73870573871,189.08668345543347,9524.246642246642,148.0,26338851.172153883,40236292.98055387,0.0071940753578619,0.0109899601137176,3.126041148155346,9524.246642246642,7820.404151404151,5366.372405372405,4670.168498168498,3465.948717948718,1.2178714114839382,1.0,0.0,5132.139044507065,6343.208413772471,15.0,19.0,1.0,0.5098048790941561,0.4620445324726345,23.0
2025-12-26 15:59:16.067,2,2025-12-26 15:59:16.124,175281.45054945053,547.7545329670329,32455.81929181929,148.0,293800478.2357085,537770894.2782369,0.0095627010976198,0.0175035192313634,2.801289618198717,32455.81929181929,24458.01587301588,21268.40293040293,14194.598290598293,12571.853479853478,1.327001317699934,2.0,4.0,17140.60903922928,23189.887759069403,15.0,19.0,1.0,0.5987438461782988,0.911740182062532,57.0
2025-12-26 15:59:16.707,2,2025-12-26 15:59:16.757,61604.43345543345,192.51385454822952,13772.819291819293,116.0,34324734.17922879,58503341.07722442,0.0090444725857719,0.0154154686759153,3.006992954488993,13772.819291819293,9018.402930402932,6820.598290598291,4514.015873015873,3181.670329670329,1.5271905012567908,2.0,4.0,5858.731447952602,7648.747680321559,15.0,19.0,1.0,0.6055977568967583,0.9172682555334232,50.0
2025-12-26 15:59:17.360,2,2025-12-26 15:59:17.391,260669.52991453,814.592280982906,86404.5982905983,131.0,1306576910.9008458,1185282945.3924682,0.0192289000411151,0.0174438160411667,2.2859921020657024,86404.5982905983,47072.43101343101,28841.25885225885,25145.40293040293,14937.136752136752,1.8355669429085348,2.0,4.0,36146.6030340452,34427.93844238235,15.0,19.0,1.0,0.7764652351396483,0.6659410142506818,31.0
2025-12-26 15:59:17.999,2,2025-12-26 15:59:18.025,132593.16971916973,414.3536553724054,46290.59829059829,150.0,361608650.0549632,343816543.4676536,0.0205682103467105,0.0195561997359487,2.2364030216440347,46290.59829059829,20985.40293040293,17656.431013431014,15025.258852258852,8307.015873015873,2.20584748570788,2.0,4.0,19016.01036113946,18542.29067476976,15.0,19.0,1.0,0.8165179789351827,0.7037842471420461,26.0
2025-12-26 15:59:18.614,2,2025-12-26 15:59:18.659,98878.3028083028,308.99469627594624,20968.25885225885,136.0,119500589.03635678,127740901.11713012,0.0122227249600217,0.0130655581959097,2.686933594295393,20968.25885225885,18641.01587301588,10329.598290598293,8658.700854700855,7817.402930402931,1.124845287139672,2.0,5.0,10931.632496400378,11302.25203740963,15.0,19.0,1.0,0.6716840288989998,0.5436900332459291,45.0
2025-12-26 15:59:19.273,2,2025-12-26 15:59:19.292,97715.3833943834,305.36057310744815,27266.01587301588,158.0,122195677.81517395,133432341.1015555,0.0127976422045425,0.0139744661224026,2.831014226994496,27266.01587301588,14146.234432234432,6806.924297924298,5351.641025641025,4611.857142857143,1.9274398429934128,2.0,3.0,11054.215386682765,11551.291750343573,15.0,19.0,1.0,0.5954300208478378,0.9311983162482246,19.0
2025-12-26 15:59:19.903,2,2025-12-26 15:59:19.926,46905.66666666667,146.58020833333336,13104.598290598293,138.0,33728553.55259515,29637535.74282546,0.0153301742407563,0.0134707403415821,2.578201366087004,13104.598290598293,10301.015873015873,3678.700854700856,3093.076923076923,2241.258852258852,1.2721656244531472,2.0,4.0,5807.628909683809,5444.036713949076,15.0,19.0,1.0,0.6911457207085875,0.7635960217453408,23.0
2025-12-26 15:59:20.530,2,2025-12-26 15:59:20.560,68890.78876678876,215.2837148962149,16183.431013431013,158.0,49812865.01357813,64988126.43535292,0.0104958884560725,0.0136934128532592,2.9222242154674736,16183.431013431013,8052.1623931623935,7076.598290598291,4551.857142857143,4130.689865689866,2.0098242215248154,2.0,4.0,7057.822965587769,8061.521347447572,15.0,19.0,1.0,0.5805527766727937,0.4212433985337032,30.0
2025-12-26 15:59:21.230,2,2025-12-26 15:59:21.193,67590.53113553114,211.22040979853483,11837.015873015873,157.0,45616281.007103816,50874504.95726821,0.0099850020168104,0.01113598091268,3.022421195821869,11837.015873015873,11117.598290598293,6297.853479853478,4718.404151404151,3703.4310134310135,1.064709801848561,2.0,4.0,6753.982603405477,7132.636606281593,15.0,19.0,1.0,0.5573902464645307,0.6113739010013974,37.0
2025-12-26 15:59:21.832,2,2025-12-26 15:59:21.827,86941.33577533579,271.69167429792435,15385.136752136752,155.0,76020470.1955821,102328724.15385364,0.0100572196338184,0.0135377017665898,2.9625017312217774,15385.136752136752,11965.598290598293,9639.431013431013,7284.1623931623935,6682.015873015873,1.285780817514491,2.0,5.0,8718.971854271702,10115.76611798897,15.0,19.0,1.0,0.5861003154359107,0.6317746234341993,5.0
2025-12-26 15:59:22.459,2,2025-12-26 15:59:22.461,56091.6568986569,175.2864278083028,21546.59829059829,151.0,58228273.43969345,51959058.51745201,0.0185070575314163,0.0165144736131777,2.4321849672581024,21546.59829059829,5978.015873015873,4524.136752136752,4023.4310134310135,3101.402930402931,3.604305968449119,1.0,0.0,7630.745274197891,7208.263210888737,15.0,19.0,1.0,0.6983852327692992,0.7263319474903445,2.0
2025-12-26 15:59:23.125,2,2025-12-26 15:59:23.094,45917.58608058609,143.49245650183153,8548.598290598291,139.0,18121230.51391888,26660571.41065644,0.0085946775407032,0.0126447822706898,2.8616442949896914,8548.598290598291,7825.015873015873,5300.404151404151,2917.076923076923,2647.8192918192926,1.0924704089197517,2.0,3.0,4256.903864772949,5163.387590589771,15.0,19.0,1.0,0.5932131206137278,0.6959701358033592,31.0
2025-12-26 15:59:23.754,2,2025-12-26 15:59:23.728,153191.1037851038,478.7221993284494,53929.59829059829,148.0,428851461.9203434,418545920.0243937,0.0182742601889435,0.0178351194357528,2.4337881027451536,53929.59829059829,20182.43101343101,11432.402930402932,10654.136752136752,10633.015873015873,2.6721061627663447,1.0,0.0,20708.72912373773,20458.39485454305,15.0,19.0,1.0,0.6973746008739993,0.7503587935533145,26.0
2025-12-26 15:59:24.394,2,2025-12-26 15:59:24.362,45245.00366300367,141.39063644688648,7895.924297924298,152.0,12490777.512142532,36356552.59350469,0.0061016629966691,0.0177599377965536,3.109457311278124,7895.924297924298,5445.383394383394,3460.8192918192926,3348.8571428571427,3306.670329670329,1.450021738793828,2.0,3.0,3534.229408533426,6029.6395077570505,15.0,19.0,1.0,0.518458449719057,0.8987969664443487,32.0
2025-12-26 15:59:25.052,2,2025-12-26 15:59:24.996,67419.93772893773,210.6873054029304,21657.59829059829,137.0,58656589.80215241,73821252.43587543,0.0129044683293292,0.0162406989104439,2.787648762996382,21657.59829059829,8219.431013431013,6170.402930402931,3692.6703296703295,2792.7228327228327,2.6349267066304125,2.0,4.0,7658.759024943428,8591.92949434965,15.0,19.0,1.0,0.6308642047079344,0.7872463352679275,56.0
2025-12-26 15:59:25.673,2,2025-12-26 15:59:25.629,96763.20390720392,302.38501221001223,12413.670329670327,138.0,59576175.70962236,146073008.4575343,0.0063628566959654,0.0156008942986537,2.892236518726249,12413.670329670327,11887.689865689868,11813.924297924295,9489.598290598293,8021.484737484738,1.0442458097344465,2.0,5.0,7718.560468741717,12086.066707474947,15.0,19.0,1.0,0.5542020660332284,0.9104247969414409,44.0
2025-12-26 15:59:26.283,2,2025-12-26 15:59:26.263,71303.03296703298,222.82197802197803,16521.40293040293,143.0,74299790.21850367,72530660.37812033,0.0146140833679772,0.0142661118474641,2.542998718303315,16521.40293040293,14682.598290598293,11176.431013431013,6772.819291819293,4607.853479853478,1.125237005290879,2.0,4.0,8619.732607134845,8516.493432048212,15.0,19.0,1.0,0.7539806200244068,0.7510666952707749,20.0
2025-12-26 15:59:26.953,2,2025-12-26 15:59:26.897,79102.24175824175,247.19450549450548,15365.819291819293,139.0,54862528.01327653,67525269.06893566,0.008767953389709,0.0107916720804537,2.9702330319321755,15365.819291819293,9244.076923076924,6574.015873015873,6121.598290598291,6073.013431013431,1.662234035878518,2.0,4.0,7406.924328847739,8217.376045243132,15.0,19.0,1.0,0.5483855178479009,0.8758218293889363,56.0
2025-12-26 15:59:27.585,2,2025-12-26 15:59:27.530,131808.88888888888,411.9027777777777,30529.59829059829,154.0,321056653.4419426,213158275.27484056,0.0184795876549203,0.012269102633705,2.589526356482017,30529.59829059829,16299.431013431013,15882.402930402932,15872.819291819293,14666.015873015873,1.8730468729515464,1.0,0.0,17918.053840803765,14599.940933950404,15.0,19.0,1.0,0.7074656966259233,0.7287642003611198,55.0
2025-12-26 15:59:28.194,2,2025-12-26 15:59:28.164,83983.28205128206,262.44775641025643,22439.43101343101,151.0,77795175.38261475,131781740.90614831,0.0110297832651457,0.0186839869355604,2.7482049296789164,22439.43101343101,12834.598290598293,8436.162393162393,7876.258852258852,4350.076923076923,1.748354759951216,2.0,4.0,8820.157333212075,11479.62285557101,15.0,19.0,1.0,0.6660435994674596,0.4029376711232149,30.0
2025-12-26 15:59:28.856,2,2025-12-26 15:59:28.798,62325.36752136752,194.76677350427352,10388.598290598293,126.0,40486053.41813804,42719385.64698137,0.0104225922445325,0.0109975337170292,3.182629258897004,10388.598290598293,7745.402930402931,5942.4310134310135,5661.015873015873,4019.641025641026,1.3412598910534037,1.0,0.0,6362.865189373262,6536.006857935614,15.0,19.0,1.0,0.5416267962080668,0.6801734824351894,58.0
2025-12-26 15:59:29.513,2,2025-12-26 15:59:29.431,757693.995115995,2367.793734737485,278851.431013431,137.0,11738213454.775206,12309287938.189064,0.020446280378297,0.0214410100319839,2.148254650362999,278851.431013431,155468.25885225885,74303.19658119658,48162.59829059829,47677.76434676435,1.793622911017619,2.0,3.0,108343.0360234344,110947.23042144434,15.0,19.0,1.0,0.7977669784643221,0.1544383394830629,82.0
2025-12-26 15:59:30.151,2,2025-12-26 15:59:30.065,85286.16483516483,266.5192651098901,20225.59829059829,158.0,114169537.42441791,118823998.68836944,0.0156961474788189,0.0163360476840887,2.580674221439282,20225.59829059829,17897.40293040293,10204.819291819293,9198.431013431013,5417.015873015873,1.130085653725728,2.0,4.0,10685.014619756865,10900.642122754489,15.0,19.0,1.0,0.7380243621098338,0.7836960416922213,86.0
2025-12-26 15:59:30.823,2,2025-12-26 15:59:30.910,70433.0061050061,220.10314407814408,13952.853479853478,149.0,45697571.80496144,71239629.53884815,0.0092117188551103,0.0143604881558025,2.853291353006558,13952.853479853478,11996.641025641024,9499.015873015873,3949.234432234433,3558.7008547008545,1.163063348318098,2.0,3.0,6759.997914567833,8440.357192610283,15.0,19.0,1.0,0.609890845797534,0.8388983568448407,87.0
2025-12-26 15:59:31.436,2,2025-12-26 15:59:31.333,39171.45543345544,122.41079822954823,6049.076923076923,146.0,10150382.00438921,25070914.086440463,0.0066151998715309,0.0163391986205117,3.113339063854977,6049.076923076923,5313.598290598291,3698.015873015873,3019.8571428571427,2886.641025641026,1.138414421311981,3.0,4.0,3185.9664160799325,5007.086386956037,15.0,19.0,1.0,0.5352670464544733,0.8905951550401746,103.0
2025-12-26 15:59:32.054,2,2025-12-26 15:59:31.966,55017.732600732605,171.9304143772894,6047.0,139.0,13662825.324052684,46498204.74146162,0.0045137254527912,0.0153614003892115,3.256248268729174,6047.0,5330.924297924298,5172.402930402931,4897.383394383394,4431.372405372405,1.1343248678945572,1.0,0.0,3696.325922325125,6818.959212479689,15.0,19.0,1.0,0.4703771276051817,0.9069579143125698,88.0
2025-12-26 15:59:32.715,2,2025-12-26 15:59:32.811,54346.01587301587,169.8312996031746,8214.924297924297,137.0,16080392.869237464,39756624.41769965,0.0054445404965869,0.013460899457491,3.1563468764330427,8214.924297924297,5483.015873015873,3801.076923076923,3635.857142857143,3532.3833943833943,1.4982492278294772,1.0,0.0,4010.036517195008,6305.285435069506,15.0,19.0,1.0,0.4538926586429875,0.9024885919008334,96.0
2025-12-26 15:59:33.369,2,2025-12-26 15:59:33.445,83463.08913308912,260.8221535409035,29227.01587301588,148.0,110885611.22323836,106415336.24840924,0.0159179188088455,0.0152761991725684,2.5660595752464097,29227.01587301588,8170.598290598291,7942.641025641025,5569.2344322344325,5519.0,3.5770961725829933,2.0,4.0,10530.223702430938,10315.780932552285,15.0,19.0,1.0,0.6760891575856823,0.935918299813598,76.0
2025-12-26 15:59:33.975,2,2025-12-26 15:59:34.079,90448.81074481072,282.6525335775335,23218.59829059829,151.0,145397606.92475784,116249396.14263198,0.01777262333201,0.0142097024422539,2.5960765661026413,23218.59829059829,17059.015873015873,8972.136752136752,6232.4310134310135,6004.819291819293,1.3610748980733611,2.0,4.0,12058.093005312152,10781.901323172642,15.0,19.0,1.0,0.6797988908276298,0.8132519482008879,104.0
2025-12-26 15:59:34.617,2,2025-12-26 15:59:34.712,48467.6105006105,151.4612828144078,8718.136752136752,140.0,19027740.383534376,31552535.052000828,0.0080999809781766,0.0134317017461317,2.987323620112569,8718.136752136752,5186.598290598291,5185.076923076923,3786.015873015873,3431.641025641026,1.680896854483289,2.0,3.0,4362.079823150234,5617.164324817357,15.0,19.0,1.0,0.5427845233702403,0.8053941490273678,95.0
2025-12-26 15:59:35.270,2,2025-12-26 15:59:35.346,43170.46886446887,134.9077152014652,9034.598290598293,152.0,20701109.63278013,26243214.7949954,0.0111075964873542,0.0140813244142327,2.8976695922621163,9034.598290598293,7174.136752136752,4774.015873015873,3208.8534798534783,3051.641025641026,1.2593289761177409,2.0,4.0,4549.847209828055,5122.8131719784005,15.0,19.0,1.0,0.6310620694617274,0.8455458432755837,76.0
2025-12-26 15:59:35.872,2,2025-12-26 15:59:35.769,110852.5970695971,346.4143658424909,37672.43101343101,159.0,201645036.4157712,237322714.7702573,0.016409516750742,0.0193129031717119,2.3392661435643443,37672.43101343101,26953.162393162394,8433.196581196582,6062.168498168498,4081.5982905982905,1.3976998492387125,2.0,6.0,14200.177337476143,15405.282041243428,15.0,19.0,1.0,0.7505693053300193,0.2216213773943503,103.0
2025-12-26 15:59:36.498,2,2025-12-26 15:59:36.402,84668.4590964591,264.5889346764347,18309.24664224664,155.0,70902700.26224704,100506825.85500012,0.0098905276905828,0.0140201366172899,2.944081299330554,18309.24664224664,12108.404151404153,7779.372405372405,5034.1623931623935,4762.857142857143,1.5121106310381869,1.0,0.0,8420.37411652517,10025.309264805755,15.0,19.0,1.0,0.566846772070868,0.390701745692899,96.0
2025-12-26 15:59:37.136,2,2025-12-26 15:59:37.036,71265.05128205128,222.70328525641025,21892.59829059829,143.0,70511641.33813012,92444431.33462402,0.0138837767016193,0.0182023537901115,2.5053556776214583,21892.59829059829,10742.015873015873,9076.853479853478,4877.819291819293,4409.402930402931,2.038034438730521,2.0,3.0,8397.121014855635,9614.80271948541,15.0,19.0,1.0,0.7156199139441805,0.922285028681973,100.0
2025-12-26 15:59:37.748,2,2025-12-26 15:59:37.670,69179.12576312576,216.184768009768,19704.3833943834,155.0,64244823.70106903,79806050.77288805,0.013424187296058,0.0166757617379241,2.567799843485102,19704.3833943834,8760.136752136752,7570.924297924298,6668.641025641025,5955.442002442002,2.2493237208397345,1.0,0.0,8015.286875781117,8933.423239323662,15.0,19.0,1.0,0.7033845388439923,0.9608521729013092,78.0
2025-12-26 15:59:38.380,2,2025-12-26 15:59:38.303,31091.594627594623,97.1612332112332,6068.598290598291,120.0,7406465.865505933,14963722.575525053,0.0076616980474362,0.0154793833011808,2.9690177006958365,6068.598290598291,2902.015873015873,2806.136752136752,2802.924297924298,2197.670329670329,2.0911664705298483,2.0,4.0,2721.4822919699354,3868.297115724832,15.0,19.0,1.0,0.539610326980613,0.8734924608906657,77.0
2025-12-26 15:59:39.049,2,2025-12-26 15:59:39.148,41381.08302808304,129.31588446275947,6743.0,103.0,18049685.13560739,19046055.82119567,0.0105406143634139,0.0111224726662536,3.267326432911144,6743.0,6049.853479853478,3410.402930402931,2769.5982905982905,1994.7008547008545,1.1145724474904464,1.0,0.0,4248.492101394022,4364.178710959906,15.0,19.0,1.0,0.5066942192239274,0.7184627518953399,99.0
2025-12-26 15:59:39.635,2,2025-12-26 15:59:39.571,33906.63736263737,105.95824175824175,7897.598290598291,125.0,9631686.914924055,20085729.42728866,0.0083778564404809,0.0174710161501853,2.856676286071337,7897.598290598291,5793.136752136752,2043.4310134310133,1953.4700854700848,1602.402930402931,1.363268058135165,2.0,5.0,3103.4959183031087,4481.710547022048,15.0,19.0,1.0,0.5689163117453434,0.7531163286271468,64.0
2025-12-26 15:59:40.237,2,2025-12-26 15:59:40.204,27823.82417582418,86.94945054945056,4509.0,125.0,5450571.042162744,16529488.41961957,0.0070405788068569,0.0213513712517695,2.9712087469933417,4509.0,4062.136752136752,4020.5982905982905,2778.402930402931,1528.076923076923,1.1100069434213609,1.0,0.0,2334.645806575966,4065.6473555412513,15.0,19.0,1.0,0.6073289850248897,0.8191351988299364,33.0
2025-12-26 15:59:40.890,2,2025-12-26 15:59:40.838,33866.1391941392,105.831684981685,6028.404151404151,140.0,7094683.679466493,13555804.834120557,0.0061858823928554,0.0118193591473379,3.066653632934347,6028.404151404151,4778.246642246642,4290.598290598291,2334.133089133089,1918.1684981684984,1.2616351985900096,1.0,0.0,2663.5847423099744,3681.820858504737,15.0,19.0,1.0,0.5713538989675769,0.4492201358158946,52.0
2025-12-26 15:59:41.530,2,2025-12-26 15:59:41.472,34874.06593406593,108.98145604395604,9976.598290598293,143.0,14100816.922490183,22041104.573653214,0.0115941550878892,0.0181229205470877,2.736492871659397,9976.598290598293,6201.136752136752,2530.402930402931,2427.015873015873,1607.8192918192926,1.608833781509334,1.0,0.0,3755.105447586018,4694.795477297516,15.0,19.0,1.0,0.652145728604491,0.8310281263194806,58.0
2025-12-26 15:59:42.159,2,2025-12-26 15:59:42.106,25792.670329670327,80.60209478021977,3469.076923076923,146.0,4137227.385625938,8347465.278223878,0.0062189458644079,0.0125476387521411,3.160582753008744,3469.076923076923,2850.948717948718,2718.6898656898657,2113.5982905982905,1982.404151404152,1.2168149154123462,2.0,4.0,2034.017548013276,2889.198033749829,15.0,19.0,1.0,0.5092422684753216,0.6070349088298838,53.0
2025-12-26 15:59:42.808,2,2025-12-26 15:59:42.739,22211.16361416361,69.40988629426128,2222.6898656898657,157.0,2232429.8051542323,4180955.861295047,0.0045251730251491,0.0084748683426418,3.638330614879132,2222.6898656898657,2065.076923076923,1151.8534798534783,1136.3724053724054,1116.2222222222222,1.0763230370987955,1.0,0.0,1494.131789754248,2044.7385801845296,15.0,19.0,1.0,0.3463220131028784,0.6355946472923079,69.0
2025-12-26 15:59:43.415,2,2025-12-26 15:59:43.373,39051.43101343101,122.03572191697192,10356.598290598293,155.0,14031976.51977658,24779692.15813813,0.0092012100143644,0.0162488264797893,2.890505570319553,10356.598290598293,4584.136752136752,2637.3833943833943,2488.076923076923,2330.015873015873,2.2592254224895507,1.0,0.0,3745.927991803444,4977.920465228239,15.0,19.0,1.0,0.5735055195674621,0.872994231144767,42.0
2025-12-26 15:59:44.027,2,2025-12-26 15:59:44.007,31511.60195360196,98.47375610500612,4460.853479853478,153.0,5722016.525250958,10635568.605789376,0.0057624629200949,0.0107107467191907,3.368889528354572,4460.853479853478,3004.8192918192926,2790.076923076923,2383.6898656898657,1527.4420024420024,1.4845663071975064,1.0,0.0,2392.073687253584,3261.221949789584,15.0,19.0,1.0,0.4495766855566592,0.8524440985396429,20.0
2025-12-26 15:59:44.690,2,2025-12-26 15:59:44.640,33959.59951159951,106.12374847374846,5014.0,132.0,11467525.353958784,15300675.611470165,0.0099436216016334,0.0132673897666402,3.209421919174061,5014.0,3634.5982905982905,3259.8534798534783,3042.7008547008545,2773.136752136752,1.3795197155538383,0.0,0.0,3386.373481168134,3911.607803892175,15.0,19.0,1.0,0.5219228033367945,0.7659404020693472,50.0
2025-12-26 15:59:45.301,2,2025-12-26 15:59:45.274,26073.492063492064,81.4796626984127,7449.598290598291,128.0,7499577.41232344,10960650.438059827,0.0110315970687469,0.0161227056667718,2.706377623584067,7449.598290598291,4470.136752136752,1422.7008547008545,1413.076923076923,1389.015873015873,1.666525814235028,2.0,4.0,2738.5356328380026,3310.6873059924924,15.0,19.0,1.0,0.6191931887840042,0.7095947914671277,27.0
2025-12-26 15:59:45.920,2,2025-12-26 15:59:45.908,44575.91330891331,139.2997290903541,3777.076923076923,121.0,6738739.136884816,23445306.293343578,0.0033913931956078,0.0117992773747498,3.4071358224105195,3777.076923076923,3517.5982905982905,3463.6898656898657,3352.8534798534783,3047.8192918192926,1.0737658513114143,1.0,0.0,2595.908152628828,4842.03534614769,15.0,19.0,1.0,0.3849396810363587,0.721049983109014,12.0
2025-12-26 15:59:46.522,2,2025-12-26 15:59:46.541,45885.068376068375,143.39083867521367,8791.853479853478,148.0,20347735.907260075,23638093.0845093,0.009664365045138,0.0112271538013299,3.123256734220325,8791.853479853478,3827.404151404152,3799.0,3465.2466422466423,3431.3724053724054,2.297079987391907,2.0,3.0,4510.846473474804,4861.902208447769,15.0,19.0,1.0,0.508114676604387,0.6577414275849821,19.0
2025-12-26 15:59:47.169,2,2025-12-26 15:59:47.175,60133.7094017094,187.91784188034188,12031.853479853478,134.0,41285649.971954346,48430927.20096077,0.0114172927570058,0.0133932752596175,2.558364019522517,12031.853479853478,11009.598290598293,8054.136752136752,7901.7008547008545,3219.015873015873,1.0928512705251976,1.0,0.0,6425.391036501541,6959.233233694698,15.0,19.0,1.0,0.7020405970349881,0.7463088565270417,6.0
2025-12-26 15:59:47.817,2,2025-12-26 15:59:47.809,97453.99389499388,304.54373092185585,13696.598290598293,144.0,74226573.21127397,184496459.32165852,0.0078155604524027,0.0194262400741365,2.7715755249837306,13696.598290598293,13542.641025641024,12822.136752136752,9725.015873015873,8305.383394383394,1.0113683338917985,1.0,0.0,8615.48450241041,13582.947372409955,15.0,19.0,1.0,0.5960943519499908,0.9636086510799696,8.0
2025-12-26 15:59:48.432,2,2025-12-26 15:59:48.443,52899.6971916972,165.31155372405374,8037.136752136752,158.0,23314031.16975467,35845597.75807261,0.0083312659970287,0.0128094196825312,3.1769234168608245,8037.136752136752,5716.598290598291,5541.1623931623935,5231.4310134310135,3569.076923076923,1.4059299505710396,1.0,0.0,4828.460538282846,5987.119320514049,15.0,19.0,1.0,0.5311071114564815,0.6026433512109752,11.0
2025-12-26 15:59:49.072,2,2025-12-26 15:59:49.076,108987.23076923077,340.5850961538461,28102.07692307692,119.0,126709707.52441794,180764603.0466969,0.0106674017800975,0.0152181603603447,2.786722277236344,28102.07692307692,13496.853479853478,12759.857142857143,6826.67032967033,5250.689865689866,2.0821206190777968,1.0,0.0,11256.54065529983,13444.87274193017,15.0,19.0,1.0,0.6095773538995484,0.8087382104401668,4.0
2025-12-26 15:59:49.677,2,2025-12-26 15:59:49.710,81184.84004884005,253.7026251526252,13441.598290598293,157.0,41871946.72409435,93591092.50676136,0.0063529183547576,0.0141998788197227,3.144652509263334,13441.598290598293,13293.924297924295,7356.857142857143,5181.136752136752,5176.67032967033,1.011108382247674,2.0,3.0,6470.85363179344,9674.248937605513,15.0,19.0,1.0,0.5475183148287961,0.8719478744475185,33.0
2025-12-26 15:59:50.303,2,2025-12-26 15:59:50.344,71761.74236874236,224.25544490231988,14606.015873015873,144.0,43632612.46150048,86885280.37667966,0.0084727670705773,0.0168717548861637,2.75679724400318,14606.015873015873,9524.819291819293,8688.598290598291,5828.076923076923,5378.641025641025,1.5334690796243453,2.0,4.0,6605.498653508339,9321.227407196957,15.0,19.0,1.0,0.6135044934935623,0.906741694258326,41.0
2025-12-26 15:59:50.939,2,2025-12-26 15:59:50.977,23285.69230769231,72.76778846153846,1969.948717948718,136.0,2197522.2251632623,4403431.980317266,0.0040527980840944,0.0081210649380095,3.553810717903511,1969.948717948718,1934.4310134310133,1801.2588522588524,1608.076923076923,1160.8192918192926,1.018360801843065,2.0,5.0,1482.4042043799195,2098.435603090375,15.0,19.0,1.0,0.3639374207368924,0.4722779351372474,38.0
2025-12-26 15:59:51.555,2,2025-12-26 15:59:51.611,52773.13186813187,164.91603708791212,17770.59829059829,139.0,46351047.80243926,43079653.1707028,0.0166430845353232,0.0154684380065876,2.439424089865634,17770.59829059829,8969.015873015873,6482.402930402931,3974.700854700856,3051.258852258852,1.9813320148156748,2.0,4.0,6808.160383131353,6563.509211595791,15.0,19.0,1.0,0.7626603799362645,0.7472411163087783,56.0
2025-12-26 15:59:52.150,2,2025-12-26 15:59:52.245,63072.79365079365,197.1024801587301,10221.598290598293,153.0,25679286.729407325,56386756.432484135,0.0064550382750427,0.0141740179473279,2.935895208855233,10221.598290598293,6305.853479853478,5661.819291819293,5263.372405372405,5199.857142857143,1.620969837509478,0.0,0.0,5067.473406877171,7509.111560796266,15.0,19.0,1.0,0.5176954867622109,0.7771487866278695,95.0
2025-12-26 15:59:52.802,2,2025-12-26 15:59:52.879,99490.17338217338,310.9067918192918,20328.24664224664,142.0,90998763.82634003,143879928.44408825,0.0091933780016891,0.0145358300862941,2.854347631778192,20328.24664224664,17666.404151404153,7799.372405372405,6074.857142857143,6058.598290598291,1.1506725685673715,1.0,0.0,9539.327220844249,11994.995975159318,15.0,19.0,1.0,0.5822432172266923,0.4495459586807676,77.0
2025-12-26 15:59:53.427,2,2025-12-26 15:59:53.512,38133.08913308913,119.16590354090354,10549.598290598293,156.0,16545887.355837625,24265515.833771195,0.0113785280953887,0.0166872799098472,2.8257361930081646,10549.598290598293,5950.136752136752,3766.015873015873,2564.641025641026,1770.3724053724054,1.773000979651107,1.0,0.0,4067.663623732624,4926.004043215068,15.0,19.0,1.0,0.6451290704748319,0.8455704268194841,85.0
2025-12-26 15:59:54.034,2,2025-12-26 15:59:53.935,58997.31990231991,184.36662469474973,11706.598290598293,150.0,24335111.185727805,56311398.53185067,0.006991474346435,0.0161782576312294,2.903009915152243,11706.598290598293,8331.853479853478,5004.136752136752,4492.819291819293,3826.402930402931,1.405041305503461,1.0,0.0,4933.063063222262,7504.092119094133,15.0,19.0,1.0,0.5654801065547779,0.8741924598507618,99.0
2025-12-26 15:59:54.673,2,2025-12-26 15:59:54.568,108272.01343101342,338.35004197191694,22070.01587301588,109.0,104799456.80245195,191100637.9926377,0.0089397753532291,0.0163015804245369,2.883226579914705,22070.01587301588,16005.598290598293,10702.924297924295,10285.383394383394,6294.857142857143,1.378893526646764,2.0,2.0,10237.16058301578,13823.915436396364,15.0,19.0,1.0,0.6036534920487314,0.8974352786376751,105.0
2025-12-26 15:59:55.331,2,2025-12-26 15:59:55.413,115154.26251526253,359.85707036019534,30392.13675213676,158.0,176117201.37573498,269451321.79894453,0.0132813352377657,0.0203198398970468,2.5507849995469,30392.13675213676,26925.59829059829,8995.431013431013,8525.162393162393,5315.372405372405,1.128745085777639,1.0,0.0,13270.915619343488,16414.972488522315,15.0,19.0,1.0,0.6960550057283081,0.7968344549357999,82.0
2025-12-26 15:59:55.943,2,2025-12-26 15:59:56.047,152747.94871794875,477.3373397435898,23510.43101343101,122.0,164498082.75887403,287630796.8904398,0.0070503400962638,0.0123277724957411,3.0645410232071444,23510.43101343101,21265.07692307692,12780.689865689868,11095.258852258852,10234.598290598293,1.1055888064019332,2.0,4.0,12825.680596322132,16959.68150910977,15.0,19.0,1.0,0.5164459202703838,0.5444939699315484,104.0
2025-12-26 15:59:56.579,2,2025-12-26 15:59:56.681,125316.463980464,391.61394993895,14788.857142857143,112.0,87566923.63913152,161035388.9339481,0.0055760136534687,0.010254277415155,3.2128299289528752,14788.857142857143,12866.404151404153,11314.0,10508.853479853478,9817.076923076924,1.149416493437449,1.0,0.0,9357.720002176358,12689.971983182157,15.0,19.0,1.0,0.4731636196376794,0.767265553550846,102.0
2025-12-26 15:59:57.235,2,2025-12-26 15:59:57.314,117017.7741147741,365.6805441086691,20020.07692307692,126.0,92680358.10961218,170766985.31531638,0.0067683691545861,0.0124709703286091,3.0432565306899955,20020.07692307692,19504.59829059829,9742.431013431013,6644.246642246642,6551.258852258852,1.0264285695504982,2.0,4.0,9627.06383637359,13067.78425423822,15.0,19.0,1.0,0.5337873856696864,0.5614554532102644,79.0
2025-12-26 15:59:57.851,2,2025-12-26 15:59:57.948,97802.73748473747,305.63355463980463,35205.59829059829,150.0,183223509.9307575,167617351.65811157,0.0191548685889397,0.0175233426400934,2.427576987001044,35205.59829059829,14701.015873015873,13897.136752136752,7463.641025641025,3439.431013431013,2.3947731636163154,2.0,4.0,13536.007902286312,12946.712001821605,15.0,19.0,1.0,0.7638520646365392,0.8661154828583755,97.0
2025-12-26 15:59:58.484,2,2025-12-26 15:59:58.582,91865.70940170942,287.080341880342,21102.01587301588,141.0,58273458.73318516,146102692.5502596,0.0069050039220745,0.0173121638395334,3.043480620462917,21102.01587301588,8212.819291819293,8148.598290598291,5898.924297924298,5326.076923076923,2.569399754604708,2.0,4.0,7633.705439246733,12087.29467458536,15.0,19.0,1.0,0.5299957404512043,0.9420710801305447,98.0
2025-12-26 15:59:59.166,2,2025-12-26 15:59:59.216,26528.10866910867,82.90033959096459,5357.015873015873,135.0,6122204.532767443,9811452.882303605,0.0086995193563798,0.013941860943549,3.0055530987134493,5357.015873015873,4794.598290598291,1948.857142857143,1338.3724053724054,1242.924297924298,1.1173023365730776,2.0,3.0,2474.308900029954,3132.323878896243,15.0,19.0,1.0,0.5534419431440287,0.8951422549426696,50.0
2025-12-26 15:59:59.779,2,2025-12-26 15:59:59.849,33673.18192918193,105.22869352869353,9109.598290598293,142.0,13323022.69233863,18749948.112228736,0.0117499076737495,0.0165360492355064,2.727177556044892,9109.598290598293,6246.136752136752,2531.015873015873,2111.641025641026,1561.076923076923,1.458437215208347,2.0,4.0,3650.071600987936,4330.121027434307,15.0,19.0,1.0,0.6402563591943865,0.8783480627692433,70.0
2025-12-26 16:00:00.380,2,2025-12-26 16:00:00.483,19812.166056166054,61.91301892551892,4738.598290598291,135.0,4246843.757347717,6868201.076988463,0.010819379758033,0.017497624106821,2.879000727203839,4738.598290598291,4441.136752136752,964.8571428571428,900.1623931623932,882.4310134310134,1.066978693758384,2.0,4.0,2060.7871693476054,2620.72529597981,15.0,19.0,1.0,0.6020132053391983,0.7828052890380842,103.0
2025-12-26 16:00:01.048,2,2025-12-26 16:00:01.117,60119.92185592185,187.87475579975572,6169.853479853478,105.0,24996431.737722334,19641581.10801829,0.0069157805255139,0.0054342501978849,3.456297531817053,6169.853479853478,5186.4310134310135,4358.282051282052,4148.196581196581,3906.6898656898657,1.1896144890146152,2.0,5.0,4999.643161038829,4431.882343656958,13.0,19.0,1.0,0.3953673301242206,0.440098357747154,69.0
2025-12-26 16:00:01.666,2,2025-12-26 16:00:01.750,66036.73992673993,206.36481227106228,15834.598290598293,152.0,52173347.01881592,68042442.91455027,0.0119640287590006,0.0156030193648253,2.8803230081918514,15834.598290598293,11734.136752136752,5054.0,4346.641025641025,3774.015873015873,1.3494472260785189,2.0,4.0,7223.112003756823,8248.784329496697,15.0,19.0,1.0,0.6169806684368636,0.8046528655654436,84.0
2025-12-26 16:00:02.301,2,2025-12-26 16:00:02.384,58154.38583638582,181.7324557387057,7720.136752136752,116.0,28142308.27921138,23948266.155952256,0.0083213687776395,0.0070812369863758,3.5440350623682533,7720.136752136752,5954.641025641025,4637.015873015873,3089.0,2874.5982905982905,1.296490706810386,1.0,0.0,5304.932448128947,4893.69657375202,15.0,19.0,1.0,0.4174301145521338,0.7406625646079164,83.0
2025-12-26 16:00:02.974,2,2025-12-26 16:00:03.018,64732.5347985348,202.28917124542124,23474.59829059829,146.0,71270518.17528597,80622007.98904857,0.0170084481115377,0.0192401469027794,2.415850474636596,23474.59829059829,10104.136752136752,7817.015873015873,3639.641025641026,2854.076923076923,2.323266090557585,2.0,4.0,8442.186812389664,8978.975887541328,15.0,19.0,1.0,0.7398052465195922,0.828493034906881,44.0
2025-12-26 16:00:03.598,2,2025-12-26 16:00:03.651,91023.17460317462,284.44742063492066,23682.59829059829,157.0,122287665.2254416,143236500.84381616,0.0147597396445672,0.0172881987415172,2.661758030515058,23682.59829059829,13438.136752136752,9170.431013431013,8523.015873015873,5833.1623931623935,1.762342408580627,2.0,4.0,11058.375342944442,11968.145254959774,15.0,19.0,1.0,0.6662846531857662,0.7497121853603463,53.0
2025-12-26 16:00:04.222,2,2025-12-26 16:00:04.285,647158.575091575,2022.370547161172,270898.431013431,156.0,9683543516.51874,8481215800.542572,0.0231213340514664,0.0202505439617643,2.081479919439536,270898.431013431,108450.1623931624,60346.59829059829,58929.19658119658,25367.1684981685,2.4979071034614533,2.0,4.0,98404.997416385,92093.5166042788,15.0,19.0,1.0,0.8096803116645861,0.2284189233471058,63.0
2025-12-26 16:00:04.910,2,2025-12-26 16:00:04.919,222403.0708180708,695.0095963064713,94072.431013431,123.0,1073925035.0426655,1005093671.637078,0.0217116289215471,0.0203200597042722,2.240070115902741,94072.431013431,39796.16239316239,15714.598290598293,10019.196581196582,8707.015873015873,2.36385684840787,2.0,6.0,32770.79545941272,31703.212323628624,15.0,19.0,1.0,0.7567764398769616,0.2537589642363293,9.0
2025-12-26 16:00:05.534,2,2025-12-26 16:00:05.553,108738.91452991452,339.8091079059829,38827.43101343101,136.0,223692701.5974396,186266537.03881732,0.018918287791763,0.0157530573349549,2.533897219127208,38827.43101343101,12737.258852258852,11916.196581196582,9316.598290598293,4777.764346764347,3.0483349254178207,2.0,3.0,14956.359904650584,13647.94992073232,15.0,19.0,1.0,0.7134083452976451,0.2823357256654803,19.0
2025-12-26 16:00:06.124,2,2025-12-26 16:00:06.186,110378.778998779,344.9336843711843,16281.258852258852,137.0,64694429.10048446,162466172.0495928,0.0053100145795569,0.0133349618238101,3.028612459531649,16281.258852258852,12487.431013431013,12102.857142857143,11822.404151404153,10276.853479853478,1.3038117155358886,1.0,0.0,8043.284720839146,12746.221873543263,15.0,19.0,1.0,0.5704973837452999,0.3837932805915702,62.0
2025-12-26 16:00:06.765,2,2025-12-26 16:00:06.820,69161.17582417584,216.12867445054948,16309.598290598293,140.0,56643960.51926594,72750179.3548895,0.011842104113921,0.0152093036985648,2.758162066701114,16309.598290598293,10754.015873015873,8794.402930402932,4154.700854700855,3870.372405372405,1.51660537637117,2.0,3.0,7526.218208321225,8529.371568579334,15.0,19.0,1.0,0.6345046889551296,0.7812424422483282,55.0
2025-12-26 16:00:07.398,2,2025-12-26 16:00:07.454,194510.68498168504,607.8458905677657,64245.40293040293,129.0,789288783.9134754,734089211.4430605,0.0208616668114115,0.019402688662374,2.119966752581384,64245.40293040293,37052.819291819294,36289.59829059829,14800.853479853478,10875.015873015873,1.7338870336537555,1.0,0.0,28094.283829873213,27094.08074548868,15.0,19.0,1.0,0.8393558938988971,0.9225651046813512,56.0
2025-12-26 16:00:08.015,2,2025-12-26 16:00:08.087,144540.30280830283,451.6884462759464,40233.01587301587,158.0,396662388.3046396,338325463.063812,0.0189864207999511,0.0161940980502908,2.472724695125389,40233.01587301587,36532.819291819294,14998.431013431013,7060.2344322344325,6102.013431013431,1.1012841782518563,2.0,3.0,19916.384920578323,18393.62560953691,15.0,19.0,1.0,0.7259325738418615,0.8278605944247863,72.0
2025-12-26 16:00:08.651,2,2025-12-26 16:00:08.721,154087.6336996337,481.5238553113553,39385.258852258856,139.0,379491901.8726943,366697574.07253474,0.0159833180350932,0.0154444506461817,2.6053919823027494,39385.258852258856,30479.43101343101,20669.81929181929,12372.853479853478,5754.598290598291,1.2921914072117069,2.0,4.0,19480.551888298603,19149.34918143525,15.0,18.0,0.9473684210526316,0.7051958571820066,0.3809123745861352,70.0
2025-12-26 16:00:09.287,2,2025-12-26 16:00:09.355,92680.05128205128,289.62516025641025,20532.40293040293,143.0,105588219.64041494,158745535.1124356,0.01229257696993,0.0184811498446312,2.596183258073232,20532.40293040293,15787.431013431013,13019.258852258852,12489.598290598293,4105.076923076923,1.30055377046043,2.0,3.0,10275.612859601852,12599.425983450024,15.0,19.0,1.0,0.7114127268781113,0.5696065825051007,68.0
2025-12-26 16:00:09.922,2,2025-12-26 16:00:09.989,95434.24420024424,298.2320131257632,20445.40293040293,159.0,123132280.76649226,143749530.03243157,0.0135195876920762,0.0157833052784405,2.572041163728468,20445.40293040293,16813.59829059829,16488.819291819294,11411.015873015873,4310.700854700855,1.216004009197379,2.0,3.0,11096.49858137657,11989.559209263349,15.0,19.0,1.0,0.7279309206323524,0.8639391235328235,67.0
2025-12-26 16:00:10.580,2,2025-12-26 16:00:10.622,130904.9706959707,409.0780334249084,40602.01587301587,157.0,239701823.3110332,357193471.4671173,0.0139881107431227,0.0208444882336967,2.5148192630043376,40602.01587301587,30976.81929181929,9005.402930402932,8195.641025641025,5537.598290598291,1.3107225596831111,1.0,0.0,15482.306782615864,18899.56273216704,15.0,19.0,1.0,0.7205034072428835,0.8967357235562633,42.0
2025-12-26 16:00:11.231,2,2025-12-26 16:00:11.256,110416.23565323566,345.0507364163615,25230.40415140416,158.0,123446718.35751829,205580751.1537259,0.0101254346598609,0.0168622907990442,2.640127681799243,25230.40415140416,21617.24664224664,12060.076923076924,8722.857142857143,7223.689865689866,1.1671423548499067,1.0,0.0,11110.657872399735,14338.08743011863,15.0,19.0,1.0,0.6779281532505361,0.4158634078350419,25.0
2025-12-26 16:00:11.824,2,2025-12-26 16:00:11.890,65429.23809523809,204.46636904761905,13709.598290598293,140.0,30639110.087980453,72624309.72479695,0.0071570231320289,0.0169643916926918,2.9893004905150704,13709.598290598293,6969.136752136752,5245.076923076923,5110.4310134310135,4794.1623931623935,1.967187440595556,2.0,3.0,5535.260616084888,8521.989774976086,15.0,19.0,1.0,0.5475901357777296,0.6511388138358362,66.0
2025-12-26 16:00:12.461,2,2025-12-26 16:00:12.523,37002.96703296703,115.634271978022,5357.246642246642,150.0,6862725.561082834,13512571.214784328,0.005012143936036,0.0098688125106594,3.3229722785239884,5357.246642246642,3520.5982905982905,3256.136752136752,3212.8534798534783,2919.4041514041514,1.5216864294206969,1.0,0.0,2619.68043109896,3675.944941750941,15.0,19.0,1.0,0.4936425584457833,0.5984795794020908,62.0
2025-12-26 16:00:13.127,2,2025-12-26 16:00:13.157,97724.1978021978,305.3881181318681,23242.59829059829,137.0,118800072.17883512,145638845.75030375,0.0124397735981385,0.0152501108374812,2.7049397439480014,23242.59829059829,14894.136752136752,13941.162393162393,7960.431013431013,5844.246642246642,1.5605200004130677,1.0,0.0,10899.544585845551,12068.092050954192,15.0,19.0,1.0,0.6741684922799409,0.5567264144420341,30.0
2025-12-26 16:00:13.718,2,2025-12-26 16:00:13.791,50779.266178266174,158.68520680708178,7127.404151404151,159.0,9689577.152158093,36416289.54022557,0.00375778548087,0.0141228664525304,3.317743150579397,7127.404151404151,4880.402930402931,3845.2466422466414,3200.3724053724054,2835.6898656898657,1.4604130546274885,1.0,0.0,3112.8085633649384,6034.591083099631,15.0,19.0,1.0,0.4310640472485645,0.5183775482186331,73.0
2025-12-26 16:00:14.337,2,2025-12-26 16:00:14.424,99786.57997557998,311.83306242368747,27522.59829059829,157.0,123458943.93521744,164688907.16962892,0.0123987607961512,0.0165394122182614,2.763019355095949,27522.59829059829,12200.402930402932,11690.015873015873,6549.136752136752,5288.258852258852,2.255876174549185,2.0,5.0,11111.208032217624,12833.11759354012,15.0,19.0,1.0,0.6338569045445875,0.8028294427488015,87.0
2025-12-26 16:00:15.002,2,2025-12-26 16:00:15.058,48574.02197802198,151.79381868131867,6495.168498168498,157.0,19670609.84990472,22367624.23682528,0.0083369979486556,0.0094800740191395,3.166282217140732,6495.168498168498,5453.246642246642,5364.1623931623935,4520.402930402931,3709.5982905982905,1.1910645023551347,1.0,0.0,4435.156124636958,4729.442275451227,15.0,19.0,1.0,0.5258485444366815,0.3107904947458247,56.0
2025-12-26 16:00:15.630,2,2025-12-26 16:00:15.692,146619.20634920636,458.1850198412699,50236.258852258856,157.0,315531273.65247685,320470037.6490015,0.0146777904057994,0.0149075303677549,2.6539052854955654,50236.258852258856,14074.764346764348,11378.700854700855,9924.689865689868,8779.819291819293,3.569243336127622,2.0,6.0,17763.19998346235,17901.676950749654,15.0,19.0,1.0,0.6438053755823208,0.321800585987155,62.0
2025-12-26 16:00:16.253,2,2025-12-26 16:00:16.326,45857.5347985348,143.30479624542124,10952.136752136752,122.0,27539442.857383445,37747788.27724965,0.0130958514870956,0.0179502334816717,2.5743051884988724,10952.136752136752,7813.1623931623935,4386.402930402931,3764.258852258852,3682.4310134310135,1.401754654647905,1.0,0.0,5247.803622219818,6143.922873641046,15.0,19.0,1.0,0.6672489499450575,0.5867981637987311,73.0
2025-12-26 16:00:16.912,2,2025-12-26 16:00:16.959,182829.17948717947,571.3411858974358,38294.01587301587,157.0,454728331.2830797,409512855.5261732,0.013603823630669,0.0122511404674314,2.89023360157852,38294.01587301587,25269.59829059829,18323.43101343101,17379.689865689867,12679.819291819293,1.5154184658037038,2.0,5.0,21324.36004392816,20236.42398068821,15.0,19.0,1.0,0.6123013550055546,0.7730175991523448,47.0
2025-12-26 16:00:17.524,2,2025-12-26 16:00:17.593,628251.3821733822,1963.28556929182,153905.28205128206,108.0,7135411063.085304,4009918332.734742,0.0180780711758601,0.0101594131561104,2.625782317555202,153905.28205128206,73110.58241758242,67521.19658119658,64125.819291819294,59159.168498168496,2.1051026672476234,1.0,0.0,84471.36238445136,63323.91596178131,15.0,19.0,1.0,0.6650555186916236,0.2869420176141661,69.0
2025-12-26 16:00:18.131,2,2025-12-26 16:00:18.227,205523.0561660561,642.2595505189254,63430.21489621489,131.0,873240230.57446,569020893.9501143,0.0206734347150596,0.0134712257758027,2.444566423991988,63430.21489621489,52454.76434676435,12513.990231990232,11162.28205128205,9043.431013431013,1.2092364856868594,1.0,0.0,29550.63841229932,23854.15883970999,15.0,19.0,1.0,0.7230560177132338,0.1324966537774486,96.0
2025-12-26 16:00:18.774,2,2025-12-26 16:00:18.860,245735.3137973138,767.9228556166056,73856.40293040292,153.0,947917926.162156,1238815917.9288952,0.0156976843636444,0.0205150052843073,2.400840104246315,73856.40293040292,48305.258852258856,21890.43101343101,21252.59829059829,15335.689865689868,1.5289516024806007,2.0,6.0,30788.275790666747,35196.816872110685,15.0,19.0,1.0,0.7351014315401779,0.6655328870632998,86.0
2025-12-26 16:00:19.422,2,2025-12-26 16:00:19.494,1033383.6141636143,3229.323794261295,329354.4029304029,132.0,26363024417.841885,18179670865.028973,0.0246872144783693,0.017024049542942,1.9217279533055969,329354.4029304029,236312.8192918193,162157.0158730159,87214.0,75154.5982905983,1.3937221176464685,1.0,0.0,162366.94373499148,134832.00979377623,15.0,19.0,1.0,0.861435021984868,0.904166777043744,72.0
2025-12-26 16:00:20.053,2,2025-12-26 16:00:20.128,448259.358974359,1400.8104967948718,191930.40293040287,155.0,4771560475.905637,4493872613.502692,0.0237466144487374,0.0223646458791522,1.912018714201524,191930.40293040287,54410.0,49732.819291819294,41209.59829059829,35763.01587301587,3.527483972255089,1.0,0.0,69076.48279918164,67036.35292513079,15.0,19.0,1.0,0.8322098109437895,0.9090436003827184,75.0
2025-12-26 16:00:20.705,2,2025-12-26 16:00:20.761,641277.6178266178,2003.9925557081808,185300.40293040287,143.0,7426752176.282494,6131508453.866207,0.018059543477436,0.0149099149771672,2.161859338767276,185300.40293040287,116774.0,103090.431013431,50804.819291819294,47089.19658119658,1.5868292850326384,1.0,0.0,86178.60625632381,78303.9491588145,15.0,19.0,1.0,0.7844634458345635,0.6015305347525204,56.0
2025-12-26 16:00:21.335,2,2025-12-26 16:00:21.395,175850.46153846153,549.5326923076923,47275.258852258856,153.0,652807987.7368757,543138687.510679,0.021110495874475,0.0175640115276645,2.203160108705975,47275.258852258856,42768.40293040293,36499.43101343101,12709.598290598293,5768.196581196581,1.1053781673631544,1.0,0.0,25550.107391885376,23305.336030846647,15.0,19.0,1.0,0.8246830085013356,0.3790510540896337,60.0
2025-12-26 16:00:21.975,2,2025-12-26 16:00:22.029,151727.54212454212,474.1485691391941,70356.40293040292,152.0,501880180.8006188,576086033.3864068,0.0218007382461519,0.0250241019700882,1.898850838207085,70356.40293040292,27938.0,13250.700854700855,12123.258852258852,7243.431013431013,2.5183049227002794,0.0,0.0,22402.6824465424,24001.792295293424,15.0,19.0,1.0,0.8628083722817892,0.7433485237101217,54.0
2025-12-26 16:00:22.639,2,2025-12-26 16:00:22.663,427567.1672771672,1336.1473977411474,199051.25885225885,144.0,5431210153.958076,4199217272.977947,0.0297089915737852,0.0229699288083114,1.7039748104942232,199051.25885225885,92685.40293040292,65942.431013431,21924.59829059829,7034.0,2.147600944257894,2.0,5.0,73696.74452754392,64801.36783261559,15.0,19.0,1.0,0.9042735754217892,0.332307086197511,24.0
2025-12-26 16:00:23.284,2,2025-12-26 16:00:23.296,323925.19902319903,1012.2662469474968,168885.40293040292,141.0,3255424427.445908,2577856068.135688,0.0310254542911756,0.0245679656811823,1.727329004465579,168885.40293040292,42904.819291819294,27434.0,24258.59829059829,23356.25885225885,3.936280485922022,1.0,0.0,57056.32679594707,50772.59170197723,15.0,19.0,1.0,0.8855102357891443,0.8983067843584567,12.0
2025-12-26 16:00:23.902,2,2025-12-26 16:00:23.930,33942.36141636142,106.06987942612945,12765.402930402932,136.0,25672852.716689494,17615473.177158948,0.0222838395273925,0.0152900957992764,2.516635368287311,12765.402930402932,4756.258852258852,2074.5750915750914,2029.0,1717.1367521367522,2.683916777224536,0.0,0.0,5066.838532723289,4197.0791244815655,15.0,19.0,1.0,0.6877062364647704,0.7821316277245468,28.0
2025-12-26 16:00:24.516,2,2025-12-26 16:00:24.564,324004.6483516484,1012.5145260989012,148816.40293040292,119.0,2905227372.99757,2504594805.662442,0.0276743637933096,0.0238580527124869,1.6791697041003972,148816.40293040292,54053.819291819294,45335.0,27545.85347985348,22029.59829059829,2.753115411271644,0.0,0.0,53900.16115929126,50045.92696376442,15.0,19.0,1.0,0.9190629687185414,0.948050531254717,48.0
2025-12-26 16:00:25.181,2,2025-12-26 16:00:25.197,24266.956043956045,75.83423763736263,8389.598290598291,128.0,9514050.803548736,11297474.478038125,0.0161560377476648,0.0191845122429221,2.536113838447866,8389.598290598291,3454.136752136752,2582.015873015873,1400.4310134310135,1004.6410256410256,2.428855280673529,2.0,4.0,3084.4855006222247,3361.1715930666383,15.0,19.0,1.0,0.6935695982774143,0.858783785585583,16.0
2025-12-26 16:00:25.804,2,2025-12-26 16:00:25.831,15162.305250305251,47.38220390720391,5778.700854700855,138.0,3630949.3198035527,2834576.9855029434,0.0157939120680999,0.0123298497765084,2.462271233227684,5778.700854700855,2003.8192918192929,1714.5982905982903,1243.2588522588524,666.1807081807082,2.883843307772237,0.0,0.0,1905.5050038778568,1683.6202022733462,15.0,19.0,1.0,0.7522970820896515,0.4463535301541154,27.0
2025-12-26 16:00:26.425,2,2025-12-26 16:00:26.465,86492.34676434679,270.2885836385837,40685.40293040293,142.0,196339943.1753645,174881975.25318754,0.0262454062364042,0.0233770490594733,1.871632127820852,40685.40293040293,15220.819291819293,8336.598290598291,7217.0,4920.853479853478,2.673010049614568,1.0,0.0,14012.13556797694,13224.294886805405,15.0,19.0,1.0,0.8830917052207695,0.9478702245169492,40.0
2025-12-26 16:00:27.084,2,2025-12-26 16:00:27.098,93929.45787545784,293.5295558608058,34361.40293040293,135.0,209188256.04896656,216483049.6190021,0.0237101154031986,0.0245369323605883,1.7245158183072775,34361.40293040293,29361.59829059829,11988.258852258852,6136.4310134310135,5922.015873015873,1.170283803705755,1.0,0.0,14463.341800875984,14713.36296089382,15.0,19.0,1.0,0.9344215216921712,0.7720875690022978,14.0
2025-12-26 16:00:27.693,2,2025-12-26 16:00:27.732,311180.2356532357,972.4382364163616,146010.40293040292,127.0,2563166549.262584,2531458120.246423,0.0264699314110071,0.0261424770981182,1.6556214365964737,146010.40293040292,62046.0,36585.258852258856,25305.70085470085,15009.598290598293,2.3532605313864,0.0,0.0,50627.72510455692,50313.59776687036,15.0,19.0,1.0,0.9157296263683736,0.7869942852924886,39.0
2025-12-26 16:00:28.286,2,2025-12-26 16:00:28.366,961378.363858364,3004.307387057388,409825.40293040295,128.0,25197705828.236816,20526746308.89493,0.0272629165057624,0.0222091239007661,1.7980263783227008,409825.40293040295,190292.8192918193,105799.0,94213.5982905983,57476.85347985348,2.153656687916964,1.0,0.0,158737.8525375621,143271.58234937914,15.0,19.0,1.0,0.8920605104433377,0.9422312017208492,80.0
2025-12-26 16:00:28.935,2,2025-12-26 16:00:29.000,396138.5372405372,1237.932928876679,131176.40293040292,138.0,2548368754.51176,3445105262.911387,0.0162393291460926,0.0219537295017857,2.3390821705357583,131176.40293040292,70132.8192918193,47994.59829059829,24936.07692307692,20700.689865689867,1.8703996824166205,2.0,6.0,50481.37037077896,58695.01906389832,15.0,19.0,1.0,0.7445389922326522,0.9496263905553524,65.0
2025-12-26 16:00:29.539,2,2025-12-26 16:00:29.633,554206.2356532357,1731.8944864163616,236112.40293040287,139.0,8478273288.203896,6251367205.144524,0.0276035281857315,0.0203531762872816,1.8974627496530416,236112.40293040287,90352.8192918193,50690.59829059829,49783.0,44545.258852258856,2.613226734716604,1.0,0.0,92077.53954251762,79065.58799594501,15.0,19.0,1.0,0.8507375937575772,0.8770548553434182,94.0
2025-12-26 16:00:30.140,2,2025-12-26 16:00:30.056,436680.10134310136,1364.6253166971917,158615.25885225885,152.0,4477403453.23279,3387061236.041535,0.0234800720390381,0.0177621790516705,2.1268127618777166,158615.25885225885,86381.40293040292,45274.0,35183.431013431014,23926.764346764347,1.8362199903149587,1.0,0.0,66913.402642765,58198.46420689754,15.0,19.0,1.0,0.8000842174128433,0.4102413055809478,84.0
2025-12-26 16:00:30.770,2,2025-12-26 16:00:30.690,879741.8717948718,2749.193349358974,224608.25885225885,131.0,19400523355.16434,10364616041.844074,0.0250670322560709,0.0133919152533344,2.188797355710897,224608.25885225885,170311.76434676434,123219.70085470086,119098.99023199025,85581.40293040292,1.3188064824162264,0.0,0.0,139285.76149472114,101806.75833088918,15.0,19.0,1.0,0.8216275027826064,0.2140905375711457,80.0
2025-12-26 16:00:31.438,2,2025-12-26 16:00:31.534,1120801.1550671551,3502.50360958486,292665.4029304029,147.0,28340707506.457203,26258250682.644814,0.0225607507875258,0.0209030014382158,1.9157873490945216,292665.4029304029,276887.0,246731.25885225885,160635.70085470084,23012.81929181929,1.0569849900154284,0.0,0.0,168346.98543917324,162043.97761917848,15.0,19.0,1.0,0.8921584149056913,0.6009139561653122,96.0
2025-12-26 16:00:32.025,2,2025-12-26 16:00:31.957,1968021.791208791,6150.068097527472,756110.0,149.0,99302005247.34106,100501795195.82402,0.0256388305849887,0.0259486049057601,1.631997988799873,756110.0,633537.4029304029,171880.8192918193,163736.85347985348,107873.70085470086,1.193473339541819,0.0,0.0,315122.2068457586,317020.18105449376,15.0,19.0,1.0,0.931462641697088,0.9053262726468498,68.0
2025-12-26 16:00:32.578,2,2025-12-26 16:00:32.591,192594.08058608056,601.8565018315018,68010.40293040292,134.0,885371941.9614022,814916241.1021874,0.0238693111084011,0.0219698505952935,1.7821600778344122,68010.40293040292,41069.70085470085,34730.0,33497.258852258856,2313.5982905982905,1.6559751231452366,0.0,0.0,29755.20025073604,28546.737836435663,15.0,19.0,1.0,0.9326400914366514,0.6004781374723751,13.0
2025-12-26 16:00:33.203,2,2025-12-26 16:00:33.224,163055.19413919415,509.5474816849817,62560.40293040293,151.0,657844556.8254796,553079396.0283058,0.024743094275016,0.0208026280608533,1.849676912962832,62560.40293040293,30754.70085470085,28951.0,23643.25885225885,3725.8192918192926,2.034173677252287,0.0,0.0,25648.480594871104,23517.64010329917,15.0,19.0,1.0,0.9176965058926184,0.6494745511314122,21.0
2025-12-26 16:00:33.754,2,2025-12-26 16:00:33.858,269188.14407814405,841.2129502442001,101594.40293040292,121.0,1872458606.5482345,1739661258.4019637,0.0258404676632704,0.0240078260398235,1.5413563300927215,101594.40293040292,66647.0,52029.70085470085,40176.258852258856,961.5982905982906,1.5243657318469157,0.0,0.0,43271.91475481798,41709.24667746906,15.0,19.0,1.0,0.9711013158591196,0.6490505412897773,104.0
2025-12-26 16:00:34.261,2,2025-12-26 16:00:34.280,155766.1172161172,486.7691163003663,39410.40293040293,151.0,490232636.303048,411852523.9104498,0.0202048779536999,0.0169744512386765,2.3129712402075056,39410.40293040293,32599.0,16444.258852258852,15992.853479853478,15674.700854700855,1.2089451495567878,0.0,0.0,22141.19771609133,20294.149992311817,15.0,19.0,1.0,0.7711639621250463,0.7682282499081845,19.0
2025-12-26 16:00:34.859,2,2025-12-26 16:00:34.914,196850.34188034188,615.1573183760684,87985.0,141.0,892288075.0142685,1196526958.5703757,0.0230267551025345,0.0308780695608197,1.68676353700291,87985.0,60485.40293040293,17149.819291819294,5996.853479853478,5145.598290598291,1.4546484893427565,0.0,0.0,29871.191389267828,34590.85079280901,15.0,19.0,1.0,0.8979546202674145,0.9453121915131922,55.0
